crop_type,soil_type,weather_condition,pest_pressure,disease_name,water_stress_level,irrigation_needed,ndvi,soil_moisture_percent,temperature_celsius,humidity_percent,rainfall_mm,ph_level,nitrogen_kg_ha,phosphorus_kg_ha,potassium_kg_ha,soil_fertility_index,crop_yield,latitude,longitude,nitrogen_recommendation
Jute,Clayey,Rainy,High,Anthracnose,Low,No,0.58,47.2,21.4,72.0,177.3,7.11,64.5,53.5,37.4,56.6,3.32,28.7646,88.3384,13.4
Muskmelon,Loamy,Normal,High,None,High,Yes,0.609,10.0,29.0,93.5,21.6,6.17,103.6,25.2,45.1,62.9,2.7,31.4067,89.1622,1.8
Grapes,Clayey,Normal,High,Powdery Mildew,Moderate,Yes,0.307,24.8,36.3,81.8,65.7,5.69,3.2,127.3,201.3,84.8,3.65,32.1892,72.717,14.0
Coffee,Clayey,Normal,High,None,Low,No,0.56,50.0,26.1,53.4,124.7,7.09,90.7,38.4,31.5,63.0,5.35,9.6222,91.8323,11.1
Grapes,Clayey,Normal,High,Powdery Mildew,Moderate,Yes,0.382,19.5,36.0,81.6,69.0,6.16,10.7,125.3,204.4,85.3,3.49,24.953,94.0369,8.2
Blackgram,Silty,Normal,High,Powdery Mildew,Moderate,Yes,0.47,22.3,32.6,68.6,62.4,6.65,59.9,58.5,19.9,64.0,3.01,35.3305,87.7282,0.0
Papaya,Loamy,Rainy,High,Papaya Ring Spot Virus,Low,No,0.607,66.5,28.0,90.8,191.6,6.5,60.0,54.2,48.4,72.9,4.3,25.6601,72.4323,3.3
Papaya,Clayey,Normal,High,Papaya Ring Spot Virus,Low,No,0.608,40.5,33.2,92.4,116.2,6.56,68.1,58.1,54.2,69.1,3.64,22.0937,70.0072,3.3
Pigeonpeas,Sandy,Normal,Medium,None,Low,No,0.336,42.9,23.8,64.9,113.3,5.77,5.1,66.9,20.5,48.1,5.03,20.7049,83.0097,10.7
Blackgram,Clayey,Normal,Medium,Powdery Mildew,Moderate,Yes,0.239,11.4,30.9,60.1,60.9,7.21,22.6,55.5,20.5,50.5,2.7,11.837,95.1299,15.9
Apple,Loamy,Normal,High,Apple Scab,Low,No,0.411,30.3,20.5,93.3,110.3,5.85,9.7,131.8,199.1,84.9,4.45,32.9885,75.211,7.6
Muskmelon,Loamy,Normal,High,None,High,Yes,0.393,16.0,29.4,90.4,28.6,6.4,85.6,9.6,49.6,67.1,3.06,12.823,82.0836,11.0
Grapes,Silty,Normal,Low,Anthracnose,Moderate,Yes,0.41,32.5,20.5,84.6,67.9,6.29,36.1,124.1,195.0,94.2,4.35,9.696,89.3364,0.0
Banana,Clayey,Normal,High,None,Moderate,Yes,0.465,31.9,29.3,76.6,92.4,6.46,82.3,84.6,50.0,78.3,5.42,15.1402,85.2411,16.5
Watermelon,Loamy,Normal,High,Anthracnose,High,Yes,0.475,23.7,22.6,86.7,45.3,6.31,106.3,19.1,48.2,68.6,2.42,36.8868,70.1246,0.0
Lentil,Loamy,Normal,High,None,Moderate,Yes,0.222,31.4,20.9,62.8,45.9,6.38,5.3,63.7,15.7,61.9,3.9,27.2383,95.229,10.7
Kidneybeans,Loamy,Cool,Low,None,Low,No,0.494,43.7,17.8,17.1,121.9,5.84,35.6,73.6,16.6,53.8,5.75,9.2785,77.6731,0.0
Lentil,Clayey,Normal,Medium,None,High,Yes,0.197,11.4,24.7,61.1,48.8,7.39,6.5,66.0,22.1,47.8,2.34,34.0705,91.0875,14.9
Mango,Clayey,Normal,Medium,None,Moderate,Yes,0.252,38.2,32.8,53.8,97.4,5.52,8.4,21.2,26.0,46.5,4.01,17.6334,94.9937,12.9
Blackgram,Clayey,Normal,High,None,Moderate,Yes,0.352,18.5,33.7,68.6,72.2,6.72,30.7,74.7,16.1,65.0,4.01,17.5196,93.0662,12.2
Lentil,Loamy,Normal,Low,None,Moderate,Yes,0.245,21.6,28.1,63.3,52.5,5.56,14.0,67.7,21.8,54.3,4.32,30.8064,80.6554,9.7
Kidneybeans,Sandy,Normal,Low,None,Low,No,0.396,42.7,22.1,15.0,108.5,6.43,15.4,69.4,17.5,63.4,6.58,17.5758,77.1036,7.6
Pomegranate,Sandy,Normal,High,Bacterial Blight,Low,No,0.344,42.8,22.9,90.5,110.0,5.79,20.3,21.7,38.3,46.6,2.31,16.3205,80.4668,2.1
Jute,Sandy,Rainy,High,Stem Rot,Low,No,0.627,52.9,25.1,85.9,186.8,7.44,72.9,46.0,41.8,58.3,3.57,27.5111,74.5146,5.1
Rice,Clayey,Rainy,High,Rice Blast,Low,No,0.659,63.0,35.4,82.3,236.4,7.22,62.8,59.6,41.1,59.2,3.73,32.9528,93.6785,25.2
Blackgram,Sandy,Normal,Medium,None,Moderate,Yes,0.404,28.4,25.5,62.5,66.8,7.35,27.0,78.9,20.2,58.5,4.96,22.6386,92.0865,12.2
Mothbeans,Sandy,Normal,Low,None,Moderate,Yes,0.364,16.8,26.0,55.5,53.5,8.48,29.7,46.9,17.6,29.3,2.3,23.6644,72.0128,0.0
Pigeonpeas,Silty,Normal,Medium,Fusarium Wilt,Low,No,0.498,43.0,29.9,46.6,136.2,5.12,28.3,56.6,19.1,45.2,3.11,19.3096,93.8576,3.9
Papaya,Clayey,Normal,High,None,High,Yes,0.384,22.5,26.7,91.1,46.1,6.72,59.9,48.7,51.0,65.9,3.12,23.4896,94.3009,2.1
Coffee,Silty,Normal,Medium,None,Low,No,0.526,47.3,24.6,51.0,129.0,6.57,81.1,31.1,26.4,65.1,6.59,29.7217,69.5105,19.8
Blackgram,Clayey,Normal,High,Powdery Mildew,Moderate,Yes,0.322,12.3,32.5,69.5,60.3,6.7,46.0,74.5,21.5,66.6,3.3,12.8659,85.6102,3.2
Kidneybeans,Clayey,Normal,Low,None,Low,No,0.406,56.2,20.8,24.3,141.7,6.08,31.1,59.1,18.1,54.5,5.39,27.8435,91.3603,3.6
Coconut,Silty,Rainy,High,Root Wilt,Low,No,0.565,54.9,26.9,95.1,210.7,5.84,31.3,13.7,29.3,54.5,2.89,23.1307,86.8633,2.3
Papaya,Silty,Rainy,High,None,Low,No,0.566,65.5,33.1,91.6,236.3,6.62,61.0,46.6,53.3,70.9,6.05,13.2734,74.1515,3.6
Banana,Silty,Normal,High,None,Moderate,Yes,0.539,33.1,27.8,80.2,97.2,5.69,91.2,84.9,53.8,64.6,4.19,8.5001,76.5328,7.9
Blackgram,Loamy,Normal,High,Powdery Mildew,Moderate,Yes,0.398,17.6,30.3,64.3,65.0,7.25,32.2,69.5,19.7,52.0,2.13,23.5401,90.1035,5.5
Mungbean,Clayey,Normal,High,Powdery Mildew,Moderate,Yes,0.299,17.5,29.3,86.0,55.8,7.47,29.5,41.9,20.9,45.7,2.19,28.2251,71.6621,4.1
Apple,Silty,Normal,High,Apple Scab,Low,No,0.39,29.4,22.4,91.7,106.3,6.47,4.1,120.3,197.8,85.4,4.73,12.4001,91.5231,17.4
Chickpea,Silty,Normal,Low,None,Moderate,Yes,0.442,28.3,24.1,17.9,80.7,6.18,59.8,58.0,82.6,74.0,5.67,35.8432,70.8778,3.3
Jute,Sandy,Rainy,High,Anthracnose,Low,No,0.587,51.0,21.7,71.5,172.5,6.0,68.4,51.5,36.6,59.8,3.11,14.7693,75.6721,12.8
Coconut,Sandy,Rainy,High,Root Wilt,Low,No,0.398,55.1,27.7,96.5,208.5,6.41,26.4,28.3,29.3,57.3,3.46,28.2923,95.3376,1.5
Apple,Loamy,Normal,High,Apple Scab,Low,No,0.391,43.6,23.7,93.0,105.7,5.53,17.5,135.0,203.9,81.5,4.64,30.1302,73.0805,3.6
Muskmelon,Sandy,Normal,High,None,High,Yes,0.523,15.6,28.2,92.5,23.5,6.05,116.6,9.5,50.9,69.2,2.7,35.4106,91.5934,1.9
Muskmelon,Sandy,Normal,High,None,High,Yes,0.533,10.1,28.9,94.3,20.0,6.41,83.5,11.3,46.2,61.9,2.68,30.0397,73.9032,15.0
Pomegranate,Loamy,Normal,High,Bacterial Blight,Low,No,0.363,35.9,24.8,91.1,102.4,5.86,17.5,22.5,36.2,46.3,2.81,12.4652,95.0469,2.0
Lentil,Silty,Normal,Medium,None,High,Yes,0.344,13.5,23.5,61.4,47.0,5.88,16.6,67.1,19.7,49.8,2.6,31.7959,76.2023,2.8
Coconut,Clayey,Rainy,High,Root Wilt,Low,No,0.444,69.0,27.2,94.8,202.5,5.83,23.2,21.5,33.7,54.0,3.41,19.9125,77.2271,1.3
Grapes,Silty,Normal,High,Powdery Mildew,Moderate,Yes,0.332,26.4,39.4,82.5,70.0,5.54,15.4,136.6,203.2,84.4,3.65,28.9509,79.8894,6.2
Pigeonpeas,Silty,Hot & Dry,High,None,Low,No,0.37,38.5,31.7,45.9,126.1,4.74,3.0,74.5,17.7,41.3,3.06,26.3037,94.7069,18.6
Chickpea,Sandy,Normal,Medium,None,Moderate,Yes,0.308,36.4,28.1,14.4,92.1,7.58,37.4,57.5,81.3,54.5,4.48,24.4119,90.9831,1.3
Chickpea,Silty,Normal,Low,None,Moderate,Yes,0.403,34.5,22.5,15.8,84.1,6.2,44.4,64.6,81.8,73.5,5.71,20.8102,78.0214,2.1
Jute,Sandy,Rainy,High,Stem Rot,Low,No,0.613,47.1,23.0,90.0,155.3,7.28,98.5,52.3,39.6,60.6,3.62,15.9599,84.4119,2.8
Maize,Clayey,Normal,High,None,Low,No,0.519,26.1,28.8,70.5,100.1,5.85,96.4,53.6,23.3,59.8,4.99,9.1433,90.8697,0.0
Mango,Clayey,Hot & Dry,Medium,Powdery Mildew,Moderate,Yes,0.474,29.9,32.5,46.8,95.8,4.83,29.3,17.3,28.0,39.6,2.67,36.0541,76.5591,4.1
Kidneybeans,Silty,Cool,Low,None,Moderate,Yes,0.418,38.1,17.3,21.8,95.8,6.17,18.7,56.9,22.5,53.5,4.08,18.689,89.7213,0.8
Grapes,Silty,Cool,High,Anthracnose,Moderate,Yes,0.448,25.5,15.5,80.1,70.6,6.38,32.9,143.5,196.1,90.5,3.61,12.0535,95.4416,0.1
Apple,Silty,Normal,High,Apple Scab,Low,No,0.339,42.1,21.9,91.9,117.4,6.45,4.6,125.9,200.4,92.9,4.57,19.8354,95.5941,10.5
Mango,Loamy,Normal,Medium,None,Low,No,0.357,24.4,28.6,54.8,103.0,5.42,8.7,26.1,27.4,40.1,3.88,26.5453,96.1617,7.4
Banana,Loamy,Normal,High,None,Moderate,Yes,0.627,29.6,25.3,82.7,96.5,5.71,89.7,73.1,50.6,61.8,3.77,11.7698,75.269,7.4
Coffee,Loamy,Normal,Medium,None,Low,No,0.587,40.2,27.9,61.8,133.9,6.02,114.7,18.3,28.6,59.5,5.94,25.2163,81.1082,0.0
Cotton,Silty,Normal,High,Bacterial Blight,Moderate,Yes,0.549,23.4,22.6,79.6,62.4,7.43,101.7,54.6,23.7,61.1,2.5,10.3429,85.6406,13.1
Lentil,Clayey,Normal,Medium,None,High,Yes,0.303,26.6,22.6,66.0,45.1,6.09,25.0,69.6,22.1,54.9,2.63,17.829,81.1515,0.9
Kidneybeans,Sandy,Normal,Low,None,Moderate,Yes,0.221,24.6,24.5,21.9,68.2,5.97,12.5,62.8,17.5,56.5,4.69,24.286,77.5597,4.9
Mango,Silty,Hot & Dry,Low,Powdery Mildew,Moderate,Yes,0.312,27.4,34.2,45.5,91.2,5.22,34.9,38.5,29.2,41.1,2.28,24.1317,71.3317,0.0
Blackgram,Clayey,Normal,High,Powdery Mildew,Moderate,Yes,0.496,26.1,33.2,66.1,60.4,7.14,52.3,76.1,24.7,57.6,2.53,17.8549,68.1771,4.1
Coconut,Sandy,Rainy,High,Root Wilt,Low,No,0.432,42.4,29.9,90.9,165.7,6.03,26.3,6.7,32.4,49.6,3.18,12.5118,89.8786,0.0
Chickpea,Silty,Normal,Low,None,Moderate,Yes,0.343,23.1,21.6,12.7,68.4,7.76,30.9,71.5,79.9,56.5,4.26,19.4626,85.3804,5.3
Pomegranate,Sandy,Normal,Low,Bacterial Blight,Low,No,0.34,39.0,20.0,86.2,106.5,6.25,37.8,24.2,42.6,56.8,4.27,20.6504,81.3329,0.0
Banana,Sandy,Normal,High,None,Moderate,Yes,0.654,35.4,27.1,76.2,99.7,5.52,103.0,84.3,52.1,69.3,4.22,20.6346,79.613,0.0
Pomegranate,Clayey,Cool,Low,Bacterial Blight,Low,No,0.443,35.2,18.5,91.3,102.9,6.3,29.8,10.5,42.8,62.1,4.25,13.0315,72.4332,3.3
Chickpea,Sandy,Normal,Low,None,Moderate,Yes,0.383,34.3,26.3,17.6,92.7,6.85,27.1,74.3,79.9,69.0,5.59,26.3102,91.0936,12.5
Mango,Silty,Normal,High,None,Low,No,0.431,36.8,25.6,53.3,102.3,4.69,20.3,22.8,29.5,33.3,3.0,33.9804,81.0423,3.7
Jute,Loamy,Rainy,High,None,Low,No,0.681,48.1,29.6,79.0,191.9,7.22,67.5,50.1,40.0,60.9,5.37,23.198,85.6844,10.5
Pomegranate,Clayey,Cool,Medium,Bacterial Blight,Low,No,0.361,36.5,18.4,91.3,104.9,6.0,15.5,24.4,41.8,50.6,3.77,34.5856,76.9967,6.2
Coffee,Loamy,Rainy,High,None,Low,No,0.691,63.9,23.1,57.5,183.2,7.19,95.7,29.9,34.4,62.6,5.11,8.5287,76.9571,8.1
Banana,Loamy,Normal,High,None,Moderate,Yes,0.684,38.7,25.7,75.8,93.0,6.34,117.9,82.2,47.3,82.5,5.43,11.8004,78.9249,0.0
Cotton,Clayey,Normal,Medium,Bacterial Blight,Moderate,Yes,0.613,34.7,22.1,81.8,77.8,5.98,132.4,39.1,19.4,65.8,4.02,34.2153,73.6265,2.7
Coconut,Silty,Rainy,High,Root Wilt,Low,No,0.58,54.7,26.9,95.3,207.6,6.47,39.4,16.5,27.8,57.5,3.0,32.5309,92.6838,0.0
Mothbeans,Sandy,Normal,Low,None,Moderate,Yes,0.251,10.2,27.5,67.9,50.3,4.94,10.9,57.6,16.5,33.9,2.48,14.5116,77.2419,6.0
Jute,Loamy,Rainy,High,None,Low,No,0.592,57.8,29.2,79.4,187.9,7.25,73.4,38.7,35.4,61.8,4.77,35.2666,85.6575,6.2
Pomegranate,Clayey,Normal,High,Bacterial Blight,Low,No,0.34,39.5,22.5,91.2,112.6,5.59,9.5,8.0,37.4,45.2,2.58,25.8295,74.9764,9.3
Coffee,Silty,Rainy,Medium,None,Low,No,0.565,54.2,29.5,60.9,155.7,7.18,106.7,28.1,28.6,56.2,5.33,30.8671,77.9993,3.1
Jute,Silty,Rainy,High,Anthracnose,Low,No,0.631,61.6,21.3,77.0,182.1,6.51,64.1,49.5,42.6,74.2,3.96,28.7653,95.3645,10.9
Mungbean,Sandy,Normal,High,None,High,Yes,0.204,23.1,29.8,85.2,48.6,7.48,1.8,40.0,15.4,40.0,1.57,11.6098,78.6726,18.8
Muskmelon,Clayey,Normal,High,None,High,Yes,0.616,17.5,27.5,92.5,25.2,6.46,115.8,14.7,54.7,68.4,2.52,17.5097,76.5736,1.1
Watermelon,Silty,Normal,High,None,High,Yes,0.524,25.2,27.3,89.1,48.7,6.61,86.7,16.1,49.5,63.0,2.82,12.6396,68.9031,14.6
Coffee,Sandy,Rainy,Medium,None,Low,No,0.7,52.6,27.8,57.3,161.1,6.57,111.3,15.9,25.7,72.5,7.41,23.3543,79.543,2.5
Blackgram,Silty,Normal,High,Powdery Mildew,Moderate,Yes,0.479,18.3,30.2,69.1,71.6,6.62,58.4,55.6,16.9,65.8,3.33,21.1092,94.0617,1.1
Chickpea,Clayey,Normal,Low,None,Moderate,Yes,0.383,20.3,25.0,17.1,73.7,7.15,52.4,79.2,84.9,69.9,5.39,13.8284,72.0274,3.5
Rice,Silty,Rainy,High,Rice Blast,Low,No,0.573,47.1,39.7,80.6,159.9,7.21,81.7,49.3,39.7,61.0,3.17,36.199,86.6278,7.8
Coffee,Clayey,Normal,Medium,None,Low,No,0.61,47.0,25.5,61.8,121.6,7.15,100.7,18.2,33.3,63.0,6.26,28.5706,78.0347,4.6
Pomegranate,Clayey,Normal,High,Bacterial Blight,Low,No,0.405,31.2,21.9,86.3,108.0,5.95,33.8,11.3,41.4,57.4,3.49,25.549,92.4334,1.9
Rice,Sandy,Rainy,High,Rice Blast,Low,No,0.534,79.9,25.3,81.1,242.7,6.43,64.9,58.7,42.7,70.2,4.28,19.7767,81.1528,22.9
Mothbeans,Sandy,Normal,High,None,Moderate,Yes,0.385,31.9,28.9,42.5,63.0,8.17,17.6,47.1,17.0,32.7,2.05,21.5277,75.7567,1.7
Kidneybeans,Clayey,Cool,Low,None,Low,No,0.426,50.4,19.2,24.6,133.2,6.4,2.0,78.6,23.6,58.5,5.93,33.4932,82.4237,13.0
Grapes,Loamy,Cool,Medium,Anthracnose,Moderate,Yes,0.362,29.5,19.3,80.3,73.8,5.99,20.2,144.2,197.2,88.3,4.39,18.6076,79.6944,0.0
Maize,Loamy,Cool,Medium,None,Moderate,Yes,0.608,33.9,18.9,65.1,74.0,6.65,82.8,39.9,20.5,62.0,5.45,24.1771,78.6026,0.0
Cotton,Sandy,Normal,Low,Bacterial Blight,Moderate,Yes,0.643,30.8,20.7,78.3,78.3,6.45,120.4,47.5,15.5,70.4,4.14,32.4355,85.218,1.6
Orange,Loamy,Normal,High,Citrus Canker,Low,No,0.397,42.6,30.4,91.8,119.6,7.01,21.3,22.7,8.0,51.5,3.36,30.7042,90.5087,2.0
Maize,Loamy,Normal,Medium,None,Moderate,Yes,0.438,41.3,25.4,71.8,94.0,5.72,83.3,39.3,21.3,53.0,4.06,28.0245,79.9009,3.4
Apple,Sandy,Normal,High,Apple Scab,Low,No,0.421,37.0,20.7,91.0,116.6,5.83,34.9,138.4,195.6,83.2,4.8,28.9068,86.656,2.9
Cotton,Silty,Normal,Medium,Bacterial Blight,Moderate,Yes,0.673,37.3,21.5,84.4,90.8,7.46,119.4,58.9,17.8,60.6,3.84,28.9283,76.3459,2.5
Papaya,Sandy,Normal,High,Papaya Ring Spot Virus,Low,No,0.472,24.1,39.2,94.0,100.4,6.65,45.2,59.5,53.2,67.1,3.62,23.6188,95.0577,6.7
Pigeonpeas,Clayey,Cool,Low,None,Low,No,0.248,37.9,19.1,66.2,115.6,5.18,4.4,73.5,17.4,42.7,4.76,12.5803,86.9339,16.7
Apple,Loamy,Normal,High,Apple Scab,Low,No,0.372,37.2,21.6,93.2,102.2,6.41,19.1,125.0,204.6,94.5,4.85,35.0838,69.0539,4.6
Apple,Silty,Normal,High,Apple Scab,Low,No,0.422,36.7,21.4,90.2,115.1,5.8,7.5,138.7,203.7,83.3,4.55,13.5915,71.2668,9.2
Muskmelon,Silty,Normal,High,None,High,Yes,0.547,15.3,26.7,91.5,21.9,6.34,105.9,23.0,45.1,68.5,2.76,10.7662,96.4689,1.3
Blackgram,Loamy,Normal,Medium,None,Moderate,Yes,0.279,21.6,27.7,63.3,68.6,7.08,20.3,64.6,19.5,52.1,4.19,22.5731,93.9584,18.7
Pomegranate,Silty,Normal,High,Bacterial Blight,Low,No,0.377,48.1,20.6,87.2,107.2,6.94,27.6,21.0,44.4,54.1,3.39,30.0939,87.7299,2.2
Chickpea,Silty,Normal,Low,None,Moderate,Yes,0.35,30.9,28.8,11.1,92.1,7.99,41.0,68.2,78.6,48.9,4.18,22.176,94.0678,1.1
Maize,Loamy,Cool,Low,None,Moderate,Yes,0.499,42.6,18.7,64.2,96.2,6.71,78.1,47.8,19.6,67.6,5.67,23.6937,69.7474,5.7
Apple,Silty,Normal,High,Apple Scab,Low,No,0.413,35.2,23.8,94.9,110.5,6.15,1.3,130.2,202.7,90.4,4.95,33.3621,71.8567,19.0
Kidneybeans,Silty,Normal,Low,None,Moderate,Yes,0.242,28.9,22.3,17.2,62.0,5.5,7.1,68.4,20.3,48.2,3.83,15.9938,95.1849,13.4
Kidneybeans,Loamy,Normal,Low,None,Moderate,Yes,0.289,24.4,24.4,23.9,66.1,5.74,1.3,71.5,21.1,52.6,4.23,14.7958,74.3008,19.0
Maize,Clayey,Normal,Medium,None,Moderate,Yes,0.55,26.5,29.0,66.5,98.6,6.37,65.6,59.8,17.3,69.7,5.32,35.5071,93.5117,15.9
Jute,Clayey,Rainy,High,Stem Rot,Low,No,0.664,53.4,23.4,82.9,176.2,6.57,87.2,48.9,35.5,68.4,4.21,16.7214,88.5197,3.6
Maize,Clayey,Cool,Low,None,Moderate,Yes,0.612,41.8,19.6,59.9,92.3,5.81,82.5,59.2,20.6,56.3,4.74,25.4847,93.335,0.0
Coconut,Silty,Normal,High,Root Wilt,Low,No,0.502,49.6,29.3,93.3,131.5,6.46,29.0,19.0,29.8,55.3,3.36,19.5023,74.9406,0.3
Pomegranate,Clayey,Cool,Medium,Bacterial Blight,Low,No,0.441,36.5,19.8,90.1,101.5,6.25,15.2,18.3,38.6,58.8,3.85,33.0585,89.4963,1.9
Papaya,Sandy,Rainy,High,Papaya Ring Spot Virus,Low,No,0.607,67.6,25.6,91.6,215.0,6.69,67.4,49.5,49.2,69.9,4.13,22.2273,72.8788,3.6
Mothbeans,Loamy,Normal,High,None,Moderate,Yes,0.337,10.2,31.1,69.6,53.6,9.72,5.6,48.7,16.8,16.0,1.65,14.7116,88.5079,9.6
Orange,Sandy,Normal,High,Citrus Canker,Low,No,0.359,28.3,33.3,94.6,100.3,6.99,18.2,6.5,11.4,42.7,2.1,31.5816,87.547,5.1
Mothbeans,Clayey,Normal,High,None,High,Yes,0.234,15.9,25.5,51.1,42.0,8.8,4.3,37.4,16.5,23.5,1.19,32.5881,86.9583,16.6
Maize,Loamy,Cool,High,None,Moderate,Yes,0.454,39.0,18.7,55.2,85.0,5.76,63.7,44.5,20.5,56.1,3.48,34.1369,88.0763,15.0
Lentil,Silty,Normal,Low,None,Moderate,Yes,0.222,29.1,28.8,65.6,53.6,5.57,1.9,56.9,24.3,47.9,3.98,24.4342,92.6338,17.2
Papaya,Sandy,Rainy,High,Papaya Ring Spot Virus,Low,No,0.479,64.1,39.8,93.6,244.6,6.75,43.3,53.9,46.4,67.8,4.26,19.5044,90.4331,3.6
Lentil,Clayey,Normal,High,None,High,Yes,0.312,25.6,24.6,63.8,46.7,5.87,31.3,66.3,17.3,53.3,2.05,19.02,90.7328,0.0
Grapes,Silty,Cool,Low,None,Moderate,Yes,0.24,27.7,17.9,81.8,66.3,5.77,12.7,122.7,195.1,81.4,6.38,10.6989,85.3433,6.1
Grapes,Sandy,Normal,High,Powdery Mildew,Moderate,Yes,0.273,26.1,31.2,82.8,67.4,6.49,0.5,130.3,202.8,88.3,3.4,12.849,76.0029,15.7
Chickpea,Silty,Normal,Low,None,Moderate,Yes,0.269,25.1,22.4,16.2,69.1,6.87,34.4,78.6,82.2,72.5,5.84,31.8825,86.8801,6.6
Pomegranate,Clayey,Normal,High,Bacterial Blight,Low,No,0.38,37.6,20.2,94.6,104.4,6.95,12.8,28.7,37.0,54.1,3.38,19.3951,71.3027,7.7
Coconut,Silty,Normal,High,Root Wilt,Low,No,0.523,54.0,25.1,97.3,149.9,6.44,39.9,9.5,32.7,55.1,3.29,15.0186,87.1012,3.0
Grapes,Loamy,Normal,Low,Anthracnose,Moderate,Yes,0.289,34.6,20.8,82.5,71.9,6.42,3.0,144.8,199.8,90.9,4.71,18.2953,86.763,11.9
Jute,Clayey,Rainy,High,None,Low,No,0.614,49.0,29.7,78.6,162.9,6.02,87.1,45.0,42.5,65.7,5.33,27.7071,88.0227,0.0
Rice,Sandy,Rainy,Medium,Rice Blast,Low,No,0.625,68.8,21.7,84.2,202.2,6.83,89.0,42.4,44.2,67.5,5.0,21.121,69.9481,0.0
Kidneybeans,Silty,Normal,Low,None,Low,No,0.319,33.5,23.0,24.3,106.4,6.24,0.9,63.6,16.1,55.6,5.77,13.4052,87.0619,16.0
Cotton,Clayey,Normal,Medium,Bacterial Blight,Moderate,Yes,0.734,35.0,20.0,77.1,88.2,6.06,135.3,46.2,19.3,71.8,4.09,15.6082,93.0165,1.7
Jute,Loamy,Rainy,High,Anthracnose,Low,No,0.601,57.7,21.1,77.0,158.6,6.69,72.5,44.7,38.9,71.0,3.77,16.856,73.3083,8.8
Orange,Sandy,Normal,High,Citrus Canker,Low,No,0.449,34.7,20.6,92.4,118.4,6.81,15.5,19.9,10.7,48.1,3.07,25.9629,93.1001,8.2
Apple,Loamy,Normal,High,Apple Scab,Low,No,0.394,37.9,22.5,92.5,110.4,6.18,5.5,140.4,204.6,85.1,4.4,23.5906,72.8781,12.8
Apple,Silty,Normal,High,Apple Scab,Low,No,0.292,44.6,23.9,94.1,120.6,5.87,22.0,122.8,196.1,84.0,4.7,15.1784,93.3695,0.0
Lentil,Silty,Normal,High,None,Moderate,Yes,0.309,15.7,29.9,67.8,51.2,5.97,13.9,75.4,19.4,58.2,4.05,31.5924,91.3578,6.8
Papaya,Silty,Rainy,High,Papaya Ring Spot Virus,Low,No,0.635,64.8,35.0,91.4,220.2,6.63,41.2,48.5,48.2,61.3,3.83,11.6798,93.1163,6.8
Banana,Loamy,Normal,High,Panama Wilt,Low,No,0.616,36.3,27.4,80.8,102.4,5.77,113.1,89.0,51.8,75.1,4.13,35.1537,78.7031,4.7
Banana,Silty,Normal,High,Panama Wilt,Low,No,0.676,42.8,25.5,84.7,110.9,6.13,103.3,91.7,53.5,74.8,4.15,16.2242,83.872,0.0
Apple,Silty,Normal,High,Apple Scab,Low,No,0.476,29.8,20.2,93.1,100.4,6.34,31.5,142.4,202.6,94.3,4.91,33.5823,76.7541,4.1
Lentil,Loamy,Normal,High,None,High,Yes,0.303,24.8,26.0,66.5,47.5,5.6,3.7,64.0,15.8,46.9,1.75,10.2602,85.2167,14.6
Muskmelon,Sandy,Normal,High,None,High,Yes,0.427,15.2,29.9,92.1,20.7,6.07,80.4,22.4,53.2,59.3,2.18,30.4304,89.8416,14.6
Coffee,Clayey,Rainy,Low,None,Low,No,0.542,49.4,26.5,58.8,166.5,7.08,85.7,28.3,25.1,60.9,5.9,11.5716,89.1703,11.9
Watermelon,Sandy,Normal,Low,Anthracnose,Moderate,Yes,0.572,27.3,20.8,85.5,52.2,6.6,92.6,8.5,47.8,70.7,4.06,29.6875,76.5707,4.3
Blackgram,Silty,Normal,High,Powdery Mildew,Moderate,Yes,0.475,17.1,30.9,65.3,74.8,7.48,39.8,57.8,20.0,54.3,2.27,21.6594,96.6336,0.0
Coconut,Loamy,Rainy,High,Root Wilt,Low,No,0.398,56.2,25.3,97.9,189.7,6.01,2.7,11.6,25.4,49.9,2.99,16.0466,76.9873,15.4
Mungbean,Clayey,Normal,High,None,Moderate,Yes,0.324,18.0,28.8,87.6,51.1,6.97,39.0,38.9,18.3,59.8,4.26,11.3636,85.7566,0.0
Coffee,Clayey,Rainy,Medium,None,Low,No,0.714,64.3,27.1,64.0,195.8,6.25,109.7,33.5,26.2,69.7,7.3,15.7942,93.706,3.4
Rice,Clayey,Rainy,High,Rice Blast,Low,No,0.655,58.3,25.3,84.9,224.4,6.57,80.1,45.7,40.2,73.4,4.43,33.9338,87.5495,6.7
Orange,Silty,Cool,Low,Citrus Canker,Low,No,0.396,32.8,11.1,91.8,103.6,7.38,0.1,26.5,5.1,44.4,3.14,28.8883,75.8665,14.5
Mango,Sandy,Normal,Medium,None,Moderate,Yes,0.382,38.5,27.2,50.2,93.0,4.61,4.8,31.8,25.5,33.6,2.75,18.6987,76.4563,15.7
Cotton,Loamy,Normal,High,Bacterial Blight,Moderate,Yes,0.654,22.3,25.0,82.8,81.9,6.96,109.7,44.2,24.7,70.0,3.35,28.1104,68.2782,8.6
Coffee,Loamy,Rainy,Low,None,Low,No,0.763,54.2,22.1,69.7,196.5,6.63,95.1,33.5,28.1,65.5,6.67,28.3246,78.8023,8.8
Chickpea,Silty,Normal,Low,None,Moderate,Yes,0.335,28.0,20.9,15.9,84.9,5.69,43.2,67.6,81.4,65.9,5.23,21.13,74.7747,4.6
Pigeonpeas,Sandy,Normal,Low,None,Low,No,0.531,43.1,21.6,48.6,149.0,5.72,31.2,69.6,16.6,51.6,5.51,16.8222,88.4364,2.2
Mungbean,Silty,Normal,High,None,Moderate,Yes,0.299,29.8,27.7,83.6,51.9,6.77,33.4,43.2,15.9,53.0,3.53,10.747,70.9553,3.6
Kidneybeans,Loamy,Cool,Low,None,Low,No,0.347,44.6,16.3,23.2,116.7,5.87,0.5,75.8,24.8,51.3,4.98,26.7336,91.4697,14.3
Banana,Clayey,Normal,High,None,Low,No,0.524,31.7,29.6,79.3,104.9,6.22,84.9,93.6,45.5,72.6,6.21,9.0048,85.9561,11.8
Pomegranate,Loamy,Cool,Medium,Bacterial Blight,Low,No,0.426,34.9,18.6,88.8,109.6,6.13,20.0,27.1,39.8,60.5,4.22,23.791,82.0557,4.4
Orange,Clayey,Normal,High,Citrus Canker,Low,No,0.404,35.1,24.9,90.1,105.6,7.22,12.9,11.8,5.3,42.1,2.58,15.7293,91.6723,10.1
Maize,Sandy,Normal,High,Maize Rust,Low,No,0.503,29.1,29.8,62.8,109.6,6.9,90.6,58.7,20.8,63.7,4.02,24.3446,84.3302,0.0
Apple,Sandy,Normal,High,Apple Scab,Low,No,0.34,42.0,20.3,93.0,111.9,5.52,21.7,124.4,195.4,81.7,4.82,33.1783,69.7271,0.0
Pigeonpeas,Clayey,Hot & Dry,High,Fusarium Wilt,Low,No,0.342,32.1,39.1,44.9,133.5,7.33,31.0,76.2,23.6,50.9,3.18,35.8592,86.8262,0.0
Papaya,Silty,Normal,High,None,Low,No,0.507,27.0,26.8,92.9,104.4,6.59,57.7,58.2,52.9,72.1,5.95,34.7101,96.0584,0.0
Coconut,Sandy,Rainy,High,None,Low,No,0.495,64.5,25.4,93.5,190.4,5.82,4.2,17.4,28.3,48.2,3.72,28.1021,78.164,16.2
Rice,Clayey,Rainy,High,Rice Blast,Low,No,0.557,69.0,23.3,82.1,202.7,7.2,62.9,46.0,39.2,61.3,3.77,8.969,68.5823,21.5
Kidneybeans,Loamy,Normal,Low,None,Moderate,Yes,0.296,29.3,22.3,20.5,68.4,6.4,3.0,59.3,18.8,58.5,4.51,33.8028,72.556,12.3
Mungbean,Silty,Normal,High,None,High,Yes,0.273,14.3,29.8,85.4,42.4,6.99,39.0,45.2,20.5,56.6,1.97,10.5412,91.893,2.4
Apple,Loamy,Normal,High,Apple Scab,Low,No,0.31,37.8,21.5,90.4,107.7,6.34,8.0,120.6,196.7,90.0,4.33,33.6793,78.7126,10.7
Lentil,Clayey,Normal,High,None,High,Yes,0.321,23.6,24.8,61.5,36.9,6.89,17.6,61.6,23.4,56.3,2.26,23.1549,96.0032,4.7
Apple,Clayey,Normal,High,Apple Scab,Low,No,0.383,40.9,22.0,94.3,114.3,5.53,22.9,125.9,198.0,84.4,4.54,35.5228,72.8478,0.0
Mungbean,Loamy,Normal,High,None,Moderate,Yes,0.222,29.0,28.3,90.0,55.9,6.94,5.0,45.6,24.9,57.3,3.68,17.4577,76.0098,13.2
Rice,Loamy,Rainy,High,Rice Blast,Low,No,0.796,78.1,28.4,82.1,238.2,5.37,107.2,50.6,40.2,62.9,3.92,33.4589,75.66,2.6
Coconut,Silty,Normal,High,Root Wilt,Low,No,0.481,39.4,25.7,96.1,133.7,6.19,24.4,5.9,27.8,50.3,2.53,31.7042,76.7886,0.0
Apple,Loamy,Normal,High,Apple Scab,Low,No,0.382,45.8,21.1,91.5,119.4,6.24,34.3,137.1,204.7,94.4,4.91,19.8079,82.0493,1.6
Mango,Clayey,Normal,Low,None,Low,No,0.472,23.7,28.1,50.1,102.0,4.84,32.8,27.9,26.6,34.1,3.48,34.6229,88.4344,0.0
Muskmelon,Clayey,Normal,High,None,High,Yes,0.582,15.0,25.2,91.9,21.8,6.3,100.2,20.9,46.2,66.5,2.91,16.267,79.2104,0.0
Coconut,Silty,Rainy,High,Root Wilt,Low,No,0.541,63.9,26.1,92.1,178.8,6.15,31.2,10.4,27.2,55.4,3.29,8.2454,75.3193,3.6
Pomegranate,Loamy,Normal,High,Bacterial Blight,Low,No,0.345,35.8,24.3,93.5,103.3,6.19,28.5,22.7,37.8,57.9,3.47,32.4552,78.8527,2.5
Cotton,Clayey,Normal,Low,Bacterial Blight,Moderate,Yes,0.62,37.2,21.7,77.8,71.1,6.15,111.3,52.1,19.8,69.4,3.78,9.6465,92.8621,10.6
Grapes,Clayey,Normal,High,None,Moderate,Yes,0.322,14.7,29.0,85.0,69.2,5.76,26.4,137.0,202.2,87.2,5.0,23.5044,90.762,4.3
Coffee,Clayey,Rainy,High,None,Low,No,0.67,51.8,26.6,61.2,152.4,6.44,94.3,22.5,26.7,67.7,5.64,14.4454,74.4765,8.6
Watermelon,Clayey,Normal,High,Anthracnose,Moderate,Yes,0.593,32.7,22.9,88.5,57.3,6.47,111.5,13.3,47.6,66.8,3.24,23.3653,79.9801,4.1
Pigeonpeas,Clayey,Normal,High,Fusarium Wilt,Low,No,0.384,43.6,30.5,66.3,124.8,5.87,5.5,60.0,19.1,51.5,2.59,15.9323,90.0746,10.8
Mothbeans,Sandy,Normal,Low,None,Moderate,Yes,0.306,15.9,28.9,55.3,73.4,6.12,19.6,54.1,15.9,52.8,4.53,23.4,68.5196,0.0
Blackgram,Sandy,Normal,Medium,None,Moderate,Yes,0.253,32.2,26.0,65.0,61.0,6.81,29.1,76.9,18.1,60.7,5.35,17.9393,94.1401,9.3
Mungbean,Loamy,Normal,High,None,High,Yes,0.164,17.3,27.1,82.2,40.3,7.48,6.6,57.7,23.1,43.2,1.63,23.5073,69.409,15.7
Coffee,Loamy,Normal,Medium,None,Low,No,0.614,38.9,21.2,58.9,132.7,6.19,84.3,35.9,25.5,65.6,6.34,23.089,86.0611,15.4
Watermelon,Clayey,Normal,Medium,Anthracnose,High,Yes,0.507,16.4,21.2,81.1,44.0,6.11,113.2,7.6,52.2,66.2,2.25,9.1428,82.3943,0.0
Apple,Loamy,Normal,High,Apple Scab,Low,No,0.26,35.6,24.5,94.2,103.7,6.17,13.2,120.1,201.7,89.4,4.55,36.3414,75.6596,3.8
Mothbeans,Clayey,Normal,Medium,None,Moderate,Yes,0.446,13.7,29.4,47.0,68.3,4.25,35.0,56.3,18.6,28.0,2.29,26.0324,93.4758,0.0
Banana,Loamy,Normal,High,None,Low,No,0.593,43.2,26.4,78.9,114.0,6.35,87.3,80.0,54.6,71.7,6.17,21.9976,84.4994,11.2
Cotton,Loamy,Normal,High,Bacterial Blight,Moderate,Yes,0.678,17.9,23.4,83.4,65.2,7.45,115.2,44.0,15.3,57.4,2.52,28.4325,87.6599,7.2
Coconut,Silty,Rainy,High,Root Wilt,Low,No,0.458,60.2,29.4,95.2,188.7,6.19,29.0,10.6,34.6,54.6,3.21,36.646,69.5824,2.5
Mothbeans,Silty,Normal,Medium,None,High,Yes,0.258,19.4,25.3,60.1,44.9,5.58,20.2,46.7,20.0,48.3,2.18,20.8815,84.618,0.0
Apple,Sandy,Normal,High,Apple Scab,Low,No,0.265,30.6,23.3,90.5,113.9,5.91,17.9,123.0,200.0,85.2,4.7,21.23,77.8848,5.5
Blackgram,Sandy,Normal,High,Powdery Mildew,Moderate,Yes,0.34,25.5,31.0,67.2,66.8,6.86,53.8,63.3,22.7,57.3,2.5,23.1376,88.3608,0.0
Mothbeans,Clayey,Normal,High,None,High,Yes,0.362,10.1,27.3,40.2,35.4,4.77,19.7,55.5,22.4,40.8,1.94,9.3485,86.364,2.9
Kidneybeans,Silty,Normal,Low,None,Low,No,0.306,45.2,24.6,16.3,107.7,6.0,30.9,66.3,21.6,61.1,6.54,28.0627,73.0359,3.7
Kidneybeans,Sandy,Normal,Low,None,Low,No,0.439,43.4,20.0,18.8,142.4,6.48,15.5,70.0,23.8,68.0,6.61,25.4732,93.7067,5.2
Papaya,Clayey,Normal,High,Papaya Ring Spot Virus,Low,No,0.454,33.5,33.8,91.0,101.0,6.81,64.4,52.8,54.4,71.8,4.23,28.6002,90.0625,1.9
Coconut,Clayey,Rainy,High,Root Wilt,Low,No,0.537,62.2,28.7,98.4,210.5,5.79,22.8,21.7,29.2,44.3,2.34,29.7554,72.6671,0.0
Lentil,Clayey,Normal,High,None,High,Yes,0.284,25.0,20.4,65.4,44.1,6.22,5.9,56.6,22.8,57.2,2.3,22.8167,91.1082,14.2
Coffee,Silty,Normal,Low,None,Low,No,0.598,30.7,27.9,63.7,114.8,7.45,81.9,24.5,29.2,57.1,5.97,26.7813,89.8981,16.3
Cotton,Sandy,Normal,High,Bacterial Blight,Moderate,Yes,0.654,27.5,22.2,84.8,98.5,5.65,107.9,53.1,16.9,55.5,2.31,32.5344,68.1637,11.0
Pigeonpeas,Sandy,Normal,High,Fusarium Wilt,Low,No,0.386,36.3,35.0,55.0,123.1,7.03,1.6,78.2,21.0,50.8,2.69,9.9771,82.6491,15.6
Papaya,Loamy,Rainy,High,Papaya Ring Spot Virus,Low,No,0.595,66.2,34.3,91.7,239.6,6.65,46.1,43.7,53.8,66.5,3.78,34.2304,85.7973,5.4
Maize,Silty,Normal,Medium,Northern Corn Leaf Blight,Moderate,Yes,0.606,31.5,29.3,62.7,74.1,6.31,87.3,43.0,24.2,65.4,3.62,10.388,70.7827,4.8
Papaya,Silty,Rainy,High,Papaya Ring Spot Virus,Low,No,0.503,67.2,33.7,91.1,215.5,6.84,51.3,50.7,47.1,67.5,3.54,27.8953,68.6888,3.0
Maize,Loamy,Normal,Medium,None,Moderate,Yes,0.432,29.7,24.7,66.5,72.9,5.84,63.5,36.4,22.9,55.3,4.55,26.6013,85.9321,16.5
Coconut,Loamy,Rainy,High,Root Wilt,Low,No,0.349,64.8,27.5,92.9,187.6,6.19,1.8,26.2,28.6,51.4,2.75,29.6559,91.1063,18.5
Pomegranate,Loamy,Normal,High,None,Low,No,0.505,37.0,24.4,93.0,105.6,6.59,38.4,8.6,41.8,60.3,5.0,23.5774,95.4624,0.1
Mango,Loamy,Normal,High,None,Moderate,Yes,0.237,34.2,26.4,46.8,90.1,6.04,8.5,37.6,33.5,54.1,3.6,16.4289,69.9535,7.9
Coconut,Sandy,Rainy,High,Root Wilt,Low,No,0.435,62.3,28.3,91.0,215.5,6.12,19.5,13.3,26.3,53.1,3.13,18.5703,77.1737,1.4
Rice,Sandy,Rainy,High,Rice Blast,Low,No,0.643,70.4,32.8,81.4,251.9,5.9,78.8,54.6,42.1,62.8,3.36,25.5922,92.412,13.0
Pigeonpeas,Clayey,Rainy,Low,Fusarium Wilt,Low,No,0.512,59.3,31.8,59.1,183.5,7.18,35.7,59.9,22.3,55.9,4.05,36.9631,81.691,3.4
Mango,Clayey,Hot & Dry,High,Powdery Mildew,Moderate,Yes,0.304,16.6,33.6,46.3,86.8,5.75,15.7,37.3,30.9,47.2,1.94,24.4244,84.4086,7.5
Pigeonpeas,Sandy,Normal,Medium,None,Low,No,0.323,37.6,22.8,49.5,130.6,4.69,29.4,67.1,18.6,42.6,4.32,9.3467,96.4371,0.3
Orange,Sandy,Normal,High,Citrus Canker,Low,No,0.398,44.4,24.5,92.9,107.6,6.56,25.3,11.8,12.4,51.0,2.74,19.7694,91.6999,0.4
Apple,Loamy,Normal,High,Apple Scab,Low,No,0.338,30.6,22.2,91.1,107.0,6.01,35.5,120.2,203.8,89.0,4.83,28.8874,81.964,1.4
Mungbean,Clayey,Normal,High,None,High,Yes,0.308,24.2,27.7,81.3,38.4,6.89,23.6,51.2,19.1,52.7,2.22,19.7582,96.1081,2.5
Coffee,Clayey,Normal,High,None,Low,No,0.634,34.4,26.1,59.4,129.7,6.72,112.9,38.7,27.2,70.0,5.51,29.0014,77.9375,1.2
Coconut,Loamy,Rainy,High,Root Wilt,Low,No,0.468,61.6,25.1,95.2,195.0,6.41,2.8,14.5,26.3,50.9,2.65,21.985,71.7795,16.0
Rice,Silty,Rainy,High,Rice Blast,Low,No,0.701,72.0,30.4,81.9,229.5,5.11,113.8,54.4,41.5,59.2,3.61,30.0846,88.2045,0.0
Pigeonpeas,Loamy,Cool,High,Sterility Mosaic,Low,No,0.249,46.5,19.8,53.9,118.4,6.13,10.2,74.1,24.1,53.4,2.85,31.3243,79.8565,6.6
Watermelon,Silty,Normal,High,Anthracnose,Moderate,Yes,0.608,20.4,24.2,83.7,53.6,6.28,106.1,11.3,53.5,71.0,3.32,15.3596,76.8929,0.4
Grapes,Loamy,Normal,High,Powdery Mildew,Moderate,Yes,0.294,19.8,31.9,82.2,66.6,6.2,29.4,141.4,201.6,90.6,3.79,31.3267,91.8744,1.3
Cotton,Loamy,Normal,Low,Bacterial Blight,Moderate,Yes,0.658,36.7,20.4,75.4,99.4,6.27,117.4,36.6,17.2,70.2,3.98,13.8495,87.0496,5.7
Pomegranate,Sandy,Normal,High,Bacterial Blight,Low,No,0.359,46.2,22.9,91.2,105.4,6.51,7.8,24.6,40.1,54.8,3.08,24.9963,83.0145,12.9
Chickpea,Silty,Normal,Low,Ascochyta Blight,Moderate,Yes,0.397,41.4,23.4,15.8,89.5,6.54,56.8,68.7,82.3,74.9,4.22,11.0875,70.0992,0.1
Kidneybeans,Silty,Normal,Low,None,Low,No,0.451,53.0,23.1,20.7,146.9,6.19,32.1,78.9,23.8,65.1,6.68,8.7932,71.3718,0.0
Jute,Silty,Rainy,High,None,Low,No,0.679,48.4,28.0,78.2,176.8,6.53,91.5,40.5,42.0,69.2,5.51,24.082,73.1761,0.2
Mungbean,Clayey,Normal,High,None,High,Yes,0.389,23.6,29.0,89.1,40.0,6.75,35.8,41.7,24.5,56.3,2.24,30.5892,71.4765,0.0
Coffee,Sandy,Normal,High,None,Low,No,0.703,49.7,29.6,67.0,138.4,6.56,99.7,15.2,33.6,68.5,5.79,22.8229,79.5385,3.5
Pigeonpeas,Silty,Rainy,Medium,None,Low,No,0.307,58.7,29.9,50.1,165.5,5.68,2.2,75.0,19.8,52.4,4.95,14.1118,84.8492,14.5
Cotton,Sandy,Normal,Medium,Bacterial Blight,Moderate,Yes,0.636,25.7,21.3,84.6,67.4,6.19,134.5,39.7,17.6,72.0,3.88,11.803,84.7009,0.0
Kidneybeans,Clayey,Normal,Low,None,Low,No,0.403,32.1,23.6,17.0,126.5,6.3,28.8,75.1,20.6,61.9,6.47,30.7747,76.701,1.9
Coconut,Sandy,Normal,High,None,Low,No,0.394,39.3,26.1,92.5,139.1,6.34,1.9,7.5,26.6,50.8,3.86,33.1537,95.9304,13.9
Coconut,Silty,Rainy,High,Root Wilt,Low,No,0.467,52.7,26.4,93.3,203.6,6.01,26.0,18.5,34.8,54.0,3.42,26.5768,94.9284,1.0
Cotton,Silty,Normal,Medium,Bacterial Blight,Moderate,Yes,0.576,31.6,20.8,77.3,71.7,6.13,122.9,56.2,15.7,66.8,3.86,21.0584,72.8522,4.0
Pigeonpeas,Loamy,Hot & Dry,Medium,Fusarium Wilt,Low,No,0.297,37.9,33.4,33.2,101.3,5.0,29.1,71.6,24.4,44.7,3.63,11.0139,85.925,0.0
Grapes,Silty,Normal,High,None,Moderate,Yes,0.333,30.6,28.0,80.7,65.3,6.34,12.4,126.2,197.8,88.0,5.25,15.9,80.9005,10.9
Papaya,Loamy,Rainy,High,Papaya Ring Spot Virus,Low,No,0.442,46.5,33.8,92.8,174.3,6.76,37.1,49.9,51.3,63.9,3.61,12.5158,68.3061,12.0
Pigeonpeas,Loamy,Normal,High,Fusarium Wilt,Moderate,Yes,0.316,21.0,38.3,67.9,91.0,5.93,13.8,66.7,15.1,51.1,2.32,24.2561,79.4478,4.1
Jute,Sandy,Rainy,Medium,Anthracnose,Low,No,0.673,63.7,24.2,74.8,195.5,7.15,75.6,44.5,37.6,58.3,3.84,11.9621,71.2003,4.7
Muskmelon,Loamy,Normal,High,None,High,Yes,0.402,10.0,25.1,90.2,21.9,6.27,90.9,20.6,46.9,68.6,2.46,14.2985,80.187,10.8
Apple,Clayey,Normal,High,Apple Scab,Low,No,0.471,27.6,21.7,94.2,101.4,6.45,39.9,131.6,202.9,95.8,4.84,11.5369,90.2762,0.0
Muskmelon,Clayey,Normal,High,None,High,Yes,0.457,20.8,28.7,90.5,22.1,6.33,89.9,29.9,47.0,72.8,3.21,23.9378,71.5421,9.5
Pomegranate,Clayey,Cool,Low,Bacterial Blight,Low,No,0.261,33.7,19.5,86.1,104.9,6.45,7.9,27.2,43.6,55.3,4.04,28.0318,87.9638,8.7
Chickpea,Loamy,Normal,Low,None,Moderate,Yes,0.323,20.9,20.1,19.7,66.8,7.78,29.9,67.5,81.9,54.5,4.31,24.1922,86.6947,8.5
Muskmelon,Clayey,Normal,High,None,High,Yes,0.551,13.8,28.6,91.3,27.1,6.02,109.3,5.5,48.8,63.5,2.83,15.9844,92.1091,4.4
Papaya,Sandy,Rainy,High,Papaya Ring Spot Virus,Low,No,0.508,60.3,36.9,92.7,202.9,6.73,36.4,48.3,49.5,67.4,4.05,27.0904,83.6297,11.6
Orange,Clayey,Cool,Low,Citrus Canker,Low,No,0.412,29.5,17.1,92.0,101.9,6.48,27.3,24.1,6.5,61.4,4.39,10.8639,84.5594,3.9
Coffee,Loamy,Normal,Medium,None,Low,No,0.68,42.5,20.5,54.4,111.2,7.08,99.6,30.6,30.9,66.2,6.37,24.1826,95.2091,1.2
Mango,Clayey,Normal,High,Powdery Mildew,Moderate,Yes,0.321,28.3,30.3,52.3,86.6,6.59,31.8,16.5,31.2,54.7,2.31,27.0494,84.5308,4.6
Papaya,Silty,Rainy,High,Papaya Ring Spot Virus,Low,No,0.628,44.3,33.9,91.8,179.7,6.73,60.0,45.4,46.1,62.5,3.32,36.9546,80.8474,0.5
Banana,Sandy,Normal,High,None,Moderate,Yes,0.539,34.0,27.1,81.3,99.7,6.33,102.0,94.9,53.4,77.6,5.02,19.5156,89.0631,4.9
Cotton,Clayey,Normal,Low,None,Moderate,Yes,0.614,38.2,20.0,84.8,72.6,5.93,100.7,38.4,23.9,65.4,5.22,12.0138,78.6454,17.6
Blackgram,Loamy,Normal,High,Powdery Mildew,Moderate,Yes,0.348,21.7,30.7,62.2,64.9,6.58,30.2,62.5,20.7,67.1,2.73,31.4419,79.0648,11.3
Banana,Silty,Normal,High,Panama Wilt,Low,No,0.598,24.8,29.3,83.7,109.6,5.73,93.9,90.4,49.2,70.9,3.7,23.658,72.3378,6.4
Blackgram,Sandy,Normal,High,Powdery Mildew,Moderate,Yes,0.322,24.7,34.7,67.5,61.4,7.08,26.1,71.8,25.0,53.6,2.7,23.8964,75.6142,11.9
Watermelon,Loamy,Normal,High,None,High,Yes,0.584,23.6,25.6,84.9,43.9,6.65,111.0,8.3,46.3,66.0,2.6,34.8,70.5982,2.7
Watermelon,Silty,Normal,High,None,High,Yes,0.582,25.3,26.6,87.7,47.0,6.17,94.6,9.8,48.4,65.6,2.51,27.8754,72.5237,7.4
Chickpea,Loamy,Normal,Medium,None,Moderate,Yes,0.374,15.2,28.9,18.7,65.4,7.96,24.5,56.4,84.5,49.3,4.07,13.9102,83.1747,12.2
Apple,Sandy,Normal,High,Apple Scab,Low,No,0.335,29.7,23.3,91.9,113.2,6.41,24.9,144.8,202.0,92.1,4.94,9.9313,87.1508,2.6
Coffee,Loamy,Rainy,Low,None,Low,No,0.667,55.2,28.8,57.7,155.8,7.47,94.4,17.7,27.9,53.5,5.82,24.2599,88.6616,2.8
Orange,Loamy,Cool,High,Citrus Canker,Low,No,0.44,52.6,10.5,93.4,106.0,6.53,12.2,17.2,12.4,52.5,2.95,36.9986,96.7205,10.9
Lentil,Clayey,Cool,Medium,None,High,Yes,0.349,26.9,19.6,67.3,48.6,6.54,9.0,63.5,18.9,60.0,3.43,17.5493,83.7248,8.2
Pigeonpeas,Clayey,Rainy,Medium,None,Low,No,0.442,68.3,21.0,57.5,190.1,7.2,23.2,72.1,17.0,56.8,5.81,28.8638,73.3399,3.9
Pigeonpeas,Clayey,Rainy,Low,None,Low,No,0.555,66.5,27.1,46.5,192.7,5.83,29.1,74.1,23.8,54.0,5.12,36.5927,85.8914,2.2
Cotton,Silty,Normal,Medium,Bacterial Blight,Moderate,Yes,0.613,34.7,21.8,81.9,80.1,6.45,109.2,40.8,21.9,69.6,3.73,14.5619,79.8491,13.4
Lentil,Silty,Normal,Low,None,Moderate,Yes,0.351,26.5,20.4,62.0,54.1,5.85,38.0,60.6,21.7,57.7,4.94,25.63,91.9055,3.0
Grapes,Clayey,Normal,High,Anthracnose,Moderate,Yes,0.33,32.9,24.8,84.4,70.2,6.29,24.5,138.6,200.9,87.9,4.07,9.1383,79.2345,3.4
Maize,Silty,Normal,High,None,Moderate,Yes,0.552,30.1,27.3,60.7,74.7,5.75,67.6,46.0,23.8,60.5,4.15,11.282,90.5832,14.5
Papaya,Clayey,Normal,High,None,Moderate,Yes,0.375,24.0,26.0,93.0,82.4,6.86,35.4,45.3,49.5,63.1,3.81,28.4806,86.3881,10.3
Grapes,Clayey,Cool,Low,Anthracnose,Moderate,Yes,0.317,38.7,13.1,82.8,66.7,5.54,29.1,144.4,201.1,86.8,4.75,20.1679,76.976,3.4
Muskmelon,Silty,Normal,High,None,High,Yes,0.481,10.4,29.8,90.0,20.1,6.38,91.6,9.5,54.0,70.8,3.06,21.1584,80.8144,9.0
Rice,Sandy,Rainy,High,Rice Blast,Low,No,0.616,41.1,31.2,84.1,172.2,5.12,74.7,48.7,41.2,54.4,2.79,20.0918,73.1692,15.0
Cotton,Silty,Normal,High,Bacterial Blight,Moderate,Yes,0.543,33.8,22.8,84.7,74.4,7.0,126.4,52.5,20.7,66.1,3.33,9.8829,81.6537,0.0
Lentil,Sandy,Normal,Medium,None,Moderate,Yes,0.298,16.1,20.5,60.6,54.6,6.64,13.2,65.3,17.1,62.2,4.93,23.2363,96.8557,5.9
Pigeonpeas,Silty,Normal,High,None,Low,No,0.344,30.2,29.0,62.3,115.6,7.15,24.6,67.4,22.3,51.2,4.38,14.0126,85.8439,0.9
Maize,Loamy,Cool,Low,None,Moderate,Yes,0.471,37.6,18.1,59.0,99.5,5.92,73.4,49.0,21.4,58.0,4.61,29.0075,85.8638,3.5
Mothbeans,Sandy,Normal,Medium,None,High,Yes,0.189,14.9,27.8,49.0,36.1,3.73,7.8,55.8,24.2,25.1,1.28,29.535,92.2181,9.9
Coffee,Silty,Normal,High,None,Low,No,0.7,40.0,26.9,66.0,141.8,7.33,92.6,28.4,27.1,51.9,3.99,25.565,73.434,4.7
Pomegranate,Loamy,Normal,High,Bacterial Blight,Low,No,0.478,32.3,20.9,90.0,106.8,5.86,28.2,12.9,35.3,48.4,3.03,34.4873,80.8694,0.0
Apple,Clayey,Normal,High,Apple Scab,Low,No,0.466,29.6,22.4,94.4,108.2,5.81,36.2,123.9,198.4,89.8,4.55,28.6966,83.148,0.0
Maize,Clayey,Normal,Medium,None,Moderate,Yes,0.505,34.5,23.6,55.9,92.9,6.28,87.5,49.9,15.9,64.1,5.06,23.436,90.4108,2.7
Lentil,Sandy,Normal,High,None,High,Yes,0.223,11.3,25.5,65.1,42.0,5.91,6.0,61.8,15.2,54.0,1.92,25.7846,77.8234,12.3
Pigeonpeas,Silty,Rainy,High,None,Low,No,0.449,54.0,26.4,33.4,167.5,5.68,1.2,77.6,15.5,51.9,4.12,13.7463,89.9937,18.7
Chickpea,Silty,Cool,Low,None,Moderate,Yes,0.439,36.3,17.0,18.1,79.0,8.26,58.9,73.9,79.7,53.5,4.16,32.9718,85.8913,4.4
Grapes,Sandy,Normal,High,Powdery Mildew,Moderate,Yes,0.209,19.3,35.5,81.6,65.7,5.99,7.3,142.9,198.3,89.7,3.39,10.985,91.709,13.7
Banana,Clayey,Normal,High,None,Moderate,Yes,0.521,31.9,27.3,80.9,97.3,5.74,102.2,71.8,48.0,62.5,4.33,20.6253,90.8325,1.8
Blackgram,Sandy,Normal,High,Powdery Mildew,Moderate,Yes,0.311,14.3,32.1,68.4,68.9,6.61,26.9,71.7,22.4,63.0,2.61,31.6079,90.369,11.1
Apple,Sandy,Normal,High,Apple Scab,Low,No,0.445,44.9,20.7,92.9,120.2,6.25,25.8,121.5,197.2,89.1,4.54,13.9642,93.4453,0.1
Coffee,Sandy,Normal,Low,None,Low,No,0.671,32.7,29.8,56.9,110.7,6.13,92.2,38.6,29.3,61.1,6.25,9.5407,88.3973,10.0
Mango,Clayey,Normal,Medium,None,Moderate,Yes,0.293,30.5,29.3,50.9,99.2,6.06,4.4,22.1,25.3,47.3,3.93,32.4565,78.4483,13.4
Pomegranate,Silty,Cool,Medium,Bacterial Blight,Low,No,0.409,49.2,18.5,85.2,107.3,6.58,39.9,21.8,36.3,56.9,4.24,34.979,86.0742,1.2
Watermelon,Sandy,Normal,High,Anthracnose,Moderate,Yes,0.496,24.3,21.9,86.0,56.9,6.58,102.1,16.3,48.6,68.9,3.24,28.4416,71.2818,1.4
Chickpea,Loamy,Normal,High,None,Moderate,Yes,0.419,14.9,29.8,17.8,67.3,6.89,25.7,73.3,84.8,67.1,4.63,17.0625,69.5305,11.9
Rice,Sandy,Rainy,High,Rice Blast,Low,No,0.679,65.3,34.7,82.1,269.7,7.4,88.1,47.8,39.7,63.3,3.45,26.2497,84.7661,3.5
Coffee,Sandy,Rainy,Low,None,Low,No,0.684,51.0,22.9,51.7,186.6,6.76,119.6,35.2,31.2,67.4,6.92,34.3938,89.43,2.6
Mango,Clayey,Normal,Medium,None,Moderate,Yes,0.301,22.5,29.8,53.0,91.9,6.66,32.3,21.5,32.0,62.9,5.06,19.1118,87.1594,3.1
Mothbeans,Clayey,Normal,Medium,None,High,Yes,0.241,11.5,29.1,60.2,37.5,4.25,8.4,53.4,18.5,30.4,1.53,15.6161,83.3828,10.3
Pomegranate,Sandy,Normal,High,Bacterial Blight,Low,No,0.447,47.1,24.7,91.8,113.8,5.56,37.1,16.2,41.8,47.8,3.02,15.405,84.9411,1.2
Coffee,Loamy,Normal,Medium,None,Low,No,0.65,46.1,21.9,56.7,126.2,7.04,110.0,33.4,30.9,67.4,6.53,20.9323,74.3631,0.0
Mungbean,Clayey,Normal,High,None,High,Yes,0.178,28.1,28.8,88.9,50.0,6.33,1.4,50.5,15.6,51.8,2.49,24.416,96.0478,19.2
Mothbeans,Clayey,Normal,Low,None,High,Yes,0.359,24.0,29.1,66.9,49.2,5.3,10.1,46.7,24.4,41.2,1.81,19.2691,96.8828,7.7
Lentil,Loamy,Normal,Medium,None,High,Yes,0.266,18.3,20.4,63.9,37.2,6.79,7.1,56.7,24.8,58.1,2.69,10.1147,84.569,10.1
Muskmelon,Silty,Normal,High,None,High,Yes,0.418,11.1,25.0,90.2,21.5,6.2,80.8,17.4,51.5,59.4,2.75,30.6472,90.7761,17.2
Rice,Loamy,Rainy,Medium,Rice Blast,Low,No,0.598,53.2,22.4,82.7,200.0,7.48,83.1,52.2,42.8,63.2,4.9,10.3332,81.3295,8.9
Jute,Silty,Rainy,High,None,Low,No,0.588,47.8,26.6,76.0,155.3,6.59,68.1,48.9,44.7,72.8,5.56,8.7356,96.8951,9.2
Grapes,Loamy,Normal,High,None,Moderate,Yes,0.19,18.6,25.1,84.2,75.0,5.95,2.5,133.5,198.1,86.8,5.47,27.3522,81.2927,16.7
Papaya,Clayey,Normal,High,Papaya Ring Spot Virus,Low,No,0.525,36.2,23.6,90.7,139.0,6.83,36.0,49.5,54.2,64.8,3.37,16.9128,91.0172,12.4
Mothbeans,Silty,Normal,Medium,None,High,Yes,0.269,13.0,24.9,53.8,32.8,7.5,33.4,36.6,23.2,50.7,2.78,23.8307,77.3261,4.8
Mungbean,Loamy,Normal,High,None,Moderate,Yes,0.35,19.1,27.4,81.4,52.4,6.62,30.6,49.8,18.4,64.8,4.53,25.7608,90.5522,0.0
Apple,Clayey,Normal,High,Apple Scab,Low,No,0.385,39.0,23.5,93.0,117.3,5.78,3.2,120.2,204.3,77.0,4.37,14.9384,73.0619,16.3
Cotton,Loamy,Normal,High,Bacterial Blight,Moderate,Yes,0.514,16.8,23.1,82.8,60.2,6.2,107.2,47.5,24.5,68.4,3.37,23.652,74.359,13.6
Coffee,Sandy,Rainy,Medium,None,Low,No,0.539,59.0,21.5,66.9,154.8,7.37,88.3,16.3,26.1,49.5,4.85,25.8878,93.8123,10.5
Kidneybeans,Clayey,Normal,Low,None,Low,No,0.469,47.9,22.9,19.9,140.6,5.62,29.6,78.1,16.8,51.2,5.08,30.5903,77.4578,0.0
Watermelon,Clayey,Normal,High,Anthracnose,High,Yes,0.656,18.2,24.7,84.8,42.9,6.89,114.8,14.4,47.2,65.3,2.04,36.2911,73.8641,0.0
Coconut,Clayey,Rainy,High,Root Wilt,Low,No,0.442,69.3,27.3,91.7,214.2,5.84,2.4,8.4,33.5,47.5,3.05,10.5078,92.8522,15.5
Mungbean,Clayey,Normal,High,None,High,Yes,0.327,24.8,29.2,87.4,43.2,6.37,23.7,55.9,17.8,61.2,2.48,9.2825,96.7469,3.1
Orange,Clayey,Normal,High,Citrus Canker,Low,No,0.32,23.2,30.0,94.1,104.8,6.68,1.3,18.3,9.8,53.4,2.88,36.9696,68.462,17.6
Mothbeans,Silty,Normal,High,None,Moderate,Yes,0.331,32.2,24.2,48.2,69.3,8.52,28.1,56.4,22.5,33.3,2.52,10.0503,93.9096,0.3
Maize,Sandy,Normal,Low,None,Moderate,Yes,0.524,29.2,25.4,66.5,94.2,5.81,71.9,53.8,22.0,62.9,5.03,25.9549,78.6016,5.7
Papaya,Clayey,Rainy,High,Papaya Ring Spot Virus,Low,No,0.59,59.4,25.4,91.7,176.3,6.77,58.2,49.0,52.7,69.9,3.87,34.0401,82.6034,1.0
Maize,Loamy,Normal,Low,None,Moderate,Yes,0.479,28.7,24.3,57.5,93.9,6.56,62.5,43.6,19.9,66.0,5.35,10.3249,94.0404,14.0
Chickpea,Clayey,Normal,Low,None,Moderate,Yes,0.312,40.5,22.4,18.7,83.8,7.06,24.4,61.9,82.0,63.4,5.13,26.6958,76.454,10.9
Blackgram,Silty,Normal,High,Powdery Mildew,Moderate,Yes,0.453,23.2,30.8,66.6,67.3,7.29,53.4,68.0,18.4,56.7,2.96,16.8884,90.8888,0.0
Mango,Clayey,Normal,Low,None,Low,No,0.457,29.0,28.5,49.6,103.5,4.92,38.8,34.2,25.5,44.4,4.17,17.1821,71.6677,0.0
Mothbeans,Silty,Hot & Dry,Low,Root Rot,Moderate,Yes,0.304,16.2,31.8,35.9,73.9,6.41,8.2,52.7,21.7,54.3,3.49,12.5255,96.1344,11.3
Orange,Silty,Cool,Medium,Citrus Canker,Low,No,0.279,42.4,17.2,94.7,111.5,7.47,13.3,22.6,9.7,45.9,3.5,34.1051,72.0433,7.3
Pomegranate,Clayey,Normal,Low,Bacterial Blight,Low,No,0.311,42.8,20.5,88.3,102.9,6.41,1.0,20.4,37.2,58.7,4.49,27.6348,95.7711,20.0
Grapes,Sandy,Normal,High,Powdery Mildew,Moderate,Yes,0.359,16.0,38.2,84.5,66.5,5.86,7.8,127.9,201.1,81.7,4.07,33.3548,70.5404,12.9
Muskmelon,Clayey,Normal,High,None,High,Yes,0.523,21.1,25.8,93.6,27.3,6.45,109.7,15.4,49.4,72.1,3.37,23.2337,77.7271,4.5
Coconut,Silty,Rainy,High,Root Wilt,Low,No,0.535,50.6,29.6,94.1,197.5,6.06,30.2,7.2,29.1,48.8,2.47,31.9612,92.203,0.1
Papaya,Clayey,Rainy,High,Papaya Ring Spot Virus,Low,No,0.469,56.8,25.6,91.5,173.7,6.82,59.6,40.6,52.9,62.4,3.71,8.8248,90.1768,1.5
Chickpea,Loamy,Normal,Low,None,Moderate,Yes,0.483,31.8,21.5,12.6,94.2,7.56,44.0,64.0,79.8,60.7,4.6,17.2708,93.4712,0.0
Mothbeans,Loamy,Hot & Dry,High,None,Moderate,Yes,0.18,13.7,31.6,31.9,58.8,5.4,2.1,44.0,21.4,43.9,2.95,33.3009,91.9778,17.1
Pomegranate,Clayey,Normal,High,Bacterial Blight,Low,No,0.289,41.9,21.7,88.5,102.1,5.72,10.9,22.4,38.6,46.9,2.73,32.1156,91.0581,9.2
Orange,Sandy,Normal,High,Citrus Canker,Low,No,0.325,22.6,30.1,92.1,102.3,7.37,33.8,22.8,12.0,44.6,2.91,25.3318,90.1441,0.4
Pomegranate,Loamy,Normal,High,None,Low,No,0.231,26.7,24.0,86.4,101.9,5.84,1.2,25.4,37.2,50.4,4.12,20.5062,73.6942,13.3
Coffee,Clayey,Rainy,Low,None,Low,No,0.722,64.6,22.5,51.3,177.9,7.0,100.5,16.5,26.2,57.8,5.5,12.2212,89.6397,0.0
Coconut,Clayey,Normal,High,Root Wilt,Low,No,0.395,33.1,28.6,92.4,139.4,6.07,13.9,9.0,30.0,47.6,2.97,8.1255,89.0351,9.3
Orange,Silty,Cool,Low,Citrus Canker,Low,No,0.51,42.3,14.6,93.4,116.7,6.16,34.1,16.9,12.0,53.2,3.67,21.5111,83.0721,1.5
Mango,Silty,Normal,Medium,None,Moderate,Yes,0.34,41.3,28.3,46.2,97.0,5.21,28.2,28.9,25.4,41.3,3.35,32.8464,93.9479,3.6
Coffee,Loamy,Rainy,High,None,Low,No,0.565,50.1,26.7,57.9,170.9,6.78,94.7,15.3,31.7,65.6,5.73,9.8766,96.281,4.6
Cotton,Silty,Normal,Medium,Bacterial Blight,Moderate,Yes,0.692,38.2,22.1,80.0,90.6,7.03,133.8,45.1,17.3,70.0,4.1,19.7289,82.0515,0.0
Muskmelon,Silty,Normal,High,None,High,Yes,0.375,15.0,28.1,90.7,20.5,6.05,84.3,11.3,50.0,66.5,2.48,26.037,70.7937,11.1
Orange,Loamy,Normal,High,Citrus Canker,Low,No,0.467,36.2,26.6,92.5,106.9,6.39,30.7,24.8,7.0,60.8,3.2,21.0534,92.7334,1.1
Maize,Silty,Normal,High,None,Moderate,Yes,0.485,26.7,21.6,69.1,66.7,6.24,61.3,48.9,23.6,59.1,3.91,21.6247,84.3054,14.0
Maize,Sandy,Normal,High,None,Moderate,Yes,0.398,18.5,25.4,62.1,76.0,6.97,75.7,47.4,24.7,65.2,4.48,26.1294,79.0366,4.5
Mango,Sandy,Normal,Low,None,Moderate,Yes,0.42,25.0,27.3,48.1,98.8,4.71,16.5,16.4,27.4,28.7,2.69,24.4734,94.1409,2.7
Apple,Sandy,Normal,High,Apple Scab,Low,No,0.405,33.1,22.0,92.9,102.5,6.31,23.5,144.6,198.8,93.2,4.47,20.6437,82.4116,3.9
Chickpea,Loamy,Cool,Low,None,Moderate,Yes,0.474,23.1,15.7,20.0,71.8,6.71,53.6,68.4,77.9,75.5,5.79,31.2344,81.7828,0.0
Chickpea,Clayey,Normal,Low,None,Moderate,Yes,0.434,28.9,21.5,15.4,77.1,6.1,46.1,62.5,83.0,70.9,5.78,13.4096,82.4769,2.6
Muskmelon,Clayey,Normal,High,None,High,Yes,0.398,10.0,29.3,94.5,27.3,6.47,90.7,20.9,53.1,69.8,3.1,32.4795,79.8975,11.4
Chickpea,Sandy,Cool,Low,None,Moderate,Yes,0.349,22.6,19.3,11.6,72.1,7.56,45.4,76.1,77.7,55.0,4.89,20.2386,94.264,0.0
Lentil,Loamy,Normal,Medium,None,Moderate,Yes,0.267,11.9,25.9,61.8,54.3,7.21,5.5,61.5,23.0,54.8,4.78,34.1167,79.8032,12.2
Coffee,Sandy,Rainy,Medium,None,Low,No,0.609,50.4,28.4,54.7,155.0,6.86,115.4,24.9,33.4,67.4,6.63,11.546,91.3939,0.3
Coconut,Loamy,Rainy,High,Root Wilt,Low,No,0.39,43.4,29.7,92.2,150.3,5.61,29.5,25.1,32.4,51.8,3.16,11.2759,83.8266,1.3
Blackgram,Loamy,Normal,High,None,Moderate,Yes,0.521,23.9,28.6,67.2,60.3,7.32,58.5,77.0,24.4,61.7,4.18,15.3365,79.156,2.5
Mango,Clayey,Normal,Medium,None,Low,No,0.493,42.5,27.4,49.4,104.2,4.52,36.1,32.1,30.3,32.0,3.62,34.5608,86.3092,4.2
Jute,Loamy,Rainy,High,Stem Rot,Low,No,0.657,55.7,28.2,88.8,170.6,6.71,76.3,35.8,43.7,70.3,4.04,18.2038,85.4614,6.7
Banana,Loamy,Normal,High,None,Moderate,Yes,0.555,33.6,28.2,81.3,94.1,6.29,98.1,70.7,45.5,71.9,4.72,36.1203,92.088,4.8
Cotton,Silty,Normal,Medium,Bacterial Blight,Moderate,Yes,0.717,38.1,22.4,82.4,87.5,6.02,127.4,54.8,18.2,65.2,4.05,35.398,93.6459,0.0
Rice,Sandy,Rainy,High,Rice Blast,Low,No,0.719,67.0,38.1,84.9,255.2,5.5,115.4,51.2,41.3,60.9,3.41,35.4701,71.4032,3.0
Watermelon,Silty,Normal,High,Anthracnose,Moderate,Yes,0.639,18.6,24.9,82.2,58.9,6.2,110.9,28.2,53.3,72.3,3.1,14.2514,91.8986,3.1
Mungbean,Loamy,Normal,High,None,Moderate,Yes,0.279,25.1,27.9,82.6,57.7,6.93,16.7,45.2,16.5,53.3,3.37,28.0977,87.9187,5.6
Watermelon,Loamy,Normal,Low,Anthracnose,Moderate,Yes,0.67,34.0,20.6,83.3,58.2,6.23,109.4,11.4,46.0,71.7,4.21,16.7727,79.4462,0.6
Papaya,Sandy,Normal,High,None,Moderate,Yes,0.391,18.7,31.4,91.7,58.8,6.73,31.6,39.5,46.7,59.0,3.87,36.2278,76.149,15.2
Watermelon,Clayey,Normal,High,None,Moderate,Yes,0.482,31.5,27.6,82.6,57.9,6.31,91.3,26.9,51.1,71.1,4.78,31.1484,69.5434,6.0
Blackgram,Silty,Normal,Medium,None,Moderate,Yes,0.334,32.9,29.7,61.2,67.4,7.4,27.3,66.8,16.6,51.7,4.41,12.2936,78.1385,9.6
Pomegranate,Silty,Cool,High,Bacterial Blight,Low,No,0.424,39.6,19.9,93.9,108.8,6.38,7.2,9.2,40.1,56.0,3.24,10.7349,77.5311,10.2
Coffee,Sandy,Rainy,High,None,Low,No,0.635,49.4,21.1,56.5,151.4,6.04,84.9,24.3,34.3,62.7,4.98,9.2716,86.0486,13.3
Coconut,Clayey,Rainy,High,Root Wilt,Low,No,0.417,47.2,26.4,98.0,182.0,6.24,5.2,26.6,33.0,52.0,3.29,12.7253,90.6053,11.9
Jute,Clayey,Rainy,High,Stem Rot,Low,No,0.541,46.3,27.4,88.4,180.2,7.36,66.2,42.5,43.0,55.4,3.11,15.7859,85.4099,9.7
Watermelon,Silty,Normal,High,Anthracnose,High,Yes,0.515,24.7,24.3,80.4,49.3,6.34,112.4,20.3,49.3,67.1,2.0,16.4304,80.6833,4.4
Apple,Silty,Normal,High,Apple Scab,Low,No,0.359,48.1,21.5,91.2,114.2,5.93,12.0,144.6,201.8,86.8,4.71,24.4859,75.348,6.2
Chickpea,Silty,Normal,Low,None,Moderate,Yes,0.395,30.8,21.9,17.9,66.4,8.03,50.7,55.4,82.4,49.9,4.34,17.8987,94.6252,3.7
Mungbean,Silty,Normal,High,None,High,Yes,0.18,10.0,29.6,81.1,35.1,6.8,7.4,53.7,21.0,55.7,2.41,22.115,85.9365,14.9
Mango,Loamy,Hot & Dry,Low,Powdery Mildew,Moderate,Yes,0.431,31.1,33.0,45.9,88.8,4.84,27.6,39.1,31.8,35.4,1.8,15.0116,92.4206,4.0
Papaya,Silty,Normal,High,Phytophthora Blight,Moderate,Yes,0.42,33.0,31.1,90.1,72.0,6.58,37.6,42.5,49.6,64.8,2.84,32.0541,79.3603,10.2
Kidneybeans,Silty,Normal,Low,None,Low,No,0.34,37.3,23.5,22.4,109.9,6.1,25.2,72.8,24.8,59.4,6.07,20.2381,77.1597,0.0
Jute,Clayey,Rainy,High,None,Low,No,0.528,39.4,29.4,76.9,151.0,7.05,76.7,46.8,39.9,61.1,5.31,17.8354,85.4609,6.5
Coffee,Clayey,Rainy,High,None,Low,No,0.623,52.5,23.9,58.3,168.7,7.41,98.7,37.1,32.2,62.7,5.27,10.4996,82.0038,0.2
Mothbeans,Clayey,Hot & Dry,Low,None,High,Yes,0.205,20.2,32.0,42.1,32.1,4.86,24.2,37.5,19.2,35.3,2.18,8.9271,69.8463,1.0
Cotton,Loamy,Normal,High,Bacterial Blight,Moderate,Yes,0.614,39.7,25.0,82.8,90.8,7.04,109.1,49.0,19.9,68.1,3.51,31.1706,95.9168,12.0
Kidneybeans,Sandy,Cool,Low,None,Moderate,Yes,0.288,26.1,16.0,20.6,75.0,6.01,31.3,70.2,23.6,57.2,4.68,29.244,70.8795,2.5
Banana,Sandy,Normal,High,Panama Wilt,Low,No,0.632,31.5,29.8,82.7,115.0,5.51,112.8,73.1,47.0,61.6,3.48,26.2538,75.1181,3.3
Orange,Clayey,Normal,High,Citrus Canker,Low,No,0.424,38.3,20.3,92.0,117.0,6.69,16.9,10.7,13.0,47.7,2.78,10.0179,77.8108,3.3
Mothbeans,Sandy,Hot & Dry,Medium,Root Rot,Moderate,Yes,0.42,30.0,31.4,36.0,74.0,7.23,17.4,44.8,15.4,53.0,3.21,24.0547,76.8254,5.3
Mango,Sandy,Normal,High,Powdery Mildew,Moderate,Yes,0.299,32.4,34.2,52.0,89.1,5.62,0.3,22.0,30.3,45.5,1.89,16.7444,69.0721,16.1
Pigeonpeas,Sandy,Rainy,Low,None,Low,No,0.324,55.8,29.3,42.5,159.9,5.52,20.8,68.5,17.1,49.7,4.92,20.2596,82.653,3.1
Mango,Clayey,Normal,Medium,Powdery Mildew,Moderate,Yes,0.227,26.2,32.6,54.4,96.4,5.62,10.4,27.7,26.2,42.9,2.63,31.6373,84.6102,6.7
Grapes,Loamy,Normal,High,None,Moderate,Yes,0.368,30.8,26.6,84.1,66.0,5.86,20.8,126.2,198.3,79.9,5.19,20.9388,78.7095,1.7
Coconut,Clayey,Rainy,High,Root Wilt,Low,No,0.549,62.8,27.9,96.4,195.5,6.5,22.4,24.5,33.7,59.2,3.4,21.2737,96.0729,1.6
Orange,Sandy,Normal,High,Citrus Canker,Low,No,0.353,35.6,28.7,94.7,119.0,6.55,4.7,10.3,9.7,48.5,2.51,16.8428,78.8593,12.3
Rice,Sandy,Rainy,Low,Rice Blast,Low,No,0.753,57.9,21.0,84.5,182.3,7.22,107.5,38.6,40.9,59.3,4.18,24.6187,84.4072,4.3
Grapes,Silty,Normal,High,Powdery Mildew,Moderate,Yes,0.314,29.7,32.4,82.5,69.5,5.96,19.0,138.0,201.1,85.3,3.6,23.6888,95.7843,5.0
Lentil,Loamy,Normal,High,None,High,Yes,0.245,21.1,24.9,68.0,46.2,6.91,25.8,76.6,22.1,56.6,2.56,22.5765,68.5413,2.6
Papaya,Loamy,Normal,High,Papaya Ring Spot Virus,Low,No,0.501,44.1,27.2,93.5,133.3,6.94,37.2,35.5,52.9,58.4,2.99,20.6735,80.0332,14.3
Banana,Loamy,Normal,High,None,Low,No,0.516,45.3,27.7,77.9,113.0,5.68,95.3,72.3,54.8,67.9,5.28,28.6857,76.6427,2.5
Pigeonpeas,Silty,Rainy,Low,Fusarium Wilt,Low,No,0.437,47.8,36.2,34.8,172.7,5.11,16.5,63.1,18.8,44.9,3.1,24.0405,69.8983,1.0
Jute,Loamy,Rainy,High,Stem Rot,Low,No,0.633,48.7,29.6,83.5,177.7,6.37,69.3,57.2,37.7,67.7,4.12,12.1286,83.6728,7.7
Blackgram,Silty,Normal,Medium,None,Moderate,Yes,0.349,34.0,29.5,60.0,72.4,6.96,41.5,65.6,24.1,54.8,4.75,19.0245,78.1911,2.4
Coconut,Silty,Rainy,High,Root Wilt,Low,No,0.559,63.0,27.7,90.7,196.4,5.59,33.6,12.0,26.6,51.0,3.32,17.2308,87.7809,0.4
Lentil,Loamy,Normal,High,None,Moderate,Yes,0.332,29.8,25.9,63.2,54.2,5.92,39.2,72.7,17.7,54.3,3.89,27.5085,79.9817,4.3
Apple,Silty,Normal,High,Apple Scab,Low,No,0.442,44.0,23.2,90.4,120.8,5.53,30.5,133.5,202.9,80.5,4.32,30.271,88.2139,0.0
Muskmelon,Clayey,Normal,High,None,High,Yes,0.436,19.2,28.7,93.8,27.1,6.34,94.8,9.8,45.1,67.7,3.18,9.0671,82.2923,7.1
Cotton,Clayey,Normal,Low,Bacterial Blight,Moderate,Yes,0.6,33.5,22.0,83.7,79.8,6.64,108.4,39.9,23.2,70.1,4.22,11.6955,95.0733,13.3
Orange,Silty,Cool,High,Citrus Canker,Low,No,0.432,52.3,10.6,94.8,112.3,7.02,29.2,11.9,13.5,44.5,2.71,32.7619,77.367,3.9
Watermelon,Loamy,Normal,High,Anthracnose,High,Yes,0.46,18.5,23.6,87.6,44.5,6.88,91.0,22.0,49.7,64.3,1.57,24.5828,68.7358,10.4
Watermelon,Sandy,Normal,Medium,Anthracnose,High,Yes,0.565,10.0,23.3,80.6,40.6,6.63,118.3,27.9,47.0,75.3,2.72,35.8053,92.143,3.8
Orange,Sandy,Normal,High,Citrus Canker,Low,No,0.319,28.2,25.5,93.8,111.6,6.94,31.8,28.6,12.8,48.2,2.5,34.6544,80.8156,0.1
Jute,Loamy,Rainy,Medium,Stem Rot,Low,No,0.584,65.3,20.5,87.0,180.9,6.6,77.3,37.5,35.6,70.2,5.25,33.5182,85.9577,2.6
Coffee,Sandy,Normal,Medium,None,Low,No,0.692,33.9,21.9,52.1,116.1,6.89,111.3,26.4,28.3,65.9,6.87,20.8941,75.0514,3.6
Maize,Sandy,Normal,Medium,None,Moderate,Yes,0.402,29.7,25.8,62.2,87.1,6.38,65.1,49.6,20.1,66.1,5.4,27.0726,72.1934,11.6
Papaya,Sandy,Normal,High,Papaya Ring Spot Virus,Low,No,0.529,40.5,26.4,94.5,111.7,6.89,64.3,45.6,47.0,68.8,3.82,16.6893,77.53,0.0
Maize,Silty,Normal,Low,None,Moderate,Yes,0.566,35.5,26.3,64.3,84.0,5.82,79.8,58.0,21.4,63.3,5.42,8.195,68.2869,0.6
Papaya,Clayey,Normal,High,None,High,Yes,0.285,10.0,33.0,93.8,46.2,6.52,34.6,42.3,46.9,69.0,2.66,13.6836,73.1062,12.1
Kidneybeans,Silty,Normal,Low,None,Moderate,Yes,0.238,38.1,22.9,16.1,87.5,6.44,0.8,71.9,18.8,62.1,4.79,34.8005,91.052,14.7
Grapes,Clayey,Normal,High,None,Moderate,Yes,0.421,20.6,28.4,84.6,70.9,6.26,27.8,127.9,199.3,87.5,5.04,11.6673,82.7398,2.1
Apple,Silty,Normal,High,Apple Scab,Low,No,0.372,40.2,23.3,90.3,118.8,6.01,8.4,122.0,199.7,84.2,4.48,28.1408,88.7538,10.8
Lentil,Silty,Normal,High,None,High,Yes,0.257,13.2,25.8,62.1,44.0,7.29,23.2,71.0,22.9,52.6,2.48,15.3813,70.458,3.3
Pomegranate,Silty,Normal,High,Bacterial Blight,Low,No,0.34,44.0,21.3,91.2,107.0,6.14,17.8,13.8,40.8,52.1,2.8,26.7153,78.4137,0.4
Orange,Sandy,Normal,High,Citrus Canker,Low,No,0.299,24.2,33.2,90.5,100.8,6.11,20.5,21.1,12.9,49.5,3.02,15.9595,88.4636,5.0
Papaya,Clayey,Normal,High,Papaya Ring Spot Virus,Low,No,0.531,38.0,37.0,93.9,125.2,6.7,66.5,35.2,48.0,65.5,3.95,14.0864,74.778,2.1
Papaya,Loamy,Rainy,High,Papaya Ring Spot Virus,Low,No,0.614,49.8,36.5,91.6,201.7,6.59,60.3,53.1,49.6,68.5,4.24,16.8616,89.3963,1.5
Coffee,Clayey,Rainy,Low,None,Low,No,0.648,39.3,26.9,58.1,158.4,7.17,113.4,23.5,29.2,64.1,6.9,24.4775,91.1752,4.4
Coconut,Loamy,Normal,High,Root Wilt,Low,No,0.453,43.0,27.0,95.3,140.3,5.69,34.7,29.5,27.0,53.8,3.15,8.9297,87.9817,1.4
Mothbeans,Silty,Normal,Medium,None,Moderate,Yes,0.247,10.9,25.6,41.6,50.5,6.91,8.0,57.8,18.9,53.0,4.03,23.5571,81.8693,8.1
Mungbean,Sandy,Normal,High,Powdery Mildew,Moderate,Yes,0.291,21.1,29.1,84.7,58.5,6.91,5.2,40.1,19.3,54.1,2.48,31.9129,85.5406,11.6
Banana,Sandy,Normal,High,Panama Wilt,Low,No,0.64,41.1,27.9,82.4,116.4,5.79,116.4,92.0,49.6,74.2,4.5,13.0787,75.2249,4.3
Watermelon,Sandy,Normal,High,None,High,Yes,0.6,14.6,25.7,83.9,44.8,6.95,98.3,27.8,46.8,66.5,2.92,28.9499,74.3004,2.8
Papaya,Silty,Normal,High,Phytophthora Blight,Moderate,Yes,0.316,15.0,31.6,93.9,74.6,6.71,34.8,44.2,52.6,58.8,2.65,13.6377,69.0955,11.9
Pigeonpeas,Clayey,Rainy,Low,None,Low,No,0.36,68.5,19.5,51.9,194.5,5.23,13.1,73.7,19.8,48.6,4.7,11.6004,89.5019,4.7
Coffee,Loamy,Rainy,Medium,None,Low,No,0.63,57.7,23.6,54.3,170.8,6.05,110.5,31.9,26.5,68.1,6.86,25.348,69.4113,0.6
Mungbean,Loamy,Normal,High,None,High,Yes,0.288,21.3,27.3,84.2,43.4,7.48,37.2,44.4,17.4,45.5,1.65,20.0547,71.1228,0.3
Papaya,Loamy,Normal,High,None,Moderate,Yes,0.384,12.0,29.7,92.1,62.2,6.62,55.1,50.6,54.3,69.9,4.35,27.0809,76.0753,2.4
Maize,Loamy,Normal,High,None,Moderate,Yes,0.564,37.6,25.2,74.7,86.8,5.65,62.7,40.5,18.0,49.8,3.39,19.2684,94.812,17.2
Pigeonpeas,Clayey,Normal,High,None,Low,No,0.387,43.0,25.0,64.1,126.9,5.95,13.3,70.9,23.8,54.4,4.84,14.7456,85.8741,9.7
Pomegranate,Silty,Cool,High,Bacterial Blight,Low,No,0.305,41.0,18.6,86.4,103.0,6.25,9.5,15.7,37.4,51.6,2.7,17.2086,90.8222,6.7
Watermelon,Clayey,Normal,High,None,Moderate,Yes,0.635,22.6,28.5,83.3,50.8,6.24,105.9,12.2,45.2,64.2,4.23,13.3228,86.2637,0.0
Apple,Loamy,Normal,High,Apple Scab,Low,No,0.389,48.9,20.7,91.0,114.8,5.59,2.8,124.8,201.3,75.5,4.18,28.9285,75.1028,13.0
Blackgram,Silty,Normal,High,None,Moderate,Yes,0.338,23.9,27.0,68.6,74.3,6.98,32.1,69.4,24.7,58.6,3.8,12.5205,95.659,7.7
Grapes,Silty,Cool,Low,Anthracnose,Moderate,Yes,0.292,25.1,17.6,82.7,66.8,6.05,17.1,122.1,204.1,84.3,4.75,13.6758,94.5678,0.4
Orange,Loamy,Normal,High,Citrus Canker,Low,No,0.353,48.3,20.4,92.0,107.7,7.11,29.2,14.4,9.0,43.5,2.59,13.6326,80.6526,0.0
Mango,Loamy,Normal,High,Powdery Mildew,Moderate,Yes,0.306,21.3,32.0,51.5,99.7,6.82,20.4,27.2,31.9,58.5,2.44,25.5576,95.3837,0.0
Blackgram,Clayey,Normal,Medium,None,Moderate,Yes,0.379,28.8,25.1,67.7,73.8,7.14,44.1,78.8,23.4,63.1,5.09,28.0633,82.5188,1.7
Grapes,Clayey,Normal,High,Powdery Mildew,Moderate,Yes,0.397,26.4,37.6,84.3,70.7,5.61,23.4,138.3,202.5,80.5,3.53,36.6237,91.6753,0.0
Chickpea,Loamy,Cool,Low,None,Moderate,Yes,0.343,28.9,19.3,14.3,70.6,6.03,50.9,65.4,79.2,67.7,5.29,13.8273,89.7476,3.7
Mungbean,Sandy,Normal,High,None,High,Yes,0.227,13.6,28.9,86.2,39.2,7.3,10.4,57.6,19.1,47.2,1.97,27.5113,70.9235,6.1
Rice,Sandy,Rainy,High,Rice Blast,Low,No,0.806,64.0,24.2,84.0,228.0,5.94,99.9,54.7,35.4,65.6,3.67,33.8144,96.9839,3.7
Mango,Clayey,Normal,Low,None,Moderate,Yes,0.41,35.3,28.6,48.3,94.1,4.75,26.6,24.5,25.6,38.5,3.47,16.1046,88.2787,3.7
Mango,Loamy,Normal,High,Powdery Mildew,Moderate,Yes,0.438,27.4,30.1,51.6,97.8,4.51,18.1,32.2,33.7,33.4,1.55,25.5961,79.6048,3.8
Chickpea,Loamy,Normal,Low,None,Moderate,Yes,0.342,29.2,22.1,16.6,68.0,7.6,33.9,78.5,84.4,61.0,4.65,32.1383,96.8928,9.8
Muskmelon,Loamy,Normal,High,None,High,Yes,0.507,10.0,28.3,91.2,27.5,6.11,86.7,16.2,46.2,62.3,2.46,19.1212,76.1304,13.7
Coffee,Loamy,Normal,High,None,Low,No,0.64,48.3,21.4,60.7,118.1,7.09,99.1,37.4,26.2,66.3,5.73,29.5461,89.0258,3.3
Papaya,Sandy,Normal,High,Papaya Ring Spot Virus,Low,No,0.526,29.8,27.4,91.5,111.4,6.56,68.6,45.9,47.3,73.9,4.6,24.7306,68.0487,0.0
Papaya,Loamy,Normal,High,Phytophthora Blight,Moderate,Yes,0.407,21.5,36.1,94.0,66.5,6.97,37.6,44.7,49.2,55.8,2.45,31.6683,76.6079,9.5
Coffee,Silty,Rainy,High,None,Low,No,0.606,60.2,26.7,66.0,163.9,7.05,98.2,30.0,26.5,57.7,4.71,28.4201,78.9246,6.3
Banana,Sandy,Normal,High,None,Low,No,0.619,43.7,29.7,77.3,117.7,6.24,86.1,87.9,53.5,76.9,5.98,8.6254,79.3763,12.1
Apple,Loamy,Normal,High,Apple Scab,Low,No,0.489,34.5,22.6,91.4,104.9,6.2,39.6,138.9,198.9,89.2,4.7,24.7376,80.8146,1.4
Pigeonpeas,Silty,Hot & Dry,High,Fusarium Wilt,Low,No,0.382,38.0,32.3,44.5,101.2,7.07,8.4,75.1,17.0,53.2,3.42,10.7854,96.2506,8.5
Maize,Clayey,Normal,High,None,Moderate,Yes,0.381,25.6,23.2,58.0,72.3,6.58,64.7,47.9,18.4,63.2,4.37,36.7438,87.4513,10.9
Muskmelon,Loamy,Normal,High,None,High,Yes,0.546,14.8,28.3,91.8,20.8,6.06,114.6,21.3,47.8,66.8,2.83,15.938,89.6154,3.6
Mothbeans,Loamy,Normal,Medium,None,Moderate,Yes,0.378,24.1,26.4,35.0,62.1,5.61,15.4,60.0,22.0,48.6,4.01,31.5537,82.1683,5.3
Coconut,Silty,Normal,High,Root Wilt,Low,No,0.475,47.2,28.8,92.1,141.1,6.16,21.6,25.5,31.5,50.0,2.6,13.9807,72.6751,1.9
Maize,Sandy,Normal,High,None,Moderate,Yes,0.424,20.9,29.6,58.4,92.9,6.97,63.4,38.1,18.0,62.7,3.83,22.2228,77.0751,17.7
Mango,Clayey,Hot & Dry,High,Powdery Mildew,Moderate,Yes,0.428,21.9,31.6,45.4,87.8,4.59,24.2,27.8,31.9,29.6,1.13,26.0471,70.1564,0.0
Grapes,Clayey,Normal,High,Powdery Mildew,Moderate,Yes,0.281,21.2,38.2,83.4,66.4,6.44,26.0,124.1,199.6,90.5,3.81,31.7947,85.5434,0.9
Pigeonpeas,Loamy,Hot & Dry,Medium,Fusarium Wilt,Low,No,0.421,38.1,39.2,39.9,148.5,5.31,12.7,74.7,18.8,44.6,3.44,12.2436,91.1448,5.8
Kidneybeans,Sandy,Cool,Low,None,Low,No,0.33,51.9,16.1,24.3,125.5,5.68,15.1,79.2,18.8,52.3,5.15,15.8606,70.8729,2.3
Banana,Loamy,Normal,High,Panama Wilt,Low,No,0.715,33.9,28.7,84.7,107.8,6.03,117.9,79.7,48.5,70.3,3.76,11.6647,78.9852,3.1
Maize,Sandy,Normal,Medium,None,Moderate,Yes,0.547,25.5,27.3,68.6,82.9,6.13,96.7,51.0,18.7,65.2,5.33,28.8355,94.7905,0.0
Jute,Sandy,Rainy,High,Anthracnose,Low,No,0.745,51.5,23.1,71.8,186.5,6.12,94.3,58.7,39.1,64.1,3.94,8.3101,95.5035,2.7
Pigeonpeas,Sandy,Rainy,High,Fusarium Wilt,Low,No,0.495,48.2,37.5,57.9,157.8,5.72,19.2,67.9,25.0,55.0,3.31,34.6933,96.9759,5.3
Coffee,Loamy,Normal,Medium,None,Low,No,0.543,48.2,26.7,67.6,130.3,6.79,104.4,30.2,34.6,67.2,6.56,36.1221,77.8008,2.8
Papaya,Loamy,Rainy,High,Papaya Ring Spot Virus,Low,No,0.534,58.9,31.2,91.3,172.5,6.5,64.0,56.4,47.9,75.3,4.6,9.6674,68.1708,1.2
Pomegranate,Loamy,Cool,Medium,None,Low,No,0.265,39.3,19.3,88.5,107.4,5.65,14.2,5.1,43.9,42.3,4.55,15.2539,81.6503,5.3
Mango,Clayey,Normal,Low,None,Moderate,Yes,0.308,29.2,26.1,49.4,88.2,6.6,17.1,19.6,33.1,55.9,4.21,19.4418,89.5738,6.6
Mothbeans,Silty,Hot & Dry,High,None,Moderate,Yes,0.365,10.6,31.9,34.8,52.3,6.68,26.6,58.7,24.6,63.7,4.37,31.9435,71.8111,4.7
Rice,Sandy,Rainy,High,Rice Blast,Low,No,0.627,50.5,33.7,80.3,214.4,7.07,67.6,43.6,35.1,59.9,3.4,25.9108,89.1482,17.3
Lentil,Clayey,Normal,Low,None,High,Yes,0.399,26.6,21.0,68.2,49.1,5.9,30.7,76.6,24.9,57.9,3.07,26.3998,74.6521,0.0
Maize,Clayey,Cool,Medium,None,Moderate,Yes,0.487,36.0,18.2,59.0,79.0,6.8,71.0,39.8,16.5,66.5,5.07,20.3851,69.498,6.0
Mango,Loamy,Normal,Medium,None,Moderate,Yes,0.367,23.1,28.2,45.5,86.0,4.6,11.2,23.8,29.2,30.6,2.91,18.5439,76.8263,5.7
Rice,Silty,Rainy,High,Rice Blast,Low,No,0.748,64.7,27.2,84.1,238.3,6.86,101.0,54.3,36.3,66.6,3.53,29.535,71.4903,2.1
Jute,Clayey,Rainy,High,Stem Rot,Low,No,0.625,58.7,21.0,88.8,165.1,6.93,92.7,39.8,39.5,65.7,3.71,28.6365,93.856,3.3
Papaya,Sandy,Normal,High,Papaya Ring Spot Virus,Low,No,0.611,36.6,35.2,94.6,128.0,6.53,69.0,57.4,49.5,66.7,3.67,35.7183,69.763,4.8
Mungbean,Sandy,Normal,High,None,Moderate,Yes,0.315,25.1,29.6,89.7,53.8,6.25,29.6,44.9,21.8,57.5,3.51,14.3164,88.2049,4.2
Orange,Loamy,Cool,High,Citrus Canker,Low,No,0.297,31.7,17.6,91.1,111.0,7.06,18.2,22.7,10.3,45.7,2.97,34.8902,75.8426,5.0
Jute,Sandy,Rainy,High,Stem Rot,Low,No,0.647,71.3,21.2,83.0,198.6,6.95,99.2,59.7,37.1,71.9,4.45,16.552,96.5726,2.4
Rice,Silty,Rainy,High,Rice Blast,Low,No,0.865,90.0,23.5,84.9,296.8,6.34,109.4,40.5,44.7,68.1,4.02,25.5259,73.9786,1.1
Banana,Clayey,Normal,High,None,Low,No,0.545,43.5,28.8,76.6,111.8,5.73,90.8,84.5,53.1,63.5,5.47,13.4769,82.225,10.5
Jute,Silty,Rainy,High,Stem Rot,Low,No,0.546,46.9,28.2,83.7,157.2,6.28,71.3,42.8,43.9,68.1,3.62,29.7629,68.3419,5.7
Grapes,Loamy,Normal,High,None,Moderate,Yes,0.197,25.8,28.6,80.2,65.8,5.75,0.8,140.7,202.6,77.4,5.31,32.7289,70.464,14.3
Coconut,Sandy,Rainy,High,Root Wilt,Low,No,0.466,38.2,27.4,92.4,155.4,6.04,35.7,25.4,28.1,50.1,3.17,12.1132,94.4528,0.0
Watermelon,Clayey,Normal,High,None,Moderate,Yes,0.607,19.7,29.2,86.8,54.3,6.69,95.4,13.8,47.9,71.9,4.53,10.2124,77.678,4.2
Chickpea,Sandy,Normal,Low,None,Moderate,Yes,0.462,23.1,23.0,16.0,69.5,7.54,55.8,70.1,76.8,63.7,5.19,18.7043,75.6966,4.3
Chickpea,Loamy,Normal,Low,None,Moderate,Yes,0.485,37.1,26.7,11.5,78.4,5.94,51.6,76.5,84.8,71.8,6.03,12.1954,77.3685,0.0
Grapes,Silty,Normal,High,Powdery Mildew,Moderate,Yes,0.395,26.6,39.1,83.0,66.4,6.14,14.1,132.4,199.8,86.9,3.71,31.8207,79.1542,6.8
Watermelon,Clayey,Normal,Low,Anthracnose,High,Yes,0.603,17.9,22.2,80.9,44.1,6.36,101.1,24.4,53.1,70.1,2.43,32.6138,93.1364,3.7
Pomegranate,Clayey,Normal,High,Bacterial Blight,Low,No,0.405,27.7,24.5,89.2,103.4,5.82,18.4,25.9,40.5,52.8,3.21,20.3166,69.5684,0.0
Coconut,Clayey,Normal,High,Root Wilt,Low,No,0.36,50.3,25.2,93.7,137.3,5.58,3.0,25.9,33.7,41.2,2.6,28.2584,76.6857,14.5
Banana,Silty,Normal,High,None,Low,No,0.522,29.3,25.6,75.6,108.1,6.14,97.8,86.1,45.1,72.5,5.86,28.6308,75.4836,3.8
Pomegranate,Clayey,Normal,High,Bacterial Blight,Low,No,0.325,37.1,24.8,90.2,101.9,6.97,28.4,15.6,36.6,50.6,3.02,10.2391,88.0804,1.3
Jute,Loamy,Rainy,High,Stem Rot,Low,No,0.516,49.5,28.0,82.9,155.4,6.29,85.7,55.7,36.6,72.7,4.21,9.8943,85.3162,3.3
Pomegranate,Loamy,Cool,Medium,None,Low,No,0.419,36.7,19.7,85.9,100.7,6.36,7.5,10.0,44.3,51.1,5.1,16.1897,79.546,9.4
Grapes,Silty,Cool,Medium,Anthracnose,Moderate,Yes,0.41,25.0,11.1,82.0,66.0,6.24,29.0,144.3,202.0,94.1,4.86,16.4135,72.3946,1.2
Jute,Sandy,Rainy,High,Stem Rot,Low,No,0.633,48.4,28.1,83.1,158.1,7.15,63.7,53.0,43.8,63.0,3.5,18.4492,92.8226,14.0
Coffee,Loamy,Rainy,Medium,None,Low,No,0.689,43.8,20.7,53.0,154.8,6.94,95.5,20.2,31.1,65.7,6.53,35.0876,72.6827,3.6
Mango,Silty,Normal,Low,None,Low,No,0.329,40.4,29.6,54.9,100.3,6.95,14.1,16.8,32.1,55.9,5.52,19.862,85.9708,7.5
Muskmelon,Loamy,Normal,High,None,High,Yes,0.568,16.3,26.9,93.4,22.6,6.25,94.7,26.1,54.5,69.6,3.04,24.2632,72.4823,3.0
Grapes,Loamy,Normal,Low,Anthracnose,Moderate,Yes,0.316,36.4,20.4,82.3,69.7,5.59,6.3,130.0,195.7,78.2,4.81,34.7522,90.2783,10.3
Banana,Clayey,Normal,High,Panama Wilt,Low,No,0.549,43.6,26.1,82.4,103.6,5.61,82.6,78.6,51.0,60.3,3.87,30.452,69.8096,17.6
Watermelon,Loamy,Normal,Medium,Anthracnose,High,Yes,0.521,14.7,20.2,87.6,45.0,6.42,119.1,10.3,47.1,68.7,2.47,20.1719,74.209,4.3
Mothbeans,Clayey,Normal,High,None,High,Yes,0.324,18.3,26.7,60.1,45.7,4.57,33.2,37.3,24.0,36.1,1.88,24.5392,91.8675,1.9
Cotton,Silty,Normal,Low,Bacterial Blight,Moderate,Yes,0.663,38.1,20.7,81.6,89.4,7.15,107.9,53.1,20.8,58.6,3.24,30.9685,87.5444,9.5
Rice,Clayey,Rainy,High,Rice Blast,Low,No,0.745,38.9,32.7,83.2,155.5,6.45,119.3,58.6,43.6,78.9,4.4,35.6189,96.1806,2.0
Rice,Silty,Rainy,High,Rice Blast,Low,No,0.76,65.2,26.1,84.1,224.9,5.31,82.2,44.1,38.0,52.1,2.89,34.8641,81.3059,6.8
Papaya,Loamy,Normal,High,Phytophthora Blight,Moderate,Yes,0.477,36.3,37.4,93.4,99.5,6.72,53.8,48.6,48.8,69.3,2.82,35.0424,71.0066,3.2
Cotton,Clayey,Normal,Medium,Bacterial Blight,Moderate,Yes,0.613,28.1,22.9,75.3,76.8,6.08,137.1,37.5,19.4,67.1,3.74,31.0188,81.4545,4.4
Jute,Silty,Rainy,High,Anthracnose,Low,No,0.599,66.6,23.7,74.5,194.0,6.43,88.2,53.5,35.1,74.0,4.56,20.0221,68.4504,0.0
Mango,Silty,Normal,Low,None,Moderate,Yes,0.401,28.7,28.2,46.7,93.6,5.93,33.6,28.0,32.4,54.8,4.54,11.7372,86.4519,4.8
Mothbeans,Sandy,Normal,High,None,High,Yes,0.297,14.3,25.8,58.4,35.3,4.32,16.1,43.0,16.6,31.0,1.2,10.7044,68.7436,1.2
Coconut,Clayey,Rainy,High,Root Wilt,Low,No,0.514,61.0,29.9,95.7,199.7,5.53,6.1,20.5,30.4,46.0,2.45,13.621,92.3732,14.2
Grapes,Loamy,Normal,High,Powdery Mildew,Moderate,Yes,0.28,19.1,37.9,83.1,70.8,6.14,30.8,136.5,197.7,91.4,4.0,10.6905,82.3331,0.5
Mungbean,Clayey,Normal,High,None,Moderate,Yes,0.272,16.6,27.2,89.6,52.2,6.11,15.6,47.3,15.2,58.3,4.16,27.1303,86.3052,7.5
Kidneybeans,Loamy,Normal,Low,None,Low,No,0.524,37.1,21.1,20.5,126.8,5.66,39.0,79.8,19.8,50.6,4.88,33.1394,71.3289,0.0
Banana,Silty,Normal,High,None,Moderate,Yes,0.579,35.0,25.6,77.7,92.8,5.7,85.5,72.1,51.9,64.4,4.14,13.5986,73.0158,14.4
Lentil,Sandy,Normal,Medium,None,High,Yes,0.346,19.6,25.1,61.7,49.4,5.91,38.5,57.6,22.9,57.4,3.06,20.4501,84.4471,0.6
Jute,Silty,Rainy,High,None,Low,No,0.721,62.3,29.6,75.1,180.2,6.61,92.8,46.2,43.9,71.5,6.07,20.4522,73.3915,0.0
Mungbean,Loamy,Normal,High,None,High,Yes,0.311,23.7,27.4,83.2,43.2,6.02,26.3,44.3,22.8,58.7,2.22,14.3064,84.2678,3.0
Coffee,Silty,Normal,Low,None,Low,No,0.625,40.3,27.6,56.4,127.7,6.48,83.0,37.3,29.2,73.3,7.17,17.4794,79.1029,15.6
Pomegranate,Sandy,Cool,High,None,Low,No,0.224,42.2,18.0,89.6,114.5,5.7,0.7,24.6,40.8,47.1,3.84,32.0657,80.0373,15.5
Banana,Loamy,Normal,High,Panama Wilt,Low,No,0.617,43.3,26.6,81.1,110.9,5.89,110.1,80.0,50.6,76.1,4.04,14.4964,91.9382,0.0
Banana,Loamy,Normal,High,Panama Wilt,Low,No,0.649,27.9,25.4,82.2,114.5,6.31,114.5,88.1,47.3,80.4,4.21,9.3921,76.8244,0.0
Cotton,Silty,Normal,High,Bacterial Blight,Moderate,Yes,0.579,28.8,24.6,80.8,72.8,5.74,131.7,44.5,22.0,67.4,2.82,23.3001,84.7587,2.6
Lentil,Clayey,Normal,High,None,High,Yes,0.358,24.9,21.2,63.0,46.2,5.67,12.9,73.3,17.3,53.4,2.61,9.7477,68.3807,5.2
Grapes,Loamy,Normal,High,None,Moderate,Yes,0.256,25.0,26.9,82.6,72.6,6.36,7.5,122.6,197.1,85.4,5.11,36.2769,93.1679,11.6
Grapes,Silty,Cool,Low,Anthracnose,Moderate,Yes,0.363,33.7,17.8,84.3,66.5,6.15,7.5,126.9,196.6,83.8,4.56,23.3957,78.2067,8.8
Papaya,Silty,Normal,High,Phytophthora Blight,Moderate,Yes,0.312,33.1,31.5,92.5,97.2,6.53,33.4,45.8,46.5,67.6,3.05,25.2274,83.3573,14.8
Watermelon,Silty,Normal,Medium,Anthracnose,Moderate,Yes,0.44,23.8,21.1,81.2,51.5,6.9,84.4,6.2,47.5,59.4,3.2,31.898,88.0588,14.0
Mothbeans,Clayey,Normal,Low,None,Moderate,Yes,0.383,19.2,28.8,59.4,52.6,4.11,31.4,43.7,17.9,25.6,1.8,13.433,94.0962,0.0
Rice,Loamy,Rainy,High,Rice Blast,Low,No,0.652,67.7,39.5,84.4,264.0,5.43,100.0,45.7,35.2,57.0,3.27,9.3101,68.5043,2.8
Pomegranate,Sandy,Cool,High,Bacterial Blight,Low,No,0.397,44.8,19.0,85.9,111.0,5.96,33.4,18.1,36.7,58.2,3.25,8.3933,78.2262,3.0
Orange,Clayey,Normal,High,Citrus Canker,Low,No,0.307,47.7,24.9,90.6,114.6,7.03,31.0,26.4,14.0,54.9,2.97,29.4894,96.2254,0.5
Chickpea,Sandy,Normal,High,None,Moderate,Yes,0.361,39.0,29.5,18.8,92.0,7.54,27.8,78.9,81.4,59.0,3.74,25.0853,95.4127,9.7
Mungbean,Silty,Normal,High,None,Moderate,Yes,0.322,17.1,28.8,84.3,59.2,6.68,1.6,48.0,18.4,60.6,4.12,23.1724,76.4037,16.6
Mothbeans,Loamy,Normal,Low,None,Moderate,Yes,0.202,19.2,24.1,31.6,56.7,5.34,12.1,42.2,23.0,42.4,3.37,16.2147,92.9113,8.9
Papaya,Silty,Normal,High,None,Moderate,Yes,0.304,14.7,39.9,91.0,57.0,6.79,36.2,37.2,47.7,59.5,4.23,33.898,94.6856,13.2
Mothbeans,Silty,Normal,High,None,High,Yes,0.311,11.3,28.6,57.3,36.1,4.8,22.6,52.0,18.2,33.1,1.65,32.1817,70.7852,1.7
Banana,Loamy,Normal,High,None,Low,No,0.673,24.8,26.8,79.7,103.8,6.46,100.2,87.1,48.6,81.6,6.34,15.0367,82.854,0.0
Papaya,Loamy,Normal,High,Papaya Ring Spot Virus,Low,No,0.578,38.3,37.4,90.6,137.2,6.84,66.0,56.9,45.5,69.7,4.39,11.1044,85.2359,3.8
Coconut,Silty,Normal,High,Root Wilt,Low,No,0.331,34.5,28.7,96.7,135.0,6.24,19.3,13.3,25.6,55.9,3.37,32.7154,76.7259,0.8
Rice,Silty,Rainy,Medium,Rice Blast,Low,No,0.687,62.2,21.3,80.8,228.0,7.2,108.3,50.6,37.0,59.7,3.98,19.7322,96.4982,3.7
Papaya,Clayey,Normal,High,None,High,Yes,0.288,19.7,34.2,90.6,44.5,6.57,40.4,50.3,49.4,63.9,2.49,10.9006,85.0742,8.2
Lentil,Silty,Normal,Low,None,High,Yes,0.302,10.5,23.0,64.2,44.1,5.56,15.6,72.4,16.1,47.6,2.36,12.0398,93.5903,4.7
Rice,Sandy,Rainy,High,Rice Blast,Low,No,0.661,63.7,30.1,81.7,208.6,6.77,118.9,43.9,43.6,70.5,4.28,16.0719,90.1156,0.1
Grapes,Sandy,Normal,High,Powdery Mildew,Moderate,Yes,0.281,23.0,38.8,83.0,72.1,5.68,2.7,141.0,199.8,78.8,3.51,25.9068,79.7094,12.1
Mothbeans,Clayey,Normal,High,None,Moderate,Yes,0.375,28.5,29.4,42.9,64.7,5.0,9.3,51.6,20.0,34.8,2.53,20.1816,69.8667,10.9
Kidneybeans,Clayey,Cool,Low,None,Moderate,Yes,0.201,29.8,18.7,21.3,75.7,5.53,1.5,73.7,19.4,44.3,3.59,16.2966,73.8346,13.9
Orange,Loamy,Normal,High,Citrus Canker,Low,No,0.487,35.3,25.7,93.3,116.2,6.31,32.3,9.8,10.8,52.9,3.25,34.4187,86.6247,1.5
Mungbean,Loamy,Normal,High,None,High,Yes,0.287,12.9,28.9,85.6,36.7,6.21,22.8,46.8,18.5,52.5,2.04,11.4199,74.6866,2.2
Banana,Clayey,Normal,High,None,Low,No,0.479,32.2,29.1,78.9,116.2,5.86,80.9,90.5,47.9,68.6,5.59,19.5774,69.6428,18.2
Kidneybeans,Sandy,Normal,Low,None,Moderate,Yes,0.422,21.2,21.5,15.3,78.0,5.92,23.3,78.4,24.8,54.6,4.12,22.3131,91.3642,1.9
Cotton,Sandy,Normal,High,None,Moderate,Yes,0.567,31.1,24.9,84.5,84.5,6.7,128.1,54.1,15.4,76.4,4.62,22.7205,86.8598,1.0
Pomegranate,Loamy,Normal,High,Bacterial Blight,Low,No,0.414,32.8,24.5,85.3,102.9,6.67,31.3,26.9,37.3,61.3,3.44,18.9396,71.6319,2.9
Papaya,Clayey,Normal,High,Papaya Ring Spot Virus,Low,No,0.345,29.9,39.7,91.8,131.7,6.6,35.5,45.9,54.0,66.4,4.13,31.0022,84.4734,16.5
Rice,Clayey,Rainy,High,Rice Blast,Low,No,0.739,69.8,21.1,82.2,197.1,5.71,112.4,41.2,35.6,67.3,3.99,27.0411,70.215,4.6
Mungbean,Sandy,Normal,High,None,Moderate,Yes,0.371,16.6,29.7,82.2,58.5,7.07,19.8,53.4,18.6,54.9,3.61,9.5659,94.1123,3.1
Cotton,Loamy,Normal,High,Bacterial Blight,Moderate,Yes,0.548,34.3,24.2,80.2,82.1,6.11,119.4,37.0,24.1,69.9,3.35,21.1591,71.3129,1.9
Maize,Clayey,Normal,Low,None,Moderate,Yes,0.385,24.0,29.6,56.2,79.2,6.78,70.8,49.7,18.0,62.7,5.25,23.4423,87.1517,5.6
Mango,Silty,Normal,Medium,None,Low,No,0.35,23.1,28.4,53.3,100.1,5.16,37.5,37.8,32.5,46.5,5.1,29.8196,91.4145,1.9
Coffee,Clayey,Normal,Low,None,Low,No,0.687,42.8,24.2,64.4,133.4,7.15,91.5,39.8,30.3,65.8,6.5,27.7954,75.9574,11.8
Papaya,Sandy,Rainy,High,Papaya Ring Spot Virus,Low,No,0.551,43.7,27.7,91.3,177.1,6.63,41.8,49.3,45.4,63.3,3.6,8.5007,68.2573,4.8
Mango,Sandy,Normal,Medium,None,Moderate,Yes,0.315,24.4,25.6,54.4,97.2,5.19,19.2,36.1,27.2,38.4,2.87,26.2798,72.2602,3.0
Maize,Sandy,Normal,Low,None,Moderate,Yes,0.431,40.4,24.1,63.8,87.7,5.98,69.3,51.4,16.8,64.6,5.56,18.2467,88.8313,10.8
Mango,Sandy,Normal,Low,Bacterial Canker,Low,No,0.35,25.6,25.8,47.0,101.6,5.93,4.4,27.7,26.1,48.3,3.71,17.7146,79.836,15.1
Apple,Sandy,Normal,High,Apple Scab,Low,No,0.344,33.9,21.8,91.5,114.8,5.65,37.7,127.4,195.3,81.0,4.65,27.0547,72.3522,3.3
Jute,Loamy,Rainy,High,Stem Rot,Low,No,0.541,60.8,22.2,80.1,177.4,6.86,63.1,36.9,44.4,66.4,3.84,20.7895,75.8063,17.3
Pomegranate,Silty,Normal,High,Bacterial Blight,Low,No,0.457,37.0,24.8,87.3,114.6,5.97,36.4,13.2,43.0,58.6,3.43,10.2169,78.5066,1.4
Blackgram,Sandy,Normal,High,Powdery Mildew,Moderate,Yes,0.362,24.2,33.3,61.3,71.6,7.04,38.0,65.5,20.7,54.2,2.22,19.8466,82.6458,0.7
Apple,Clayey,Normal,High,Apple Scab,Low,No,0.39,44.8,24.4,90.1,106.6,5.62,25.3,139.3,204.0,85.9,4.2,12.8411,70.1174,1.6
Orange,Loamy,Normal,High,None,Low,No,0.487,45.2,20.1,92.8,102.4,7.07,36.7,27.6,8.5,51.9,4.44,18.2938,81.018,0.9
Muskmelon,Loamy,Normal,High,None,High,Yes,0.603,12.8,28.5,93.7,25.9,6.36,109.6,15.9,52.6,66.8,2.91,21.1523,77.2927,0.0
Coconut,Silty,Rainy,High,Root Wilt,Low,No,0.413,62.8,27.5,90.5,179.9,6.02,11.2,24.3,27.3,48.8,3.2,9.2161,95.4065,11.2
Mungbean,Sandy,Normal,High,None,High,Yes,0.289,11.8,27.9,83.5,42.2,6.25,17.2,42.0,23.8,53.5,2.58,27.3266,72.0891,1.7
Orange,Silty,Normal,High,Citrus Canker,Low,No,0.453,20.2,34.0,92.7,100.1,7.2,30.2,5.7,14.0,43.3,2.23,21.1616,94.6219,3.0
Kidneybeans,Loamy,Normal,Medium,None,Moderate,Yes,0.292,18.6,23.6,24.9,70.5,6.23,17.8,65.8,17.6,61.8,4.91,21.1505,89.3301,4.5
Chickpea,Loamy,Normal,Low,None,Moderate,Yes,0.481,32.3,21.5,19.3,74.5,7.88,48.3,62.9,84.2,58.4,4.57,25.004,93.2913,0.0
Mungbean,Loamy,Normal,High,None,Moderate,Yes,0.377,27.7,29.2,82.8,56.9,6.3,10.6,38.8,23.1,58.7,3.9,14.0479,73.1653,8.4
Lentil,Silty,Normal,High,None,Moderate,Yes,0.391,30.4,22.2,65.3,52.6,7.41,24.5,70.8,17.3,52.8,3.36,21.9478,70.7995,0.0
Pomegranate,Silty,Normal,Medium,Bacterial Blight,Low,No,0.327,36.8,21.0,86.8,109.9,6.93,16.8,16.2,37.5,48.9,3.67,8.8399,75.7698,2.1
Watermelon,Sandy,Normal,High,Anthracnose,High,Yes,0.566,16.6,23.2,83.9,48.0,6.44,82.4,24.3,47.6,70.7,1.93,19.8845,84.6027,13.2
Mungbean,Sandy,Normal,High,None,Moderate,Yes,0.252,18.8,28.8,81.3,58.8,6.81,31.2,37.8,24.7,60.1,3.99,26.993,83.0408,0.5
Mungbean,Loamy,Normal,High,None,High,Yes,0.34,18.3,29.2,82.9,44.3,6.24,39.4,56.0,19.0,58.1,2.63,23.2701,82.5435,3.5
Maize,Sandy,Normal,Low,None,Moderate,Yes,0.512,27.1,27.3,59.9,66.2,5.91,66.3,42.5,17.3,53.6,4.39,28.4012,89.2465,9.1
Papaya,Sandy,Normal,High,Papaya Ring Spot Virus,Low,No,0.425,30.2,36.5,91.0,105.6,6.8,54.2,38.8,52.4,59.1,3.22,27.0255,81.6706,0.0
Chickpea,Loamy,Cool,Low,None,Moderate,Yes,0.458,35.3,19.3,17.0,76.5,7.02,28.9,65.2,77.8,68.6,5.97,19.5231,74.7314,9.5
Coconut,Silty,Normal,High,Root Wilt,Low,No,0.451,47.7,28.1,90.8,149.7,6.06,4.4,12.8,26.4,45.0,2.64,32.3499,90.0569,10.9
Apple,Silty,Normal,High,Apple Scab,Low,No,0.24,42.8,20.8,91.6,110.2,6.07,10.1,127.8,198.4,88.4,4.95,14.8364,81.3798,9.3
Papaya,Silty,Rainy,High,None,Low,No,0.515,65.6,24.8,93.5,198.9,6.69,64.3,59.8,45.8,65.2,5.26,12.9509,91.2915,1.4
Papaya,Clayey,Normal,High,Phytophthora Blight,Moderate,Yes,0.395,33.7,39.9,93.6,96.9,6.94,46.7,35.2,46.2,60.4,2.95,31.2816,95.6079,3.2
Cotton,Silty,Normal,High,Bacterial Blight,Moderate,Yes,0.585,31.7,24.6,82.2,65.4,7.2,110.0,46.6,24.4,57.7,2.34,36.3323,77.0434,7.3
Kidneybeans,Sandy,Cool,Low,None,Low,No,0.317,42.2,19.7,16.6,110.3,5.85,21.5,63.3,15.6,57.5,6.15,24.9496,76.8668,2.4
Grapes,Silty,Cool,Medium,Anthracnose,Moderate,Yes,0.31,31.9,14.5,83.0,67.2,5.6,37.4,134.0,201.4,80.1,4.86,25.5385,96.0331,3.2
Cotton,Sandy,Normal,High,Bacterial Blight,Moderate,Yes,0.584,25.9,23.9,84.9,92.1,5.68,126.7,46.8,16.7,65.9,2.69,22.8395,80.751,2.7
Banana,Clayey,Normal,High,Panama Wilt,Low,No,0.632,29.7,27.0,82.7,100.6,6.21,92.1,89.0,47.4,70.1,4.3,28.6291,92.3564,8.2
Apple,Silty,Normal,High,Apple Scab,Low,No,0.472,45.6,24.5,93.3,121.7,5.68,27.8,126.3,196.2,80.5,4.88,34.6976,73.5385,0.6
Rice,Sandy,Rainy,High,Rice Blast,Low,No,0.693,71.0,31.7,81.6,287.4,7.28,71.8,44.0,36.9,55.7,2.86,28.1695,75.3381,17.0
Coconut,Loamy,Rainy,High,None,Low,No,0.544,56.7,30.0,96.3,175.0,5.99,32.9,26.6,34.3,57.5,5.02,12.4426,89.3497,4.1
Pigeonpeas,Loamy,Rainy,Medium,None,Low,No,0.349,62.3,27.8,58.4,184.4,5.44,3.3,75.9,16.2,48.4,5.22,17.1779,88.57,17.7
Coconut,Sandy,Normal,High,Root Wilt,Low,No,0.357,47.3,28.3,94.2,135.8,6.17,28.9,14.2,25.1,50.3,2.55,25.6473,87.9728,0.9
Jute,Loamy,Rainy,Low,Anthracnose,Low,No,0.674,57.5,22.7,77.0,178.4,6.51,89.9,55.9,35.0,72.1,4.81,17.2075,86.1721,0.0
Mothbeans,Clayey,Normal,Medium,None,Moderate,Yes,0.386,33.8,24.7,59.0,67.7,5.1,31.5,40.4,18.7,38.3,3.33,13.1621,72.0724,0.2
Blackgram,Silty,Normal,High,Powdery Mildew,Moderate,Yes,0.385,16.2,34.8,62.6,61.4,6.94,53.4,61.8,17.0,63.0,2.66,35.5403,84.9715,0.0
Coconut,Loamy,Rainy,High,Root Wilt,Low,No,0.421,64.5,29.1,98.0,196.5,5.71,8.4,22.6,28.5,49.1,2.65,21.563,68.912,8.1
Coffee,Loamy,Rainy,Low,None,Low,No,0.656,51.4,23.2,61.3,191.1,6.99,105.2,26.9,29.7,61.8,6.15,26.7886,70.906,4.4
Pomegranate,Sandy,Normal,High,Bacterial Blight,Low,No,0.375,38.4,21.1,91.2,110.4,6.39,6.5,18.7,42.5,54.3,3.29,16.705,96.1522,14.9
Orange,Clayey,Normal,High,Citrus Canker,Low,No,0.276,37.3,24.4,93.0,103.3,6.25,4.3,15.6,7.7,51.8,2.71,17.6613,95.8375,17.3
Pomegranate,Clayey,Normal,High,Bacterial Blight,Low,No,0.328,33.2,20.8,89.6,103.0,6.49,31.7,8.5,38.5,56.5,3.06,27.8567,92.5244,0.6
Apple,Silty,Normal,High,Apple Scab,Low,No,0.32,33.0,22.0,91.1,109.4,5.97,6.4,122.5,200.5,87.8,4.93,19.5966,77.4862,10.9
Coffee,Sandy,Rainy,Medium,None,Low,No,0.619,55.2,20.7,59.8,162.8,7.11,109.2,25.6,28.9,64.4,6.8,25.7064,89.7988,4.4
Jute,Silty,Rainy,Low,Anthracnose,Low,No,0.487,47.1,23.0,71.9,159.0,6.58,69.2,47.5,35.4,69.7,5.34,13.206,79.5483,10.3
Kidneybeans,Silty,Cool,Low,None,Moderate,Yes,0.278,29.8,16.0,23.6,61.1,6.3,18.6,57.1,21.9,58.2,5.13,19.6494,90.3694,1.2
Lentil,Clayey,Normal,Medium,None,High,Yes,0.403,28.1,28.9,65.0,49.2,7.06,29.7,57.9,23.1,51.9,2.6,27.5668,72.3612,0.4
Coconut,Sandy,Normal,High,Root Wilt,Low,No,0.437,40.2,29.4,94.3,133.8,5.96,10.3,17.9,31.1,45.3,2.78,30.2382,68.6824,7.6
Pomegranate,Loamy,Normal,High,Bacterial Blight,Low,No,0.389,30.6,22.5,91.0,100.5,6.04,14.3,5.4,38.2,46.5,2.81,20.5019,75.9662,9.4
Cotton,Loamy,Normal,Medium,Bacterial Blight,Moderate,Yes,0.551,17.9,23.7,80.2,63.1,6.42,109.8,55.6,23.3,77.2,4.6,17.7954,86.4655,8.3
Grapes,Sandy,Normal,High,None,Moderate,Yes,0.195,17.9,28.9,84.4,69.3,6.34,0.9,143.8,197.6,88.1,5.5,15.0688,91.1697,15.9
Apple,Loamy,Normal,High,Apple Scab,Low,No,0.305,28.9,23.4,90.9,101.1,6.0,8.6,143.4,197.7,84.4,4.81,27.0592,75.9683,10.4
Jute,Sandy,Rainy,High,Anthracnose,Low,No,0.659,59.6,23.2,71.3,185.6,6.43,72.7,40.5,35.2,68.9,4.3,8.3644,77.8773,6.2
Muskmelon,Silty,Normal,High,None,High,Yes,0.502,14.0,27.7,90.9,24.0,6.2,86.1,26.4,50.0,61.7,2.24,29.6923,83.3582,11.3
Banana,Silty,Normal,High,Panama Wilt,Low,No,0.636,38.4,27.9,81.2,102.5,6.06,98.1,81.7,46.6,69.9,4.05,18.9744,95.5158,0.4
Grapes,Silty,Cool,High,Anthracnose,Moderate,Yes,0.278,30.6,13.7,80.8,72.3,6.28,8.7,144.8,200.7,93.6,3.9,26.278,87.2628,11.8
Jute,Clayey,Rainy,High,Stem Rot,Low,No,0.697,53.2,23.9,87.2,173.2,6.74,90.5,42.9,40.4,72.5,4.19,17.6876,81.4566,0.0
Kidneybeans,Silty,Cool,Low,None,Moderate,Yes,0.34,39.8,19.1,21.4,72.5,6.12,15.3,71.3,24.7,59.5,4.66,24.5099,81.6855,2.4
Mango,Silty,Normal,High,None,Low,No,0.297,37.6,28.9,50.1,103.3,4.98,0.9,30.0,32.9,33.7,2.65,16.4965,93.9389,14.7
Muskmelon,Clayey,Normal,High,None,High,Yes,0.568,20.7,26.2,90.9,26.4,6.23,98.4,22.1,49.4,71.1,3.31,8.1996,68.9374,4.0
Orange,Loamy,Normal,High,Citrus Canker,Low,No,0.472,40.0,20.4,91.3,102.4,7.07,39.8,26.6,5.7,51.2,3.15,16.4959,79.5535,3.8
Maize,Loamy,Normal,High,None,Moderate,Yes,0.433,31.6,25.8,63.6,67.3,5.69,74.5,52.9,20.1,59.4,3.83,17.8552,94.4763,7.9
Mungbean,Silty,Normal,High,None,Moderate,Yes,0.253,24.0,28.4,87.1,53.9,7.13,10.6,43.3,21.9,48.8,3.04,9.0366,72.0606,9.2
Rice,Clayey,Rainy,High,Rice Blast,Low,No,0.649,71.2,25.8,84.7,245.1,5.4,73.3,44.3,38.6,51.7,3.28,15.4619,74.6096,17.3
Coconut,Clayey,Rainy,High,Root Wilt,Low,No,0.427,44.1,28.6,97.5,168.6,6.5,12.1,19.6,27.6,55.8,3.08,18.8565,93.0969,7.7
Mothbeans,Loamy,Normal,High,None,High,Yes,0.281,10.2,27.0,56.7,40.1,3.92,34.8,47.1,19.8,27.0,1.18,24.5128,86.5205,0.0
Orange,Loamy,Cool,Low,Citrus Canker,Low,No,0.367,53.2,10.8,93.1,110.1,7.43,35.9,23.5,8.6,48.7,3.53,15.0961,91.1208,0.0
Jute,Clayey,Rainy,High,Stem Rot,Low,No,0.682,57.5,21.8,89.6,163.9,6.4,94.3,40.7,42.2,74.9,4.06,15.0743,90.0887,1.3
Kidneybeans,Silty,Normal,Low,None,Moderate,Yes,0.268,28.2,21.3,17.0,67.5,5.62,21.5,74.5,18.2,48.8,4.07,32.973,71.2342,4.2
Jute,Sandy,Rainy,High,Anthracnose,Low,No,0.572,49.3,24.6,70.0,180.1,7.13,67.8,55.1,41.1,61.6,3.84,15.2216,75.9834,11.7
Pomegranate,Sandy,Cool,Low,Bacterial Blight,Low,No,0.378,32.6,19.3,85.1,107.6,6.84,25.0,7.8,42.6,57.2,4.06,26.4986,83.6191,0.0
Kidneybeans,Clayey,Cool,Low,None,Moderate,Yes,0.396,35.5,18.2,20.3,87.0,5.6,30.5,60.3,20.0,47.6,4.14,32.7184,85.6936,0.0
Orange,Sandy,Normal,High,Citrus Canker,Low,No,0.493,30.5,29.5,91.3,109.4,7.4,39.2,21.3,12.9,42.8,2.69,21.0415,80.3336,0.8
Watermelon,Sandy,Normal,High,Anthracnose,High,Yes,0.433,27.4,24.1,86.5,49.1,6.14,80.2,28.5,45.6,61.2,1.43,20.3975,79.0898,17.7
Mungbean,Loamy,Normal,High,None,Moderate,Yes,0.433,22.1,27.8,80.7,53.1,6.24,31.9,50.4,19.4,63.5,4.53,28.4882,75.2455,4.9
Coconut,Silty,Normal,High,Root Wilt,Low,No,0.31,49.3,26.4,93.7,140.5,6.42,15.0,7.5,31.4,53.9,3.19,24.6486,84.2933,5.1
Banana,Sandy,Normal,High,None,Low,No,0.521,42.1,27.7,77.9,113.2,5.52,102.9,89.1,47.6,68.1,5.5,33.653,73.3401,1.3
Muskmelon,Loamy,Normal,High,None,High,Yes,0.52,11.1,26.3,93.0,21.4,6.47,94.5,10.0,54.7,72.5,3.39,18.8308,84.4057,9.4
Orange,Clayey,Cool,High,Citrus Canker,Low,No,0.32,39.7,17.1,91.7,101.5,6.1,34.9,13.2,10.4,47.7,2.44,34.7524,85.6909,5.0
Chickpea,Silty,Normal,Low,None,Moderate,Yes,0.344,34.6,21.8,18.8,84.5,7.72,50.7,65.8,77.8,55.3,4.36,26.087,79.3085,0.0
Banana,Clayey,Normal,High,None,Low,No,0.641,36.6,28.4,78.3,110.0,5.96,97.1,76.5,47.2,68.4,5.34,13.266,68.7605,4.5
Maize,Clayey,Normal,Medium,Stalk Rot,Moderate,Yes,0.492,26.3,21.9,61.3,70.4,5.85,91.2,48.5,24.5,58.9,3.1,35.4924,68.7373,4.1
Mungbean,Loamy,Normal,High,None,High,Yes,0.216,24.4,27.6,83.8,37.3,7.22,15.2,46.2,19.0,52.0,1.88,22.1841,85.5406,7.1
Banana,Loamy,Normal,High,None,Low,No,0.498,35.4,27.5,79.8,118.3,6.01,96.6,75.3,45.9,69.4,5.5,9.8939,95.4323,5.3
Blackgram,Clayey,Normal,Low,None,Moderate,Yes,0.465,19.1,28.9,64.7,64.1,7.45,60.0,57.1,21.4,50.1,3.81,12.517,88.157,3.3
Maize,Clayey,Normal,Medium,None,Moderate,Yes,0.455,31.2,21.5,67.4,81.0,6.73,83.8,40.2,22.4,61.5,4.71,12.7088,82.4291,0.1
Jute,Silty,Rainy,High,Anthracnose,Low,No,0.635,49.0,20.3,70.5,173.5,6.04,74.9,56.0,41.2,64.1,3.42,10.9033,78.1113,3.6
Watermelon,Silty,Normal,High,None,High,Yes,0.605,19.2,29.8,88.6,42.7,6.54,119.5,7.8,49.8,69.7,3.01,18.6019,85.7947,3.0
Apple,Sandy,Normal,High,Apple Scab,Low,No,0.392,42.2,20.6,92.6,103.6,6.31,19.7,140.8,200.7,94.5,4.36,13.3542,87.1217,0.5
Muskmelon,Loamy,Normal,High,None,High,Yes,0.561,13.3,29.4,93.8,24.2,6.07,106.7,18.0,50.8,70.1,2.81,9.3925,73.739,0.0
Pigeonpeas,Silty,Rainy,Medium,None,Low,No,0.394,63.2,26.7,30.5,184.3,5.94,25.4,75.9,17.4,61.6,6.22,15.6213,80.756,3.2
Jute,Sandy,Rainy,High,None,Low,No,0.643,55.3,28.9,75.1,174.4,7.21,90.7,58.1,38.4,64.9,5.52,20.3689,68.737,1.8
Kidneybeans,Clayey,Normal,Low,None,Moderate,Yes,0.301,42.8,20.5,18.0,87.6,6.37,9.1,66.4,16.1,55.5,4.85,22.8162,72.1095,11.5
Rice,Clayey,Rainy,High,Rice Blast,Low,No,0.569,44.9,35.6,82.8,157.0,6.33,71.9,53.6,40.3,70.2,4.17,26.4123,92.9093,14.0
Pigeonpeas,Silty,Normal,Medium,None,Low,No,0.374,45.0,22.4,32.0,134.1,7.41,21.6,78.9,19.2,51.2,5.4,16.6998,70.1712,3.0
Coffee,Clayey,Normal,Medium,None,Low,No,0.652,43.3,29.6,51.2,122.9,6.62,92.5,38.1,31.1,71.6,7.38,19.339,73.6078,9.9
Chickpea,Sandy,Normal,Low,None,Moderate,Yes,0.309,25.0,21.0,17.3,85.2,7.26,29.1,78.7,76.4,60.0,4.91,23.203,90.3781,10.9
Blackgram,Loamy,Normal,High,Powdery Mildew,Moderate,Yes,0.489,20.5,32.4,64.5,74.7,6.57,46.4,62.5,16.2,62.4,2.7,26.1801,80.3514,0.0
Apple,Silty,Normal,High,Apple Scab,Low,No,0.47,39.9,25.0,93.0,109.1,6.1,30.3,125.6,196.0,91.6,4.26,30.3284,92.4274,3.1
Lentil,Silty,Normal,High,None,High,Yes,0.32,24.3,21.0,63.6,49.3,5.53,25.6,63.2,21.7,47.1,2.38,31.9616,82.148,2.2
Coconut,Clayey,Rainy,High,Root Wilt,Low,No,0.539,62.8,26.9,96.0,205.4,6.09,15.0,18.0,34.3,48.7,3.0,25.5104,91.6432,7.0
Maize,Loamy,Normal,Low,None,Low,No,0.537,40.0,24.9,65.5,100.7,6.91,73.9,54.7,23.5,64.8,6.2,35.4325,70.8653,9.3
Rice,Sandy,Rainy,High,Rice Blast,Low,No,0.673,42.7,36.4,81.7,187.3,7.43,103.7,56.2,37.5,60.9,3.73,23.8711,77.3346,0.8
Mango,Loamy,Normal,High,None,Low,No,0.484,30.3,25.9,48.5,101.1,5.85,31.2,19.3,30.0,48.8,4.1,26.5448,89.9404,0.0
Apple,Sandy,Normal,High,Apple Scab,Low,No,0.359,43.7,23.8,94.8,102.8,5.82,14.0,140.1,204.0,87.1,4.5,28.1734,73.76,3.4
Cotton,Sandy,Normal,High,Bacterial Blight,Moderate,Yes,0.633,34.0,20.7,78.4,65.3,6.21,136.6,51.6,23.5,74.6,3.11,36.9837,80.8335,0.0
Papaya,Sandy,Rainy,High,Papaya Ring Spot Virus,Low,No,0.515,72.5,26.8,93.5,223.8,6.61,36.2,59.8,45.3,62.5,3.89,22.0149,80.7295,12.9
Coconut,Sandy,Rainy,High,Root Wilt,Low,No,0.341,56.9,27.0,95.8,166.8,6.4,7.7,9.7,30.2,53.2,3.4,35.1707,77.2845,10.3
Pigeonpeas,Loamy,Rainy,High,Fusarium Wilt,Low,No,0.525,57.3,35.5,53.2,190.9,4.79,12.9,75.7,22.0,39.7,2.2,28.3622,96.3183,9.5
Blackgram,Loamy,Normal,High,Powdery Mildew,Moderate,Yes,0.319,25.4,31.2,65.0,74.3,6.94,38.6,69.4,15.5,59.8,2.94,9.8495,78.278,5.8
Lentil,Sandy,Normal,Medium,None,Moderate,Yes,0.416,15.4,26.6,64.9,53.9,6.91,22.8,78.7,22.3,59.2,5.07,22.7307,79.8071,3.4
Coffee,Clayey,Rainy,High,None,Low,No,0.59,48.9,20.5,65.1,179.7,6.88,103.5,36.6,34.7,65.5,5.73,30.4383,96.6981,3.9
Rice,Clayey,Rainy,Medium,Rice Blast,Low,No,0.753,85.2,21.8,84.7,292.4,6.44,99.0,47.4,36.2,73.9,5.12,13.1449,80.4805,0.0
Chickpea,Loamy,Normal,High,None,Moderate,Yes,0.371,18.9,29.8,16.3,87.6,6.52,27.4,65.0,77.3,72.0,4.44,35.9444,83.3445,8.1
Grapes,Loamy,Cool,High,Anthracnose,Moderate,Yes,0.306,29.7,20.0,80.3,71.4,5.67,12.3,140.0,200.7,87.1,3.76,24.6456,93.8517,9.1
Mothbeans,Loamy,Normal,Medium,None,Moderate,Yes,0.248,31.7,29.0,67.4,65.7,9.27,20.3,55.4,19.5,26.6,2.3,12.8542,70.8919,0.0
Pigeonpeas,Sandy,Normal,High,Fusarium Wilt,Low,No,0.377,39.0,38.4,51.9,139.3,5.67,39.9,78.0,24.4,54.3,3.39,13.4619,79.7243,0.5
Apple,Silty,Normal,High,Apple Scab,Low,No,0.373,39.5,24.2,90.5,116.6,6.02,32.4,142.7,202.1,91.0,4.41,11.9288,90.1422,0.1
Jute,Loamy,Rainy,High,Anthracnose,Low,No,0.562,67.9,20.2,72.1,180.5,6.84,77.1,45.9,35.8,67.7,3.64,10.5864,93.8707,5.6
Coconut,Silty,Normal,High,Root Wilt,Low,No,0.503,36.6,27.7,90.5,147.9,5.8,21.7,21.0,32.4,52.7,3.33,22.7536,87.7529,0.0
Mungbean,Clayey,Normal,High,None,High,Yes,0.28,10.0,29.1,80.7,40.2,6.31,3.9,58.7,23.9,62.3,2.42,34.2275,87.1282,17.2
Banana,Silty,Normal,High,None,Moderate,Yes,0.585,35.1,26.9,83.4,94.3,5.54,119.4,94.7,53.3,73.6,5.1,26.1595,73.9414,4.2
Lentil,Loamy,Normal,High,None,Moderate,Yes,0.248,12.4,22.5,68.4,50.6,5.88,16.4,55.3,23.2,54.9,3.32,27.9955,70.0452,1.7
Mothbeans,Sandy,Normal,High,None,Moderate,Yes,0.45,20.8,26.6,67.7,60.6,5.17,36.1,47.2,16.8,43.8,3.11,19.4523,93.6824,0.0
Chickpea,Loamy,Normal,Low,None,Moderate,Yes,0.459,17.9,29.9,14.7,71.9,5.83,42.2,67.4,76.3,66.3,5.3,29.412,80.8187,3.4
Coffee,Sandy,Rainy,Medium,None,Low,No,0.699,70.1,22.1,56.4,195.4,6.85,117.3,34.2,26.9,71.5,7.36,19.348,72.4398,0.0
Chickpea,Sandy,Normal,Low,None,Moderate,Yes,0.394,26.9,25.8,10.3,90.3,6.82,29.0,70.7,78.4,64.3,4.89,23.0234,68.5064,11.8
Banana,Loamy,Normal,High,None,Low,No,0.639,29.8,26.2,78.8,114.4,6.06,94.8,73.6,46.0,67.8,5.14,31.896,81.8164,6.1
Grapes,Clayey,Normal,High,Powdery Mildew,Moderate,Yes,0.398,21.4,31.9,83.4,68.5,6.11,11.3,135.4,199.5,91.9,3.57,12.1878,86.4757,6.2
Grapes,Silty,Cool,Low,Anthracnose,Moderate,Yes,0.426,35.1,8.7,84.0,69.6,5.64,40.0,142.0,198.7,82.6,4.46,35.3146,80.2131,0.9
Muskmelon,Sandy,Normal,High,None,High,Yes,0.445,10.0,26.6,92.0,22.1,6.36,97.8,14.7,48.6,65.1,2.92,19.838,86.676,1.3
Pigeonpeas,Silty,Normal,High,Fusarium Wilt,Low,No,0.329,33.9,37.9,68.2,135.3,7.11,18.8,68.6,19.5,58.5,3.73,8.6912,73.9871,2.9
Mothbeans,Clayey,Normal,Medium,None,High,Yes,0.252,17.1,25.2,46.1,38.9,8.58,10.9,53.6,20.6,34.6,2.18,25.7574,89.3242,11.4
Coffee,Clayey,Normal,High,None,Low,No,0.644,34.0,29.2,67.4,118.1,6.5,83.9,16.6,25.2,68.1,5.44,34.3681,84.92,16.7
Apple,Silty,Normal,High,Apple Scab,Low,No,0.266,44.0,24.0,90.8,104.1,6.38,13.5,124.4,198.0,89.4,4.73,34.2059,96.3076,7.8
Pigeonpeas,Silty,Rainy,High,Fusarium Wilt,Low,No,0.496,57.6,37.4,48.9,174.4,5.93,36.4,57.4,15.4,54.1,3.09,8.5758,82.2612,2.7
Mango,Clayey,Normal,High,None,Moderate,Yes,0.324,41.8,25.7,46.3,92.9,5.25,35.4,39.7,33.9,48.7,3.38,35.5141,70.4091,2.2
Apple,Clayey,Normal,High,Apple Scab,Low,No,0.313,46.4,20.8,94.3,107.0,5.69,0.6,142.3,199.2,81.1,4.74,15.6303,96.8885,15.9
Lentil,Silty,Cool,Low,None,Moderate,Yes,0.365,29.8,19.0,65.5,54.6,5.76,30.0,74.0,19.6,50.1,4.01,9.0435,87.4852,2.9
Banana,Loamy,Normal,High,Panama Wilt,Low,No,0.523,27.1,27.1,82.1,100.4,5.63,94.7,82.8,54.9,64.5,3.38,27.3205,77.2398,5.8
Kidneybeans,Loamy,Cool,Low,None,Low,No,0.261,32.8,17.4,16.8,111.5,5.56,0.9,58.2,22.6,42.6,4.66,25.9064,72.5311,17.6
Muskmelon,Loamy,Normal,High,None,High,Yes,0.615,10.0,28.1,90.3,29.2,6.07,105.2,13.3,51.6,67.3,2.94,14.0964,88.7924,0.7
Jute,Clayey,Rainy,High,None,Low,No,0.632,56.2,29.9,82.1,164.4,6.28,81.2,46.9,37.0,63.1,4.89,13.7339,72.1729,1.8
Mungbean,Sandy,Normal,High,None,High,Yes,0.346,18.5,27.6,83.2,39.1,7.49,28.0,52.6,15.8,48.9,2.32,29.3279,83.386,2.6
Coffee,Silty,Rainy,Low,None,Low,No,0.687,45.5,20.6,56.9,165.8,7.1,90.1,33.9,25.6,62.8,6.52,17.2335,90.3702,12.3
Coffee,Clayey,Rainy,Low,None,Low,No,0.655,51.2,27.3,56.4,183.0,6.54,104.2,39.0,30.7,71.1,6.84,18.234,81.4834,1.2
Grapes,Clayey,Cool,Medium,Anthracnose,Moderate,Yes,0.246,27.5,12.5,83.8,65.2,5.92,18.5,142.5,199.5,91.7,4.53,31.7047,94.2555,0.2
Mothbeans,Clayey,Normal,Medium,None,High,Yes,0.328,23.9,26.2,37.9,37.1,6.73,8.7,35.4,19.7,52.4,2.72,20.6181,92.6963,10.5
Coffee,Loamy,Normal,Medium,None,Low,No,0.655,49.4,23.2,59.5,131.2,6.43,82.4,39.0,25.7,66.6,6.63,17.0077,85.9359,16.4
Cotton,Clayey,Normal,High,Bacterial Blight,Moderate,Yes,0.512,33.3,24.0,83.6,98.8,6.24,105.2,42.0,22.2,66.6,3.41,34.1741,86.3823,16.2
Apple,Clayey,Normal,High,Apple Scab,Low,No,0.425,47.4,21.7,91.0,108.0,5.63,31.5,133.9,200.8,80.6,4.56,8.5625,82.8179,0.0
Pigeonpeas,Sandy,Normal,High,Fusarium Wilt,Low,No,0.38,41.7,31.3,65.6,119.3,7.37,24.9,57.0,19.9,53.2,3.35,9.7116,75.151,2.4
Banana,Clayey,Normal,High,None,Moderate,Yes,0.645,26.1,28.9,84.6,99.4,5.98,94.2,85.5,50.6,74.5,4.71,9.7563,93.6584,6.3
Orange,Loamy,Normal,High,Citrus Canker,Low,No,0.24,35.2,30.5,90.1,102.9,6.39,11.3,24.8,9.2,56.7,3.61,12.2808,86.1508,8.8
Cotton,Loamy,Normal,Medium,Bacterial Blight,Moderate,Yes,0.625,24.4,22.3,77.0,71.4,6.71,117.8,42.9,24.4,65.2,3.65,17.1428,88.8945,3.6
Jute,Clayey,Rainy,High,Stem Rot,Low,No,0.639,42.0,26.1,85.2,166.2,6.97,77.4,43.1,36.8,63.1,3.29,12.3955,83.1606,6.7
Blackgram,Clayey,Normal,High,None,Moderate,Yes,0.246,23.0,25.8,63.4,66.0,6.57,23.7,64.0,18.6,65.2,4.52,21.0064,71.3422,17.4
Lentil,Clayey,Cool,High,None,High,Yes,0.179,27.9,18.3,66.4,44.6,6.89,9.1,56.4,21.8,59.8,2.4,26.3956,79.4785,10.3
Pomegranate,Sandy,Normal,High,Bacterial Blight,Low,No,0.376,26.7,21.9,85.4,103.1,6.38,19.7,21.7,42.0,60.8,3.24,14.1706,83.5507,4.7
Cotton,Sandy,Normal,Medium,None,Moderate,Yes,0.557,24.4,20.8,77.0,73.4,6.72,111.3,48.9,20.1,65.7,5.43,26.8908,82.8423,7.8
Mothbeans,Sandy,Hot & Dry,Medium,Root Rot,Moderate,Yes,0.236,24.9,31.5,38.2,63.1,8.44,4.5,44.7,16.1,27.6,1.76,14.6645,93.816,16.3
Mungbean,Clayey,Normal,High,None,Moderate,Yes,0.355,19.5,27.5,83.3,53.0,6.75,20.4,42.7,17.2,55.4,3.72,31.0551,87.3437,4.6
Chickpea,Clayey,Normal,Low,None,Moderate,Yes,0.381,30.3,24.3,18.6,92.9,8.34,44.7,77.1,83.5,50.1,3.88,13.5328,80.2718,4.1
Chickpea,Loamy,Cool,Low,None,Moderate,Yes,0.454,42.9,15.5,11.2,78.7,5.93,31.2,71.3,78.0,68.5,5.73,8.8807,95.0002,8.4
Rice,Clayey,Rainy,High,Rice Blast,Low,No,0.557,33.3,37.7,83.5,153.4,5.68,66.8,53.1,39.6,60.2,3.37,9.0777,80.5421,19.9
Mothbeans,Sandy,Normal,Low,None,High,Yes,0.35,25.2,24.5,60.8,42.7,5.33,38.9,49.4,15.4,41.4,2.13,8.0565,86.8553,4.1
Watermelon,Sandy,Normal,High,None,High,Yes,0.508,24.0,27.2,87.4,41.8,6.29,102.4,22.6,52.9,69.6,3.07,23.6822,77.3006,2.5
Watermelon,Silty,Normal,High,Anthracnose,Moderate,Yes,0.502,23.8,23.5,82.9,55.0,6.81,87.0,15.0,49.7,63.1,3.23,17.6513,78.4014,11.7
Papaya,Clayey,Rainy,High,Papaya Ring Spot Virus,Low,No,0.558,55.0,31.6,94.3,165.7,6.81,64.5,39.1,45.4,60.8,3.42,31.8799,93.541,4.9
Papaya,Sandy,Normal,High,Phytophthora Blight,Moderate,Yes,0.42,20.6,38.9,93.3,87.6,6.58,31.7,37.6,45.0,59.3,2.77,31.7615,74.3531,15.1
Watermelon,Loamy,Normal,High,None,Moderate,Yes,0.605,29.3,26.4,81.6,55.1,6.69,107.5,29.7,47.3,75.0,4.56,35.5532,75.0132,0.8
Mungbean,Loamy,Normal,High,None,High,Yes,0.357,10.0,27.1,80.3,39.6,6.18,21.7,37.4,23.1,53.3,2.36,8.3065,85.3293,0.4
Mango,Silty,Normal,Medium,None,Moderate,Yes,0.225,26.8,29.8,51.1,94.8,4.6,8.3,25.7,30.9,26.4,2.42,20.2583,85.0266,13.5
Coffee,Loamy,Rainy,Medium,None,Low,No,0.56,54.4,24.9,68.1,158.9,6.71,99.6,15.7,25.4,66.7,6.64,25.5047,81.6091,0.6
Papaya,Clayey,Rainy,High,Papaya Ring Spot Virus,Low,No,0.652,72.7,30.0,90.1,221.2,6.56,61.1,56.4,47.2,69.1,4.02,31.2379,83.5342,3.1
Lentil,Loamy,Normal,Low,None,High,Yes,0.274,10.0,28.8,62.9,40.8,5.83,23.4,72.5,19.9,51.4,2.47,19.2318,89.5914,2.6
Mothbeans,Loamy,Normal,Low,None,High,Yes,0.318,21.4,26.7,57.3,40.3,9.0,30.9,36.1,16.8,28.9,1.74,35.4535,84.3204,1.1
Mango,Loamy,Hot & Dry,Low,Powdery Mildew,Moderate,Yes,0.291,26.6,34.0,48.7,93.4,5.86,31.8,25.7,32.1,54.1,3.43,27.2764,81.7641,1.5
Blackgram,Loamy,Normal,High,None,Moderate,Yes,0.527,21.9,26.6,65.7,66.7,7.16,56.3,76.9,16.2,56.8,3.67,24.2303,74.7352,0.0
Pigeonpeas,Sandy,Normal,Low,None,Low,No,0.411,33.3,29.2,30.5,119.2,6.07,29.9,64.8,18.7,61.2,6.46,13.4713,81.768,1.4
Kidneybeans,Loamy,Normal,Low,None,Low,No,0.286,50.0,23.6,15.7,137.2,6.17,6.9,68.8,21.3,57.1,5.92,19.9918,86.1431,15.0
Lentil,Clayey,Normal,High,None,High,Yes,0.271,21.3,21.8,63.9,49.5,5.89,16.3,73.8,15.4,57.8,2.39,35.5322,82.7769,3.8
Jute,Loamy,Rainy,High,None,Low,No,0.46,54.9,27.7,78.7,153.3,6.05,66.3,50.0,37.9,59.2,4.66,26.8548,96.6137,11.4
Papaya,Clayey,Rainy,High,Papaya Ring Spot Virus,Low,No,0.589,63.4,31.0,92.4,216.3,6.88,54.2,58.0,53.6,67.1,4.01,36.2816,83.4494,2.3
Chickpea,Sandy,Cool,Low,None,Moderate,Yes,0.46,36.2,19.3,15.1,92.2,6.44,30.1,61.7,77.7,68.8,5.62,19.9346,75.6534,8.9
Coffee,Silty,Rainy,High,None,Low,No,0.664,52.8,28.0,63.8,171.7,6.28,87.5,30.3,32.9,62.8,4.82,28.9595,76.4524,9.7
Cotton,Clayey,Normal,Medium,Bacterial Blight,Moderate,Yes,0.61,30.9,23.2,80.0,79.4,5.99,131.6,55.8,16.8,68.6,3.75,36.0289,91.5803,4.9
Rice,Silty,Rainy,High,Rice Blast,Low,No,0.658,76.3,29.9,84.7,273.2,6.38,64.0,55.3,37.5,65.5,3.84,21.8147,79.2197,19.6
Mothbeans,Silty,Normal,Low,Yellow Mosaic,Moderate,Yes,0.194,14.2,24.3,32.8,54.1,4.2,4.9,54.0,24.9,30.0,1.84,8.2858,77.7906,14.4
Lentil,Clayey,Normal,Low,None,High,Yes,0.222,10.0,25.2,67.5,42.1,7.36,11.4,61.0,17.2,49.8,2.85,13.8911,85.8726,11.6
Chickpea,Clayey,Normal,Low,None,Moderate,Yes,0.348,29.2,27.1,11.2,77.2,6.24,42.8,70.4,84.7,74.9,5.89,16.9463,84.8095,2.2
Grapes,Sandy,Normal,Low,Anthracnose,Moderate,Yes,0.395,34.2,21.1,82.2,73.9,5.65,17.8,125.8,203.5,76.5,4.38,30.898,83.1941,2.0
Apple,Clayey,Normal,High,Apple Scab,Low,No,0.416,35.1,21.0,90.7,120.9,5.58,20.3,129.7,199.4,79.5,4.37,28.7331,94.0551,0.7
Apple,Silty,Normal,High,Apple Scab,Low,No,0.425,32.4,23.2,90.3,100.5,6.21,38.4,137.2,200.6,88.1,4.52,20.6835,78.0987,0.0
Lentil,Loamy,Normal,High,None,Moderate,Yes,0.402,18.3,25.7,66.0,51.9,7.12,19.1,59.2,23.5,56.5,3.39,28.1641,69.4519,0.0
Lentil,Loamy,Normal,High,None,High,Yes,0.297,15.0,21.3,69.2,41.2,5.96,18.1,62.3,23.6,51.2,2.37,35.6613,95.3038,0.7
Papaya,Loamy,Normal,High,Anthracnose,Moderate,Yes,0.45,18.7,23.3,94.8,56.2,6.8,48.8,45.6,46.7,66.2,2.96,13.1888,83.4761,0.3
Rice,Clayey,Rainy,High,Rice Blast,Low,No,0.57,57.0,36.3,82.5,209.1,7.24,79.5,39.3,37.7,62.5,3.66,16.099,75.1279,7.6
Kidneybeans,Silty,Cool,Low,None,Moderate,Yes,0.373,35.0,15.4,24.8,85.8,5.64,28.5,59.1,21.1,53.8,4.52,23.07,90.8052,2.0
Grapes,Silty,Normal,High,Anthracnose,Moderate,Yes,0.373,23.2,24.1,82.5,67.1,6.3,30.1,133.1,199.1,90.5,3.58,17.1218,73.7624,0.0
Watermelon,Silty,Normal,High,None,Moderate,Yes,0.552,14.8,25.9,87.6,55.9,6.14,111.0,23.8,49.5,71.9,4.67,21.4909,93.5891,1.2
Watermelon,Loamy,Normal,High,None,High,Yes,0.667,27.1,26.4,81.0,47.0,6.37,118.4,11.1,46.5,73.9,3.31,23.9966,69.1752,4.9
Apple,Sandy,Normal,High,Apple Scab,Low,No,0.339,31.6,22.5,90.1,118.6,5.6,2.7,128.3,198.1,78.4,4.36,25.7749,78.0608,14.1
Mango,Loamy,Normal,Low,None,Moderate,Yes,0.347,32.7,29.4,49.9,85.7,6.41,2.0,27.9,26.2,56.4,4.51,27.1579,80.756,17.4
Lentil,Clayey,Normal,Medium,None,High,Yes,0.155,10.0,25.4,62.8,35.9,5.94,5.8,74.1,17.0,53.3,3.07,20.3804,84.4774,16.3
Mungbean,Loamy,Normal,High,None,High,Yes,0.343,27.1,27.8,84.8,46.7,6.1,0.0,36.7,23.6,51.7,2.49,25.8872,96.4043,19.9
Lentil,Sandy,Normal,High,None,High,Yes,0.34,21.0,26.9,66.3,38.1,6.15,23.1,68.7,24.0,59.7,2.28,31.633,80.5823,0.0
Orange,Clayey,Cool,Low,Citrus Canker,Low,No,0.404,43.5,11.3,93.0,105.2,7.2,12.0,29.3,14.9,50.4,3.35,10.8593,83.7241,6.9
Grapes,Silty,Cool,Low,Anthracnose,Moderate,Yes,0.276,38.7,13.2,82.4,65.7,6.43,16.8,128.3,195.8,90.9,4.96,17.6798,78.741,2.7
Apple,Sandy,Normal,High,Apple Scab,Low,No,0.43,30.4,22.9,92.0,107.2,6.35,35.2,132.3,204.6,90.9,4.25,10.3808,91.0896,0.0
Papaya,Sandy,Normal,High,None,Moderate,Yes,0.38,10.0,36.5,93.5,50.8,6.58,47.1,57.4,54.3,66.7,4.63,18.3603,84.5879,0.6
Pomegranate,Loamy,Normal,High,Bacterial Blight,Low,No,0.275,32.8,24.9,91.1,102.9,6.73,13.2,6.0,40.8,59.1,3.5,23.2565,92.1223,5.4
Chickpea,Clayey,Normal,High,None,Moderate,Yes,0.338,23.7,26.6,15.1,71.7,6.99,38.5,76.3,76.6,65.3,4.24,35.5994,76.8856,3.8
Grapes,Loamy,Normal,High,Powdery Mildew,Moderate,Yes,0.358,11.7,35.1,83.3,69.6,5.71,16.7,143.3,202.9,79.7,3.63,12.3305,70.1298,6.0
Banana,Silty,Normal,High,None,Low,No,0.619,44.4,25.6,81.4,106.6,6.44,103.2,88.0,49.4,76.3,5.93,13.5532,69.9156,0.0
Lentil,Sandy,Normal,High,None,High,Yes,0.352,21.8,29.6,67.8,44.0,7.23,15.6,75.3,19.6,55.5,2.07,33.2061,72.7612,3.3
Chickpea,Loamy,Normal,High,None,Moderate,Yes,0.488,35.3,28.3,12.4,93.7,7.31,39.5,79.7,76.5,62.0,3.94,25.8314,77.7782,0.0
Orange,Clayey,Normal,High,Citrus Canker,Low,No,0.337,34.8,31.4,93.7,107.8,6.41,8.1,8.7,11.8,56.6,3.45,9.1433,95.9601,11.7
Pomegranate,Clayey,Normal,Medium,Bacterial Blight,Low,No,0.368,47.2,20.3,89.1,111.9,6.44,21.6,23.9,35.4,63.6,4.33,15.6763,93.8539,4.0
Blackgram,Loamy,Normal,Medium,None,Moderate,Yes,0.354,16.8,25.0,62.3,72.3,6.72,46.7,69.5,18.9,59.2,5.16,35.2576,68.474,4.1
Jute,Silty,Rainy,High,Stem Rot,Low,No,0.695,62.0,25.0,81.6,177.6,6.8,91.5,54.2,41.6,73.4,3.95,27.027,68.4121,1.0
Banana,Clayey,Normal,High,Panama Wilt,Low,No,0.647,34.7,25.6,82.5,109.7,5.76,105.9,93.7,45.2,74.1,3.93,35.0205,76.9753,1.8
Papaya,Clayey,Normal,High,None,Moderate,Yes,0.467,27.0,25.1,94.7,53.9,6.98,55.6,36.9,46.6,58.3,3.7,22.5134,92.2205,1.7
Orange,Loamy,Cool,Low,Citrus Canker,Low,No,0.26,51.6,12.1,93.9,107.8,6.53,4.9,21.7,7.8,56.1,3.9,23.1405,87.9964,11.5
Jute,Loamy,Rainy,High,None,Low,No,0.545,50.8,27.6,72.1,190.6,6.77,74.1,43.5,38.9,67.1,5.59,34.4736,82.3369,8.2
Grapes,Loamy,Cool,Medium,Anthracnose,Moderate,Yes,0.335,30.2,9.2,80.9,65.2,6.07,12.9,129.2,204.0,85.5,4.25,32.4476,85.2448,7.6
Kidneybeans,Silty,Normal,Low,Angular Leaf Spot,Low,No,0.458,48.0,20.5,22.6,133.0,5.62,23.7,66.8,20.5,48.8,3.16,16.7059,95.9583,0.0
Lentil,Loamy,Normal,High,None,High,Yes,0.335,21.9,28.2,69.8,42.3,7.45,32.6,80.0,17.8,51.8,2.34,33.2156,95.0109,2.2
Kidneybeans,Loamy,Cool,Low,None,Moderate,Yes,0.381,26.6,18.3,23.9,79.1,5.68,14.5,57.4,17.6,47.3,3.94,28.024,76.619,6.3
Pomegranate,Loamy,Normal,High,Bacterial Blight,Low,No,0.365,30.6,20.2,93.8,105.0,5.64,4.0,15.1,44.3,41.6,2.06,31.4755,79.7737,11.5
Mothbeans,Clayey,Normal,High,None,Moderate,Yes,0.396,25.1,24.7,36.7,55.6,7.72,23.6,49.0,22.9,39.8,2.38,35.7615,93.0509,1.6
Watermelon,Clayey,Normal,High,None,Moderate,Yes,0.392,13.8,27.9,87.8,51.0,6.19,80.2,18.1,47.7,65.5,4.0,36.2379,79.9347,17.9
Lentil,Clayey,Normal,High,None,Moderate,Yes,0.264,16.9,23.0,66.5,54.6,6.5,10.0,76.4,16.2,60.3,4.07,11.4793,87.4597,7.0
Maize,Loamy,Cool,High,Gray Leaf Spot,Moderate,Yes,0.394,20.3,18.9,62.9,73.8,6.95,69.2,41.2,15.5,56.4,2.5,20.9652,72.2626,11.1
Kidneybeans,Clayey,Normal,Low,None,Moderate,Yes,0.404,24.2,21.6,21.8,78.1,5.94,34.8,63.1,19.1,55.2,4.34,9.4191,68.0887,1.2
Maize,Silty,Normal,High,None,Moderate,Yes,0.492,21.2,24.3,59.1,74.4,5.67,91.3,55.8,22.5,62.0,4.03,16.7927,74.5052,0.0
Lentil,Clayey,Normal,Low,None,Moderate,Yes,0.376,19.3,23.8,64.4,50.6,5.77,33.6,79.1,17.7,60.7,4.85,15.3895,70.8662,4.0
Orange,Clayey,Normal,High,Citrus Canker,Low,No,0.459,41.2,24.2,94.4,105.7,6.36,32.0,23.7,5.2,57.3,3.33,12.3238,68.5675,3.4
Papaya,Silty,Normal,High,Papaya Ring Spot Virus,Low,No,0.502,36.8,26.2,93.7,129.2,6.86,46.8,43.5,49.8,59.4,3.51,24.3566,70.7866,3.9
Mungbean,Loamy,Normal,High,None,High,Yes,0.335,19.8,28.1,87.6,47.3,6.8,35.6,43.1,23.6,60.4,2.3,33.13,73.9438,0.9
Chickpea,Loamy,Normal,Low,None,Moderate,Yes,0.252,17.6,25.8,12.2,76.1,6.14,24.1,79.7,80.5,68.8,5.92,33.9,70.711,17.2
Cotton,Loamy,Normal,Medium,Bacterial Blight,Moderate,Yes,0.599,26.0,22.7,81.3,61.8,7.02,104.8,55.1,22.9,67.0,3.62,19.9425,77.5916,10.8
Coconut,Loamy,Rainy,High,Root Wilt,Low,No,0.342,59.3,28.5,99.3,182.8,6.25,9.2,19.4,25.0,58.0,3.08,12.5517,89.3868,11.8
Mungbean,Sandy,Normal,High,None,High,Yes,0.375,20.4,27.2,84.5,35.8,6.93,33.1,39.9,17.9,53.9,2.41,32.175,72.613,0.6
Mothbeans,Clayey,Hot & Dry,Medium,None,High,Yes,0.213,10.0,31.1,34.3,39.5,8.47,15.0,48.3,21.8,29.8,1.76,33.631,83.3951,8.3
Coconut,Silty,Rainy,High,Root Wilt,Low,No,0.497,62.5,29.4,91.6,180.6,6.5,36.0,27.9,34.8,61.6,3.63,34.8602,91.1508,3.8
Mungbean,Loamy,Normal,High,None,Moderate,Yes,0.379,13.7,29.8,88.7,52.4,6.17,16.2,44.4,20.4,57.5,4.1,24.8392,89.3908,2.0
Orange,Loamy,Cool,Medium,Citrus Canker,Low,No,0.246,42.3,16.0,90.3,110.9,7.29,7.2,26.9,13.0,40.5,2.97,32.0152,69.2765,11.7
Mungbean,Silty,Normal,High,None,High,Yes,0.288,10.1,27.3,81.5,45.6,6.66,5.6,54.8,22.0,60.6,2.92,17.7928,68.9601,9.6
Rice,Silty,Rainy,High,Rice Blast,Low,No,0.793,64.1,34.5,80.4,261.3,5.41,106.5,52.3,43.6,61.6,3.87,26.7789,69.6602,2.4
Cotton,Clayey,Normal,High,Bacterial Blight,Moderate,Yes,0.625,27.2,21.9,76.2,85.8,7.33,101.0,38.7,18.5,53.8,2.54,16.3283,83.1444,18.5
Pigeonpeas,Sandy,Hot & Dry,Low,Fusarium Wilt,Low,No,0.359,32.1,35.3,42.6,145.8,5.91,7.0,74.1,20.0,49.7,3.68,10.572,88.9931,10.3
Pigeonpeas,Silty,Normal,High,Sterility Mosaic,Low,No,0.404,40.1,21.3,40.8,125.4,5.18,16.2,69.1,17.4,47.2,2.38,21.6233,79.7952,2.7
Cotton,Loamy,Normal,Low,Bacterial Blight,Moderate,Yes,0.757,39.3,23.9,75.2,85.4,6.75,134.2,49.0,21.2,68.8,3.59,11.5499,79.3586,3.8
Kidneybeans,Clayey,Cool,Low,None,Low,No,0.429,42.1,17.6,22.3,117.9,6.46,35.6,77.9,22.4,70.2,7.3,13.4428,86.7845,0.8
Blackgram,Clayey,Normal,High,Powdery Mildew,Moderate,Yes,0.377,27.3,31.2,63.0,68.6,6.67,26.2,56.6,22.0,59.7,2.71,28.7927,78.6794,14.1
Orange,Sandy,Cool,Medium,Citrus Canker,Low,No,0.446,43.2,16.3,92.3,107.8,6.06,17.2,7.6,14.6,45.2,2.9,19.6951,74.6433,4.9
Banana,Loamy,Normal,High,Panama Wilt,Low,No,0.556,38.9,29.3,82.3,104.1,6.17,101.7,74.7,46.9,76.8,4.3,24.1266,82.5281,0.0
Lentil,Clayey,Normal,Low,None,High,Yes,0.311,10.0,28.0,60.6,35.8,6.88,13.3,79.3,19.7,62.2,2.98,30.1863,78.2968,9.2
Lentil,Loamy,Normal,High,Rust,High,Yes,0.346,15.5,26.7,68.1,36.8,7.11,23.5,77.1,16.2,55.5,1.45,10.6511,87.6847,1.4
Pigeonpeas,Sandy,Rainy,High,Fusarium Wilt,Low,No,0.525,55.6,37.4,64.2,195.2,6.67,16.2,63.1,17.3,59.7,3.81,32.893,90.5885,6.1
Orange,Loamy,Normal,High,Citrus Canker,Low,No,0.46,24.2,30.5,95.0,102.1,6.04,35.7,5.3,6.8,45.7,2.53,26.4682,82.4232,3.1
Cotton,Sandy,Normal,High,Bacterial Blight,Moderate,Yes,0.633,22.6,20.0,81.2,74.7,5.93,104.8,53.1,19.2,59.5,2.47,23.2529,90.3842,12.2
Papaya,Clayey,Rainy,High,Papaya Ring Spot Virus,Low,No,0.507,78.4,28.8,90.1,249.4,6.57,41.7,40.8,50.3,62.2,3.3,14.9641,75.9756,7.0
Chickpea,Sandy,Normal,Low,None,Moderate,Yes,0.394,33.3,27.9,12.9,77.2,7.06,23.7,78.3,82.0,66.3,5.32,20.6258,90.9312,11.4
Kidneybeans,Loamy,Cool,Low,None,Low,No,0.366,46.2,15.2,15.4,149.1,5.69,4.7,58.2,22.8,48.1,5.06,10.1077,95.269,11.8
Mothbeans,Clayey,Normal,High,None,High,Yes,0.259,23.6,24.4,47.2,49.6,7.08,30.7,41.4,18.4,52.9,2.24,15.6497,89.7402,0.0
Blackgram,Clayey,Normal,High,None,Moderate,Yes,0.428,27.8,34.9,67.8,63.6,6.84,32.2,68.9,22.9,63.0,3.92,18.8548,88.9919,4.6
Coffee,Loamy,Rainy,High,None,Low,No,0.546,44.9,28.2,60.1,162.3,7.49,94.8,32.3,25.2,55.6,4.94,24.9041,72.8024,7.4
Coconut,Silty,Rainy,High,Root Wilt,Low,No,0.44,50.3,27.9,93.8,158.2,6.28,25.0,20.6,32.7,57.7,3.16,23.5227,78.6192,0.7
Coconut,Clayey,Rainy,High,Root Wilt,Low,No,0.512,51.7,25.1,95.0,188.8,5.81,9.9,13.3,26.0,43.0,2.73,31.7616,76.5385,7.0
Watermelon,Loamy,Normal,High,Anthracnose,High,Yes,0.504,13.5,24.1,87.0,49.5,6.99,96.2,19.0,54.4,66.8,2.17,16.9756,95.3479,6.1
Orange,Sandy,Normal,High,Citrus Canker,Low,No,0.411,34.3,32.7,93.3,110.4,7.35,24.3,13.1,11.6,39.2,2.66,33.7312,71.4164,0.0
Coconut,Silty,Rainy,High,Root Wilt,Low,No,0.469,47.8,29.2,91.5,164.1,6.09,24.4,13.5,30.5,50.4,2.85,10.1113,92.0472,0.0
Apple,Clayey,Normal,High,Apple Scab,Low,No,0.368,45.0,24.4,93.8,107.8,6.31,32.3,122.5,203.3,88.2,4.3,25.0407,90.4212,3.9
Lentil,Silty,Normal,Low,None,High,Yes,0.377,13.3,29.5,64.8,35.1,5.95,25.0,56.0,15.3,53.1,2.45,36.4099,79.2284,0.0
Chickpea,Sandy,Normal,High,None,Moderate,Yes,0.406,25.3,29.5,18.5,67.0,5.64,46.7,75.4,78.3,60.6,4.27,17.3204,81.141,3.4
Jute,Silty,Rainy,High,Stem Rot,Low,No,0.627,47.1,26.4,82.5,168.4,6.08,80.9,56.8,44.5,70.7,3.97,9.6873,95.345,4.2
Grapes,Silty,Cool,Low,Anthracnose,Moderate,Yes,0.358,35.6,12.4,80.1,72.5,6.3,30.5,130.3,196.3,91.5,4.63,35.0421,69.937,3.4
Rice,Clayey,Rainy,Low,Rice Blast,Low,No,0.712,67.7,21.3,81.0,184.8,5.51,83.8,48.1,40.3,55.5,4.35,11.1527,83.7959,3.5
Rice,Sandy,Rainy,High,Rice Blast,Low,No,0.557,56.9,33.6,80.4,207.0,5.41,72.3,59.9,44.1,59.7,3.48,36.3166,78.9035,13.5
Muskmelon,Loamy,Normal,High,None,High,Yes,0.43,10.0,26.3,90.2,28.6,6.48,83.0,21.7,48.0,67.8,2.64,9.5341,81.1004,16.4
Kidneybeans,Loamy,Normal,Medium,None,Low,No,0.435,27.8,24.1,22.4,106.2,6.0,15.9,68.4,24.3,59.8,6.15,31.9924,70.9678,2.6
Orange,Clayey,Cool,High,Citrus Canker,Low,No,0.408,46.2,18.5,94.1,113.7,7.18,37.2,15.5,10.7,51.9,2.7,22.9437,83.7618,5.0
Watermelon,Loamy,Normal,High,None,Moderate,Yes,0.528,17.6,29.6,80.2,51.8,6.79,81.2,10.7,52.5,65.8,3.96,32.9662,82.3975,19.4
Orange,Sandy,Cool,High,Citrus Canker,Low,No,0.459,31.2,19.1,90.0,101.7,6.81,31.2,8.7,12.9,53.4,3.49,27.6837,87.1271,0.0
Banana,Clayey,Normal,High,Panama Wilt,Low,No,0.65,28.5,26.3,80.7,105.7,6.23,101.6,81.2,46.0,79.6,4.93,29.8939,95.6918,1.9
Papaya,Sandy,Normal,High,None,High,Yes,0.349,22.7,33.4,91.4,43.4,6.77,60.9,41.7,49.3,60.5,2.67,14.6642,92.4112,1.0
Cotton,Loamy,Normal,Medium,Bacterial Blight,Moderate,Yes,0.683,34.5,23.2,78.0,93.8,6.71,128.7,41.3,24.7,67.0,3.95,22.7185,95.9105,3.3
Maize,Loamy,Normal,High,Maize Rust,Moderate,Yes,0.47,36.5,20.1,72.9,79.5,6.1,87.8,46.0,18.6,64.9,2.91,10.2618,85.8067,3.0
Coffee,Clayey,Rainy,Medium,None,Low,No,0.733,63.7,23.8,53.0,192.4,6.94,118.9,27.4,30.3,62.4,6.1,36.8316,69.1072,2.5
Banana,Silty,Normal,High,Panama Wilt,Low,No,0.694,38.6,28.4,82.9,110.9,5.87,107.3,70.0,51.4,73.2,4.07,21.2424,69.1112,2.7
Mothbeans,Sandy,Normal,High,None,Moderate,Yes,0.283,27.7,26.7,45.0,72.0,5.13,11.2,48.5,22.8,37.7,2.63,26.3845,71.8598,8.8
Coconut,Sandy,Rainy,High,Root Wilt,Low,No,0.527,56.5,26.1,99.4,215.6,6.05,33.9,24.7,33.3,54.1,3.46,13.4115,90.0834,3.1
Apple,Sandy,Normal,High,Apple Scab,Low,No,0.365,32.6,24.8,90.9,105.5,6.45,7.1,143.6,198.9,94.0,4.97,22.63,84.2381,11.0
Mango,Sandy,Normal,High,None,Moderate,Yes,0.252,25.2,34.6,54.5,85.3,5.9,1.0,31.1,30.2,51.0,3.21,26.0722,93.4548,19.4
Coconut,Loamy,Rainy,High,Root Wilt,Low,No,0.384,56.5,28.0,91.6,209.1,5.7,3.0,25.8,34.1,49.4,2.71,17.4321,81.1566,13.9
Banana,Silty,Normal,High,Bunchy Top Virus,Low,No,0.654,27.7,28.1,77.1,111.8,5.92,88.1,75.4,46.7,71.0,3.89,32.5515,88.2167,12.0
Kidneybeans,Loamy,Normal,Low,None,Low,No,0.44,41.2,22.8,16.8,107.6,5.88,11.3,74.2,15.9,54.1,5.22,21.8624,75.8788,5.8
Orange,Sandy,Cool,High,Citrus Canker,Low,No,0.438,42.5,14.1,90.7,116.2,6.5,21.1,26.4,8.5,52.5,3.28,21.0436,80.8238,0.1
Mothbeans,Sandy,Normal,High,None,Moderate,Yes,0.321,18.1,31.9,65.7,58.4,5.32,5.5,52.7,20.1,41.5,2.59,22.5589,76.8317,13.9
Kidneybeans,Clayey,Cool,Low,None,Low,No,0.359,54.1,18.3,16.4,139.4,6.35,38.7,75.3,19.3,63.3,6.21,35.7954,71.8027,4.1
Kidneybeans,Loamy,Cool,Low,None,Moderate,Yes,0.396,34.5,15.1,18.4,78.4,5.53,32.0,76.7,15.7,48.6,4.27,23.219,79.109,2.1
Apple,Loamy,Normal,High,Apple Scab,Low,No,0.38,35.4,24.7,92.1,119.7,6.4,5.8,144.1,201.9,91.7,4.59,29.4237,72.8636,12.0
Mungbean,Clayey,Normal,High,Cercospora Leaf Spot,High,Yes,0.273,22.0,29.4,87.1,37.6,7.21,38.0,36.7,17.2,47.6,1.53,9.7106,89.4106,4.2
Orange,Silty,Normal,High,Citrus Canker,Low,No,0.326,34.0,27.9,92.3,103.3,6.04,9.8,11.6,6.6,42.7,2.81,21.9223,77.3046,11.4
Mango,Silty,Normal,Medium,None,Moderate,Yes,0.27,36.5,26.5,50.7,87.8,4.58,22.5,21.6,26.4,35.0,2.94,29.1571,79.3824,1.8
Mothbeans,Clayey,Normal,Low,None,High,Yes,0.375,15.0,25.4,48.3,49.9,4.9,28.7,59.0,21.5,41.4,1.91,24.7228,84.4394,2.3
Watermelon,Clayey,Normal,High,None,Moderate,Yes,0.529,21.1,28.0,86.6,52.8,6.59,115.3,28.9,52.3,70.7,4.79,15.0911,84.7505,4.3
Mungbean,Clayey,Normal,High,None,Moderate,Yes,0.289,13.8,27.4,87.2,53.6,6.69,12.8,58.5,17.7,57.3,3.57,15.363,91.5121,9.2
Cotton,Sandy,Normal,High,Bacterial Blight,Moderate,Yes,0.642,23.3,23.0,83.5,60.1,6.66,128.6,37.9,23.9,68.1,3.23,30.0326,94.4092,3.0
Mungbean,Loamy,Normal,High,None,High,Yes,0.227,22.8,28.7,85.6,41.1,7.37,19.6,57.4,18.3,52.0,2.1,30.927,93.0264,2.1
Mothbeans,Clayey,Normal,High,None,Moderate,Yes,0.256,26.9,27.9,62.4,51.0,7.96,1.5,36.1,22.6,36.1,2.57,18.7936,82.9157,14.1
Jute,Silty,Rainy,High,Stem Rot,Low,No,0.488,55.5,29.2,85.8,152.0,7.22,81.4,58.1,43.0,59.9,3.51,31.0332,77.3013,1.2
Mango,Sandy,Normal,High,None,Moderate,Yes,0.311,28.2,32.3,54.0,85.5,6.67,33.4,19.1,27.1,60.3,3.8,21.8611,86.9589,3.1
Mungbean,Silty,Normal,High,None,Moderate,Yes,0.259,21.7,28.7,89.9,52.2,6.12,2.3,55.6,24.1,51.0,3.55,11.3512,72.5647,18.3
Muskmelon,Loamy,Normal,High,None,High,Yes,0.473,10.0,25.6,93.9,21.2,6.34,96.4,23.8,46.4,72.6,2.63,11.9436,77.9452,6.1
Orange,Clayey,Normal,High,Citrus Canker,Low,No,0.385,33.7,25.6,93.6,111.4,6.06,30.4,28.3,7.0,52.2,3.16,16.7425,83.1088,0.0
Pomegranate,Clayey,Normal,High,Bacterial Blight,Low,No,0.406,40.9,21.9,88.9,113.8,6.29,7.0,7.3,35.2,51.4,2.88,8.4963,91.8739,9.7
Mango,Sandy,Normal,Low,Powdery Mildew,Moderate,Yes,0.485,30.5,32.9,53.1,85.0,6.34,39.8,23.7,28.8,59.9,3.52,31.8813,90.5145,0.0
Muskmelon,Loamy,Normal,High,None,High,Yes,0.55,10.0,26.8,91.6,23.1,6.18,84.7,11.9,49.2,59.0,2.08,36.7129,94.9754,13.2
Mango,Loamy,Normal,Medium,None,Moderate,Yes,0.408,22.8,27.8,46.7,93.9,6.05,24.6,27.0,30.6,53.1,4.05,16.1606,86.8527,4.3
Banana,Loamy,Normal,High,Panama Wilt,Low,No,0.649,25.6,29.4,81.3,111.0,5.51,92.8,93.8,46.6,60.6,3.82,35.7411,84.3684,9.2
Muskmelon,Clayey,Normal,High,None,High,Yes,0.475,13.8,25.3,92.2,30.0,6.34,94.7,27.3,48.1,65.7,2.41,32.2663,75.2819,5.2
Kidneybeans,Silty,Normal,Low,None,Low,No,0.385,42.2,22.8,16.2,132.5,5.71,1.8,56.5,16.2,45.3,4.98,22.1805,80.2904,12.9
Rice,Clayey,Rainy,High,None,Low,No,0.813,78.4,29.0,80.7,258.0,5.08,91.0,55.3,41.7,52.8,4.29,15.1486,81.3964,0.0
Chickpea,Loamy,Normal,High,None,Moderate,Yes,0.419,16.4,29.5,19.5,71.0,6.98,58.8,75.3,77.9,66.7,4.25,32.9227,87.6146,1.1
Watermelon,Silty,Normal,High,None,Moderate,Yes,0.608,24.3,25.6,83.3,56.1,7.0,103.8,17.4,47.0,60.5,4.28,20.6675,72.3185,0.5
Chickpea,Loamy,Normal,Low,None,Moderate,Yes,0.379,25.7,22.1,10.3,77.1,8.44,41.0,75.8,82.0,45.4,3.38,25.0669,87.3296,0.0
Lentil,Sandy,Normal,High,Rust,Moderate,Yes,0.268,27.3,20.8,67.7,51.4,6.6,1.5,73.7,17.6,62.2,3.02,28.5241,77.1833,14.0
Lentil,Clayey,Normal,High,None,Moderate,Yes,0.302,25.6,21.6,68.3,53.6,7.14,24.4,67.5,23.1,60.1,3.92,20.7315,71.4881,0.9
Cotton,Clayey,Normal,Low,Bacterial Blight,Moderate,Yes,0.531,27.7,21.9,76.0,71.5,5.93,122.3,42.3,19.1,62.5,3.55,14.1171,87.9776,1.6
Coconut,Clayey,Rainy,High,Root Wilt,Low,No,0.548,51.0,30.0,94.5,197.6,5.51,23.8,19.6,34.1,44.9,2.26,21.3615,94.2182,3.9
Kidneybeans,Loamy,Normal,Low,None,Low,No,0.246,48.9,21.7,15.3,116.5,6.3,3.6,56.4,16.6,61.1,6.37,25.8411,82.8757,14.7
Coconut,Loamy,Rainy,High,Root Wilt,Low,No,0.458,62.6,29.9,99.6,181.1,6.23,17.9,8.7,26.1,57.0,3.64,33.9307,76.8193,0.6
Kidneybeans,Clayey,Normal,Low,None,Moderate,Yes,0.353,35.3,20.1,24.3,99.6,6.07,18.1,77.0,18.6,53.2,4.16,9.3578,81.7549,2.9
Chickpea,Silty,Normal,Low,None,Moderate,Yes,0.473,40.4,23.5,13.0,87.9,6.71,53.2,59.5,76.9,70.8,5.58,12.7951,87.442,1.9
Orange,Loamy,Normal,High,Citrus Canker,Low,No,0.24,24.3,33.6,93.4,113.3,7.27,6.0,23.2,8.9,42.3,2.14,24.8483,71.2623,12.2
Apple,Silty,Normal,High,Apple Scab,Low,No,0.383,37.2,21.4,94.5,114.0,6.19,36.0,136.1,196.8,87.8,4.82,27.4308,79.5466,0.0
Maize,Silty,Normal,High,None,Moderate,Yes,0.498,30.9,21.4,67.2,72.4,6.08,95.4,58.2,22.0,61.1,3.66,8.3368,84.2642,0.0
Pigeonpeas,Clayey,Rainy,Medium,None,Low,No,0.268,57.7,23.3,55.2,150.1,5.33,6.4,78.3,20.8,51.0,5.23,22.5525,85.8083,15.0
Pigeonpeas,Loamy,Normal,High,Fusarium Wilt,Moderate,Yes,0.314,32.8,39.7,51.1,97.5,6.31,39.4,64.9,16.5,58.2,2.4,33.9857,96.8324,0.0
Coffee,Sandy,Normal,High,None,Low,No,0.577,41.3,30.0,67.5,119.7,7.07,110.2,30.0,33.1,67.4,5.13,15.3809,84.1325,0.0
Banana,Loamy,Normal,High,Panama Wilt,Low,No,0.575,36.9,26.8,84.6,104.9,6.25,111.2,87.5,54.1,77.3,4.25,30.8432,80.0753,3.9
Apple,Loamy,Normal,High,Apple Scab,Low,No,0.4,41.6,23.7,93.9,106.5,5.63,30.2,132.1,204.1,84.6,4.62,10.81,70.309,0.0
Orange,Clayey,Cool,High,Citrus Canker,Low,No,0.357,38.0,18.2,90.9,107.5,6.59,33.9,7.6,7.3,56.4,3.18,25.9378,80.7701,4.5
Grapes,Clayey,Cool,Low,Anthracnose,Moderate,Yes,0.248,22.7,18.5,82.9,73.0,6.48,22.7,137.2,203.7,91.5,4.8,36.8458,75.1455,4.5
Maize,Sandy,Normal,Low,None,Moderate,Yes,0.553,36.2,26.2,56.2,86.9,6.75,74.1,36.8,15.8,59.3,5.01,11.6471,82.9254,4.6
Mango,Loamy,Normal,Medium,None,Low,No,0.329,43.8,25.2,51.6,101.1,5.93,24.0,24.5,25.1,48.6,5.36,27.7898,75.9452,4.3
Papaya,Silty,Rainy,High,Papaya Ring Spot Virus,Low,No,0.654,58.6,28.6,92.2,212.2,6.58,54.5,45.8,49.1,71.2,4.4,24.5651,90.693,0.2
Banana,Clayey,Normal,High,None,Low,No,0.604,34.3,28.0,79.3,113.5,5.74,118.6,74.8,50.1,68.4,5.51,28.3174,69.5716,0.8
Banana,Silty,Normal,High,Panama Wilt,Low,No,0.537,31.4,25.0,84.3,115.7,5.93,104.1,78.7,54.3,68.2,3.9,27.0427,77.0079,0.0
Banana,Silty,Normal,High,None,Low,No,0.694,34.1,25.9,82.1,101.2,5.6,104.5,79.8,46.0,70.5,6.06,23.5687,71.1421,2.1
Grapes,Sandy,Cool,Medium,Anthracnose,Moderate,Yes,0.3,41.2,14.3,80.4,73.8,6.08,19.2,132.4,200.6,92.0,4.75,30.9833,92.7295,3.1
Watermelon,Silty,Normal,High,None,Moderate,Yes,0.488,19.0,20.5,85.3,55.2,6.23,83.0,23.3,54.2,64.6,4.28,36.2374,86.4312,14.1
Lentil,Sandy,Normal,Low,Stemphylium Blight,High,Yes,0.3,24.0,26.1,66.9,41.5,5.97,37.9,59.4,16.3,61.4,2.05,26.9318,76.271,1.3
Pigeonpeas,Silty,Rainy,High,None,Low,No,0.455,63.1,21.1,37.7,198.3,7.3,34.8,76.1,15.8,57.0,4.85,36.5154,81.0718,4.3
Grapes,Clayey,Normal,High,None,Moderate,Yes,0.426,24.3,28.5,83.7,65.3,5.99,30.6,126.1,197.9,85.8,5.1,8.3659,83.7442,3.6
Chickpea,Clayey,Cool,Low,None,Moderate,Yes,0.414,35.6,15.6,13.3,66.0,7.41,44.3,64.7,77.5,57.7,4.5,32.5853,93.5518,0.0
Jute,Sandy,Rainy,Medium,Anthracnose,Low,No,0.72,57.0,24.0,79.5,195.3,6.43,89.6,47.9,42.2,68.2,5.24,15.5879,80.3974,3.8
Mungbean,Sandy,Normal,High,None,Moderate,Yes,0.27,23.2,28.4,86.2,54.6,6.68,32.8,57.0,21.9,63.0,3.83,23.5623,95.85,1.6
Lentil,Loamy,Normal,Medium,None,High,Yes,0.276,27.4,24.8,64.3,45.3,6.67,35.0,73.4,23.0,65.9,3.24,24.7845,71.8525,1.4
Lentil,Clayey,Normal,Medium,None,Moderate,Yes,0.359,33.5,20.8,68.1,54.7,7.22,33.6,72.0,17.5,57.2,4.44,24.1457,74.5651,1.1
Orange,Clayey,Normal,High,Citrus Canker,Low,No,0.315,38.5,34.4,94.9,110.0,6.99,9.4,19.2,6.0,51.8,3.01,9.4319,84.7641,12.9
Mothbeans,Loamy,Normal,Low,None,High,Yes,0.254,15.2,25.5,37.0,32.8,3.51,5.8,36.1,16.2,13.4,1.21,27.4727,84.1851,15.0
Apple,Sandy,Normal,High,Apple Scab,Low,No,0.296,39.7,24.1,90.9,102.3,5.88,28.6,123.0,200.5,89.2,4.69,10.4665,82.7997,0.0
Apple,Loamy,Normal,High,None,Low,No,0.438,34.3,22.8,90.7,110.2,5.81,11.1,139.6,202.7,86.1,6.69,36.843,81.2543,10.4
Mothbeans,Silty,Normal,High,None,Moderate,Yes,0.234,32.8,26.6,59.7,67.5,5.96,0.1,55.4,17.8,47.0,2.92,10.1409,94.2446,16.6
Mango,Sandy,Normal,High,Powdery Mildew,Moderate,Yes,0.386,28.3,33.4,54.9,90.6,5.06,12.0,17.2,25.9,32.3,1.57,8.4363,90.4172,9.8
Watermelon,Clayey,Normal,High,Anthracnose,High,Yes,0.502,20.1,23.8,87.3,48.1,6.56,96.8,10.1,50.5,63.9,1.93,34.0335,84.4068,3.9
Coffee,Silty,Normal,Low,None,Low,No,0.621,33.4,23.6,57.4,126.3,6.89,106.4,27.1,31.1,64.6,6.35,8.646,70.5223,1.0
Mango,Sandy,Normal,Low,Powdery Mildew,Moderate,Yes,0.259,36.1,30.6,53.7,91.1,5.45,18.2,39.1,30.2,48.6,3.05,18.475,82.8044,6.3
Kidneybeans,Clayey,Normal,Low,None,Low,No,0.424,31.5,21.7,16.4,114.2,5.8,18.4,66.4,22.1,55.0,5.77,19.6816,71.9954,1.1
Mothbeans,Sandy,Normal,Low,None,Moderate,Yes,0.368,19.5,28.7,48.0,69.7,8.77,5.6,58.6,18.3,30.2,2.56,27.7494,78.8126,15.3
Maize,Loamy,Normal,Low,None,Moderate,Yes,0.552,31.0,28.1,57.8,78.4,6.77,72.8,54.5,16.3,59.3,4.62,28.4197,77.923,5.7
Maize,Sandy,Normal,Low,None,Moderate,Yes,0.504,20.6,28.2,64.4,68.1,5.77,78.4,40.3,16.4,58.6,4.78,26.9065,94.46,2.9
Mothbeans,Silty,Normal,Low,None,Moderate,Yes,0.436,32.6,25.1,46.8,72.0,6.03,27.6,52.9,17.4,54.3,4.32,24.3113,88.2424,4.6
Chickpea,Loamy,Cool,Low,None,Moderate,Yes,0.396,32.6,17.7,14.6,94.4,7.92,24.6,64.3,75.0,49.5,4.41,33.0036,80.7771,16.0
Pigeonpeas,Loamy,Rainy,High,None,Low,No,0.369,62.4,27.5,42.6,195.3,4.54,8.0,55.8,15.7,36.9,2.9,28.6299,88.2747,9.2
Jute,Loamy,Rainy,High,Stem Rot,Low,No,0.484,47.7,25.9,81.5,170.6,7.3,65.6,49.2,39.7,62.5,3.27,26.1078,88.9076,16.0
Apple,Silty,Normal,High,Apple Scab,Low,No,0.29,29.4,21.1,93.9,100.9,6.27,8.1,127.8,200.4,91.5,4.23,33.8797,74.1867,13.7
Mango,Loamy,Normal,High,None,Moderate,Yes,0.327,27.2,27.4,53.7,95.6,4.88,17.5,28.1,33.8,37.2,2.24,23.8907,96.7021,7.0
Pomegranate,Silty,Normal,High,Bacterial Blight,Low,No,0.48,40.6,24.8,88.2,113.8,5.84,37.2,17.6,40.5,56.0,3.1,9.5391,91.6728,4.5
Maize,Sandy,Cool,Medium,Maize Rust,Moderate,Yes,0.55,24.2,19.0,74.2,88.2,5.74,75.7,46.2,18.4,52.0,3.01,28.2953,89.188,6.1
Cotton,Sandy,Normal,High,Bacterial Blight,Moderate,Yes,0.593,31.4,25.0,79.6,75.5,6.52,104.1,40.8,24.5,67.4,3.26,9.5655,88.3782,11.9
Rice,Clayey,Rainy,High,Rice Blast,Low,No,0.769,90.0,26.3,84.6,291.1,5.67,84.4,50.5,44.2,64.5,3.56,31.0227,84.4108,8.6
Maize,Sandy,Normal,High,None,Moderate,Yes,0.522,35.9,26.4,56.0,76.9,5.98,60.4,56.5,22.6,64.1,4.27,20.7645,93.8273,16.0
Muskmelon,Sandy,Normal,High,Powdery Mildew,High,Yes,0.496,20.8,28.8,93.5,24.6,6.42,91.3,28.9,49.9,72.2,2.26,32.0478,69.3962,11.8
Pomegranate,Clayey,Normal,High,None,Low,No,0.319,34.2,23.4,85.1,108.7,6.54,38.3,20.6,44.7,66.8,5.53,36.1968,76.2421,0.0
Pomegranate,Clayey,Normal,High,Bacterial Blight,Low,No,0.477,35.0,24.9,88.4,113.4,6.42,25.1,27.7,44.6,63.7,3.54,9.3254,79.2497,0.0
Watermelon,Silty,Normal,High,None,Moderate,Yes,0.662,13.5,26.4,84.0,58.3,6.43,118.6,19.2,50.8,73.0,5.0,33.9677,96.8874,1.5
Coffee,Silty,Rainy,Medium,None,Low,No,0.713,62.4,21.9,67.0,172.9,6.46,85.0,37.2,27.2,63.3,6.64,32.5488,77.6911,10.0
Mothbeans,Clayey,Normal,High,None,Moderate,Yes,0.28,18.1,25.7,45.2,70.4,5.16,25.3,55.7,15.7,43.3,2.62,35.4637,88.3712,0.0
Blackgram,Loamy,Normal,High,Powdery Mildew,Moderate,Yes,0.35,26.9,32.4,60.3,73.4,6.54,32.3,76.4,15.7,63.5,2.98,34.4922,82.8027,5.9
Pigeonpeas,Silty,Normal,Medium,None,Moderate,Yes,0.471,27.0,27.8,61.8,90.7,6.35,35.5,57.9,18.8,66.6,5.83,24.138,96.4786,1.2
Coconut,Clayey,Normal,High,Root Wilt,Low,No,0.523,36.7,28.0,94.2,134.4,5.67,34.4,7.2,30.9,48.9,2.55,18.7313,83.0992,0.0
Muskmelon,Loamy,Normal,High,None,High,Yes,0.637,10.0,25.6,94.5,28.0,6.06,119.3,27.2,51.9,71.0,3.1,12.8792,86.764,2.3
Coffee,Loamy,Rainy,High,None,Low,No,0.66,54.1,27.9,60.4,175.1,7.36,86.8,23.8,34.1,55.1,4.53,17.6372,83.9674,13.6
Banana,Clayey,Normal,High,Panama Wilt,Low,No,0.641,40.2,25.8,81.9,105.5,5.88,102.8,81.6,54.7,73.8,4.48,25.5123,74.2625,1.8
Grapes,Clayey,Normal,Low,Anthracnose,Moderate,Yes,0.414,33.9,23.3,80.9,68.3,6.01,24.3,123.9,204.1,88.6,4.56,8.0354,73.1513,0.0
Pomegranate,Clayey,Cool,High,Bacterial Blight,Low,No,0.321,37.6,19.6,91.6,103.8,5.73,21.5,20.6,43.4,47.5,2.96,23.2221,71.1815,1.0
Mango,Clayey,Normal,Low,Powdery Mildew,Moderate,Yes,0.38,37.1,31.7,52.4,87.6,6.34,23.1,32.8,32.0,56.4,2.96,20.7283,78.4161,4.5
Kidneybeans,Loamy,Normal,Low,None,Moderate,Yes,0.227,27.7,22.8,16.3,90.2,5.59,9.7,72.9,15.4,46.3,3.88,35.1122,80.7591,9.4
Grapes,Loamy,Cool,Medium,Anthracnose,Moderate,Yes,0.389,30.0,12.2,80.4,66.6,5.52,36.1,122.4,200.4,84.7,4.87,9.1854,95.4018,2.1
Orange,Loamy,Cool,Low,Citrus Canker,Low,No,0.354,37.9,16.2,94.8,105.5,6.81,8.7,28.6,5.3,47.4,3.35,8.4058,69.6204,9.9
Mango,Silty,Normal,Medium,None,Moderate,Yes,0.343,26.3,28.9,54.5,85.8,6.69,38.8,25.4,34.7,56.1,4.43,16.3213,90.1289,0.0
Jute,Silty,Rainy,Low,Anthracnose,Low,No,0.575,55.5,22.0,76.1,185.9,7.16,61.4,59.1,38.9,58.6,3.91,12.8994,71.906,19.0
Kidneybeans,Clayey,Normal,Low,None,Low,No,0.425,43.4,22.9,21.7,126.5,6.42,3.5,79.2,17.6,59.6,6.34,26.4507,95.6938,14.9
Apple,Silty,Normal,High,Apple Scab,Low,No,0.469,48.8,20.5,93.1,116.0,5.91,38.0,134.9,201.9,90.5,4.63,31.3449,93.7335,3.0
Pomegranate,Clayey,Normal,Low,Bacterial Blight,Low,No,0.364,31.3,20.6,85.6,103.4,6.3,37.9,29.4,36.9,63.3,4.8,32.6018,83.3411,0.8
Mango,Sandy,Hot & Dry,High,Powdery Mildew,Moderate,Yes,0.41,35.8,32.8,48.9,98.5,6.22,39.2,21.7,33.6,56.9,2.97,26.4361,95.4627,0.5
Blackgram,Sandy,Normal,Low,None,Moderate,Yes,0.355,31.4,27.7,63.9,71.7,7.23,37.5,69.1,24.9,55.3,4.4,18.7282,83.5291,6.4
Coconut,Sandy,Normal,High,Root Wilt,Low,No,0.365,37.4,29.7,95.1,147.6,6.31,13.3,26.0,31.2,59.0,3.25,20.9538,71.2724,9.8
Rice,Sandy,Rainy,High,Rice Blast,Low,No,0.616,65.6,27.4,83.6,189.9,7.47,87.2,59.5,36.4,56.9,3.04,30.9865,72.565,3.2
Kidneybeans,Loamy,Normal,Low,None,Moderate,Yes,0.368,24.7,22.2,15.6,79.8,6.07,12.0,62.9,18.1,60.0,5.05,11.5375,95.2643,10.1
Mothbeans,Sandy,Normal,High,None,High,Yes,0.19,14.4,28.4,33.7,42.6,9.56,5.7,38.0,18.7,18.8,0.85,34.2695,91.1278,11.3
Coffee,Sandy,Rainy,High,None,Low,No,0.734,42.9,25.0,62.9,168.3,6.25,106.0,32.0,25.5,67.1,5.25,20.8966,81.136,2.0
Grapes,Clayey,Cool,Medium,Anthracnose,Moderate,Yes,0.436,38.1,8.1,81.4,73.3,5.56,27.3,130.2,196.9,79.5,4.2,34.8996,78.6571,2.5
Coffee,Clayey,Normal,Low,None,Low,No,0.594,37.8,24.8,63.6,115.9,7.09,119.4,15.9,34.2,66.2,6.8,14.5746,84.6363,3.5
Mungbean,Clayey,Normal,High,None,High,Yes,0.267,19.5,27.3,89.9,40.0,7.36,30.5,48.2,21.3,48.7,1.79,28.9045,85.4271,0.0
Jute,Clayey,Rainy,High,Stem Rot,Low,No,0.696,52.6,27.2,89.3,194.7,6.53,94.2,54.6,38.4,70.4,4.26,20.8381,88.28,0.0
Orange,Silty,Normal,High,Citrus Canker,Low,No,0.329,32.3,31.3,93.5,115.6,7.24,24.1,9.4,7.9,40.9,2.27,9.008,79.5158,4.4
Papaya,Loamy,Normal,High,Papaya Ring Spot Virus,Low,No,0.475,49.4,33.3,93.9,146.2,6.56,69.0,36.1,46.9,67.0,3.57,10.8935,86.6994,4.7
Papaya,Sandy,Rainy,High,Papaya Ring Spot Virus,Low,No,0.565,68.7,33.7,90.9,220.4,6.54,38.9,59.1,51.8,67.4,4.1,21.8758,77.405,12.2
Pigeonpeas,Sandy,Normal,High,Fusarium Wilt,Low,No,0.367,19.3,39.6,69.3,107.8,4.92,5.8,79.5,24.6,37.3,2.07,36.7213,92.8839,13.3
Coffee,Sandy,Normal,High,Coffee Berry Disease,Low,No,0.746,49.9,27.3,57.1,126.5,6.09,119.6,30.8,26.8,64.6,3.51,34.0156,90.9203,1.4
Blackgram,Sandy,Normal,Low,None,Moderate,Yes,0.274,22.3,27.7,66.8,61.6,6.99,22.7,71.2,20.3,55.4,4.39,8.393,87.1397,13.4
Grapes,Sandy,Cool,Medium,None,Moderate,Yes,0.324,28.4,17.2,82.0,72.2,6.07,7.0,136.5,200.1,85.0,6.35,24.4916,91.1792,15.0
Coffee,Loamy,Rainy,High,None,Low,No,0.573,49.6,22.7,51.5,170.6,7.15,82.7,17.2,34.8,58.2,4.83,14.1341,77.3102,15.7
Mango,Silty,Hot & Dry,Low,Powdery Mildew,Low,No,0.43,22.7,33.1,45.2,104.5,4.92,32.2,16.5,33.0,41.3,3.12,12.3405,70.1255,0.0
Blackgram,Clayey,Normal,Medium,None,Moderate,Yes,0.422,23.6,29.0,65.3,66.1,7.15,50.1,65.7,24.5,55.4,4.52,10.3172,85.4563,3.4
Pigeonpeas,Clayey,Normal,High,None,Low,No,0.423,48.5,28.1,43.6,148.3,6.23,17.5,64.7,22.6,58.5,5.13,27.8632,94.1032,4.9
Pomegranate,Clayey,Normal,Low,Bacterial Blight,Low,No,0.376,39.9,20.7,88.1,107.7,5.55,8.1,20.1,41.3,43.4,2.87,24.9967,78.2072,7.7
Mango,Silty,Hot & Dry,Medium,Powdery Mildew,Moderate,Yes,0.392,19.9,30.6,49.6,94.6,6.8,19.5,24.5,34.9,54.7,3.2,30.1129,82.3959,0.5
Muskmelon,Loamy,Normal,High,None,High,Yes,0.558,10.0,25.4,94.1,23.5,6.19,103.7,28.1,53.8,72.4,2.88,28.2719,81.6375,0.0
Grapes,Clayey,Normal,High,Powdery Mildew,Moderate,Yes,0.413,12.4,38.8,82.2,71.3,5.61,39.0,134.1,201.2,86.0,3.84,25.2134,88.8515,0.0
Mango,Sandy,Hot & Dry,High,Powdery Mildew,Moderate,Yes,0.262,23.0,31.7,49.3,86.6,5.09,4.4,28.2,29.6,37.8,2.13,20.0045,80.6041,12.6
Banana,Clayey,Normal,High,None,Low,No,0.687,33.2,26.5,77.2,113.6,6.21,110.1,91.9,54.4,74.1,6.19,32.874,75.9979,1.2
Blackgram,Silty,Normal,Low,None,Moderate,Yes,0.328,20.7,25.2,67.6,70.5,7.34,43.0,61.7,19.1,54.5,4.44,35.1202,96.6615,2.7
Papaya,Loamy,Rainy,High,Papaya Ring Spot Virus,Low,No,0.702,70.6,38.9,90.5,243.1,6.58,55.7,57.1,50.8,68.8,4.24,30.0888,81.889,0.1
Orange,Sandy,Normal,High,Citrus Canker,Low,No,0.398,28.0,20.3,91.7,102.6,7.2,13.9,12.2,12.1,39.9,2.61,19.0635,69.8586,7.9
Blackgram,Sandy,Normal,High,Powdery Mildew,Moderate,Yes,0.43,19.5,32.4,63.6,61.7,6.64,42.7,75.6,16.4,68.5,3.08,17.5923,77.7841,2.7
Apple,Sandy,Normal,High,Apple Scab,Low,No,0.386,38.2,24.0,94.6,123.6,6.11,38.6,133.9,199.3,88.9,4.49,10.4546,74.4618,1.8
Mango,Sandy,Normal,Low,None,Moderate,Yes,0.212,28.1,26.9,49.1,99.8,6.83,1.9,20.1,33.9,50.4,3.89,11.1257,76.7365,17.1
Coconut,Sandy,Normal,High,Root Wilt,Low,No,0.391,49.3,28.3,97.8,132.7,6.04,16.6,23.5,31.7,56.9,3.0,32.9503,79.0614,4.8
Maize,Sandy,Normal,Low,None,Moderate,Yes,0.405,33.8,26.0,64.7,63.2,6.83,66.1,55.1,15.9,60.4,4.96,30.9499,78.6318,9.4
Mothbeans,Clayey,Normal,High,None,Moderate,Yes,0.407,28.4,27.1,37.2,62.8,8.39,32.6,50.2,17.8,32.6,2.29,14.7794,71.9525,0.0
Grapes,Silty,Cool,Medium,Anthracnose,Moderate,Yes,0.323,38.9,8.3,80.1,69.1,5.7,22.9,122.7,197.0,77.6,4.7,20.6886,80.3792,3.4
Cotton,Clayey,Normal,High,Bacterial Blight,Moderate,Yes,0.541,36.5,24.5,75.6,74.8,6.06,124.4,53.8,18.2,64.9,3.22,31.6659,72.9482,0.0
Lentil,Loamy,Cool,Low,None,Moderate,Yes,0.353,29.6,19.5,63.0,54.4,5.64,28.7,78.8,16.3,58.1,4.48,12.7388,91.115,0.0
Mango,Silty,Hot & Dry,Medium,Powdery Mildew,Moderate,Yes,0.356,20.1,34.2,47.6,94.3,6.71,2.3,35.4,32.2,59.9,3.39,26.0467,92.1397,18.7
Mothbeans,Loamy,Normal,Low,None,High,Yes,0.378,18.3,28.3,51.5,36.9,9.48,37.0,36.3,18.6,17.3,1.18,31.2773,84.9631,2.8
Grapes,Loamy,Normal,High,Powdery Mildew,Moderate,Yes,0.262,13.1,37.3,83.6,67.5,5.65,15.8,133.3,202.1,82.5,3.35,36.4005,71.4575,4.6
Orange,Loamy,Normal,High,Citrus Canker,Low,No,0.389,44.5,23.8,94.0,101.0,7.11,1.7,22.4,14.8,41.8,2.07,26.2491,74.5405,13.7
Kidneybeans,Silty,Cool,Low,None,Low,No,0.33,40.3,18.5,21.0,140.8,6.24,23.5,70.5,17.5,56.9,5.59,24.1691,73.2718,0.0
Pomegranate,Loamy,Normal,High,Bacterial Blight,Low,No,0.307,48.0,22.8,91.9,113.2,5.89,6.0,7.8,36.8,51.7,2.75,36.3087,76.5384,12.3
Rice,Silty,Rainy,High,Rice Blast,Low,No,0.704,52.8,32.0,84.6,219.7,5.03,78.3,56.0,40.0,49.5,2.53,30.2166,77.0834,12.9
Muskmelon,Clayey,Normal,High,None,High,Yes,0.534,10.7,27.0,93.2,29.5,6.1,99.9,20.6,54.0,63.5,2.62,31.0489,72.6405,0.6
Pigeonpeas,Sandy,Normal,Low,None,Moderate,Yes,0.269,34.3,29.9,35.7,93.1,6.31,0.7,57.0,19.0,53.5,4.72,35.6965,90.2895,15.0
Pigeonpeas,Sandy,Rainy,High,Fusarium Wilt,Low,No,0.494,51.1,30.8,39.3,163.5,5.23,23.7,62.9,21.6,42.1,2.2,20.5125,70.2039,2.6
Cotton,Clayey,Normal,High,Bacterial Blight,Moderate,Yes,0.683,23.5,20.5,77.0,86.2,5.71,120.6,51.2,20.5,60.5,2.46,26.6286,73.1266,0.0
Mothbeans,Silty,Normal,Medium,None,Moderate,Yes,0.418,20.7,29.3,65.3,54.2,8.12,31.3,44.3,18.0,38.9,2.89,24.9026,83.3943,0.0
Papaya,Silty,Rainy,High,Papaya Ring Spot Virus,Low,No,0.435,71.1,25.3,94.2,206.9,6.5,32.3,42.7,48.1,69.5,3.98,32.1253,83.1026,17.6
Grapes,Clayey,Normal,High,Powdery Mildew,Moderate,Yes,0.268,18.4,32.0,83.9,69.4,5.62,25.5,127.0,203.7,78.7,3.87,13.1923,73.6059,0.0
Chickpea,Loamy,Cool,Low,None,Moderate,Yes,0.344,39.7,18.3,19.7,79.6,6.34,21.8,59.1,77.5,70.3,5.82,12.4493,90.0502,16.7
Cotton,Silty,Normal,Medium,None,Moderate,Yes,0.672,18.1,20.5,76.6,64.4,6.9,139.1,41.9,21.9,73.5,6.13,12.8747,68.0618,0.0
Mungbean,Clayey,Normal,High,None,Moderate,Yes,0.302,13.0,28.2,88.7,50.8,6.01,29.9,48.5,16.9,52.3,3.8,24.0414,72.6933,0.9
Cotton,Clayey,Normal,Low,Bacterial Blight,Moderate,Yes,0.647,35.6,20.3,79.5,77.3,6.57,106.8,54.5,22.7,76.4,4.77,13.9975,93.2903,12.8
Grapes,Silty,Normal,High,Powdery Mildew,Moderate,Yes,0.374,29.3,34.1,82.0,70.1,6.25,26.9,142.1,197.0,96.8,3.37,20.5875,76.8364,3.4
Rice,Clayey,Rainy,High,Rice Blast,Low,No,0.699,67.3,35.8,81.0,241.3,5.56,118.4,39.7,41.6,61.7,3.52,25.4025,92.828,1.7
Banana,Sandy,Normal,High,Panama Wilt,Low,No,0.641,33.0,25.1,84.5,101.6,5.98,108.3,89.1,54.4,75.4,4.43,35.0956,83.1568,4.0
Lentil,Clayey,Normal,High,None,Moderate,Yes,0.321,18.6,25.3,69.6,53.4,5.73,9.9,56.9,16.3,50.4,3.2,22.4269,89.2983,6.2
Pigeonpeas,Silty,Rainy,High,Fusarium Wilt,Low,No,0.408,50.5,36.1,51.4,157.3,6.79,28.1,64.4,22.0,56.5,3.27,24.3996,95.6203,0.4
Blackgram,Silty,Normal,Low,None,Moderate,Yes,0.46,14.5,25.1,64.4,62.0,6.8,44.1,71.8,21.3,60.6,4.88,25.1177,96.9135,0.0
Muskmelon,Sandy,Normal,High,None,High,Yes,0.521,15.8,25.0,93.9,26.9,6.23,103.0,14.9,45.2,68.4,3.2,13.6127,85.6396,1.5
Pomegranate,Silty,Normal,High,Bacterial Blight,Low,No,0.335,43.8,21.2,94.4,106.0,6.02,4.5,16.6,37.9,46.5,2.73,15.6914,77.1651,15.9
Mothbeans,Loamy,Normal,Medium,None,Moderate,Yes,0.252,24.6,24.1,68.6,69.9,4.27,26.5,47.9,18.9,34.4,2.89,34.1502,68.5243,1.8
Lentil,Silty,Normal,Medium,None,High,Yes,0.246,22.1,27.2,60.0,46.5,7.25,21.4,61.3,20.2,47.5,2.51,14.8719,85.2551,1.3
Kidneybeans,Sandy,Cool,Low,None,Moderate,Yes,0.259,27.3,15.1,24.3,93.4,5.95,22.1,65.4,23.7,51.5,4.36,10.9529,93.7695,3.4
Mango,Sandy,Normal,Medium,None,Low,No,0.312,31.2,28.6,47.9,100.3,5.89,25.8,15.4,34.7,51.3,4.87,30.0739,94.5054,4.4
Jute,Clayey,Rainy,Medium,None,Low,No,0.558,64.6,26.4,70.7,187.5,6.17,64.7,46.8,39.1,60.3,5.98,36.0989,71.8143,14.4
Maize,Clayey,Normal,Low,Maize Rust,Low,No,0.455,45.5,23.1,73.0,105.8,6.1,75.7,41.9,18.4,60.1,4.18,25.3233,93.295,2.4
Watermelon,Sandy,Normal,Medium,Anthracnose,Moderate,Yes,0.604,20.9,21.2,80.1,58.6,6.24,110.7,9.6,53.6,70.9,4.39,16.8036,76.3686,3.5
Mango,Sandy,Normal,Medium,None,Moderate,Yes,0.259,37.5,26.0,53.2,89.5,5.08,23.9,30.0,28.3,44.7,3.45,12.8205,92.0381,4.3
Maize,Clayey,Normal,High,None,Low,No,0.534,33.0,20.2,56.8,106.5,6.8,60.1,41.2,16.3,63.2,5.15,20.3424,75.8503,18.4
Blackgram,Sandy,Normal,Low,None,Moderate,Yes,0.332,31.4,28.2,63.2,70.0,6.68,44.7,68.9,22.1,60.8,5.34,17.5031,78.6791,0.0
Chickpea,Sandy,Normal,Low,None,Moderate,Yes,0.327,22.5,24.6,13.6,72.7,7.3,22.2,77.9,80.3,58.5,4.99,16.6293,93.3415,17.4
Pomegranate,Clayey,Normal,Low,Bacterial Blight,Low,No,0.261,34.5,20.5,88.0,108.6,6.71,4.5,24.7,39.6,59.6,4.27,23.4952,74.4451,11.3
Mungbean,Clayey,Normal,High,None,Moderate,Yes,0.235,28.3,27.6,88.3,50.0,6.78,16.9,56.8,15.7,57.3,4.0,21.9177,81.7813,0.6
Papaya,Silty,Normal,High,Papaya Ring Spot Virus,Low,No,0.476,44.5,26.1,92.2,108.6,6.65,47.4,42.9,45.6,67.1,3.87,33.0408,78.331,4.9
Mungbean,Sandy,Normal,High,None,High,Yes,0.334,17.6,29.2,84.4,39.1,6.57,11.7,56.7,20.0,55.7,2.25,25.0422,84.6922,10.9
Jute,Sandy,Rainy,Medium,Stem Rot,Low,No,0.521,41.1,20.5,81.8,151.4,6.88,91.8,41.5,44.1,67.7,4.45,34.2717,92.1471,2.8
Banana,Sandy,Normal,High,None,Moderate,Yes,0.501,27.4,27.0,80.2,95.1,6.4,86.5,87.6,50.4,81.1,5.54,27.4298,89.0017,12.8
Muskmelon,Loamy,Normal,High,None,High,Yes,0.525,10.0,28.9,92.5,25.7,6.32,86.8,27.8,48.7,68.0,2.53,20.7921,84.9304,13.7
Cotton,Silty,Normal,Low,Bacterial Blight,Moderate,Yes,0.65,35.0,20.4,76.4,67.5,6.56,126.4,51.6,21.3,78.1,4.67,23.3445,94.5612,0.0
Banana,Clayey,Normal,High,Bunchy Top Virus,Low,No,0.605,35.6,26.0,80.0,105.7,6.37,112.4,89.7,52.9,75.9,4.35,29.8076,92.6187,0.0
Chickpea,Clayey,Normal,Low,None,Moderate,Yes,0.301,32.7,27.5,10.8,75.1,8.34,43.1,70.2,84.9,50.9,4.24,18.7418,72.2864,4.0
Watermelon,Loamy,Normal,High,Anthracnose,Moderate,Yes,0.596,28.0,20.9,88.3,50.1,6.31,103.4,10.5,52.9,67.8,2.84,19.4424,89.6377,0.0
Coconut,Loamy,Rainy,High,Root Wilt,Low,No,0.413,67.6,29.8,95.3,223.6,6.35,9.6,19.6,25.1,52.8,2.69,9.7131,83.4024,12.1
Kidneybeans,Silty,Cool,Low,None,Low,No,0.363,35.4,18.3,23.8,124.3,5.8,34.2,72.9,15.4,53.7,5.4,34.5354,70.2871,2.8
Orange,Silty,Cool,High,Citrus Canker,Low,No,0.349,33.7,18.8,94.0,100.1,6.09,28.8,15.0,7.5,54.3,3.51,21.0605,75.143,2.6
Grapes,Loamy,Cool,High,Anthracnose,Moderate,Yes,0.318,28.5,13.9,81.7,66.0,6.38,32.8,126.0,199.9,94.9,3.69,14.9595,82.0986,1.2
Mothbeans,Loamy,Normal,High,None,High,Yes,0.31,15.6,27.0,30.2,43.3,9.44,21.8,45.5,22.7,16.8,0.56,33.9057,86.0801,2.9
Banana,Loamy,Normal,High,None,Moderate,Yes,0.694,40.8,29.1,84.2,98.0,5.91,105.4,75.1,50.4,65.8,4.08,15.6577,82.1116,0.0
Pigeonpeas,Loamy,Normal,High,Fusarium Wilt,Low,No,0.471,45.4,31.9,57.1,148.2,5.86,37.3,67.7,16.0,58.9,3.64,20.1333,79.6618,2.9
Coffee,Sandy,Rainy,Medium,None,Low,No,0.661,59.9,20.0,53.5,178.7,6.76,114.4,30.7,31.9,68.0,6.78,32.8147,74.8768,3.8
Banana,Loamy,Normal,High,None,Moderate,Yes,0.674,36.6,27.5,79.5,90.6,6.39,101.5,92.3,46.4,83.0,5.49,31.8021,90.4941,3.4
Maize,Clayey,Normal,High,None,Moderate,Yes,0.459,28.2,27.1,73.0,70.3,6.26,68.1,58.7,20.9,63.6,4.1,30.0684,81.0357,13.3
Kidneybeans,Clayey,Normal,Medium,None,Low,No,0.36,34.6,24.1,24.4,106.1,5.85,9.3,55.2,15.1,45.9,4.5,12.8389,69.1461,8.4
Jute,Loamy,Rainy,Low,Anthracnose,Low,No,0.568,50.9,20.8,70.7,172.5,6.98,93.9,56.6,37.3,64.4,4.61,25.1554,88.4205,0.0
Mungbean,Clayey,Normal,High,None,High,Yes,0.289,10.0,29.5,86.4,47.1,6.09,6.4,44.3,22.8,54.7,2.32,21.5029,85.0341,14.0
Apple,Clayey,Normal,High,None,Low,No,0.425,43.7,24.7,92.0,109.3,5.68,6.0,129.7,197.6,82.9,6.77,28.123,87.53,10.4
Kidneybeans,Silty,Cool,Low,None,Low,No,0.277,43.5,16.9,18.8,121.9,5.93,4.3,75.7,15.5,50.3,4.87,35.0933,72.3919,10.8
Cotton,Sandy,Normal,High,Bacterial Blight,Moderate,Yes,0.58,28.7,24.0,82.2,74.4,5.64,113.4,54.8,18.9,56.4,2.48,9.738,82.3531,4.2
Coconut,Silty,Normal,High,None,Low,No,0.434,34.7,28.1,90.9,133.3,6.25,38.6,5.6,29.6,51.8,4.25,33.6534,86.9975,1.5
Mothbeans,Loamy,Normal,Medium,None,High,Yes,0.184,17.3,31.0,58.4,48.3,5.32,4.8,55.1,17.5,43.5,2.24,16.8854,79.8048,17.0
Pigeonpeas,Clayey,Normal,High,Fusarium Wilt,Low,No,0.43,20.9,35.3,66.1,105.9,5.05,33.0,74.0,17.9,43.3,2.19,35.6761,94.502,2.7
Rice,Sandy,Rainy,High,Rice Blast,Low,No,0.656,60.4,36.0,82.4,242.6,5.45,95.0,42.6,43.2,59.0,3.74,21.6394,70.2882,1.3
Pomegranate,Loamy,Cool,High,Bacterial Blight,Low,No,0.396,30.9,18.9,94.5,105.4,6.74,28.8,5.6,44.7,51.8,2.69,35.6974,83.5737,4.5
Chickpea,Silty,Normal,Low,None,Moderate,Yes,0.443,23.9,29.9,17.0,89.1,7.7,26.8,65.7,83.8,55.5,4.44,9.7048,68.2805,12.2
Pomegranate,Clayey,Normal,High,Bacterial Blight,Low,No,0.289,30.7,21.1,91.6,114.7,6.96,18.2,5.6,42.5,49.6,2.51,19.7063,89.3723,4.8
Mungbean,Loamy,Normal,High,None,High,Yes,0.241,15.2,29.5,87.9,42.0,7.47,15.7,59.0,21.3,47.6,1.78,35.9985,79.8963,3.3
Mothbeans,Sandy,Hot & Dry,Low,Root Rot,Moderate,Yes,0.326,27.6,32.0,38.0,60.9,8.22,5.9,56.4,16.7,33.8,2.2,8.0574,68.598,13.1
Grapes,Loamy,Normal,Low,Anthracnose,Moderate,Yes,0.297,28.3,20.9,81.2,65.0,5.61,9.9,127.3,202.1,82.5,4.5,8.0769,84.8097,12.0
Chickpea,Silty,Normal,Low,None,Moderate,Yes,0.443,32.8,27.3,11.4,93.0,6.98,35.4,73.8,81.3,67.2,5.11,8.2583,91.0595,4.1
Papaya,Sandy,Normal,High,Phytophthora Blight,Moderate,Yes,0.442,17.3,37.7,92.7,94.2,6.74,69.6,58.8,54.4,73.6,3.35,33.8192,88.9674,0.0
Muskmelon,Sandy,Normal,High,None,High,Yes,0.414,13.0,26.6,93.3,23.7,6.28,83.3,7.4,53.8,67.5,2.55,15.5335,92.5881,11.4
Mango,Sandy,Normal,Medium,None,Moderate,Yes,0.339,26.8,29.1,49.5,96.5,5.44,8.1,34.1,27.8,47.5,3.62,9.5564,69.6982,8.5
Jute,Sandy,Rainy,Low,None,Low,No,0.68,59.8,25.4,71.8,196.0,6.76,88.8,55.3,42.1,70.5,7.46,12.0814,83.3955,1.5
Chickpea,Sandy,Normal,Low,Fusarium Wilt,Moderate,Yes,0.39,27.3,22.0,17.9,94.1,6.58,39.9,72.2,84.0,77.7,4.12,25.9729,96.7822,2.0
Pigeonpeas,Silty,Rainy,High,Fusarium Wilt,Low,No,0.534,47.4,33.1,67.5,176.5,6.39,22.1,63.3,20.5,56.8,2.93,25.4468,74.3528,0.0
Watermelon,Clayey,Normal,High,None,Moderate,Yes,0.535,15.4,25.2,84.6,54.5,6.03,80.9,7.1,50.6,65.5,4.63,20.3893,78.1746,14.1
Jute,Sandy,Rainy,Medium,Stem Rot,Low,No,0.732,59.7,20.1,84.7,166.3,6.65,96.2,58.7,42.2,74.7,4.97,33.3843,86.9977,4.3
Muskmelon,Clayey,Normal,High,None,High,Yes,0.445,10.0,26.9,94.8,20.9,6.05,96.8,10.5,51.3,65.6,3.0,15.5247,78.1419,7.3
Chickpea,Loamy,Normal,High,None,Moderate,Yes,0.374,32.8,29.1,17.6,68.8,7.75,39.6,65.2,76.7,53.8,3.48,31.468,95.1135,4.8
Grapes,Sandy,Cool,High,Anthracnose,Moderate,Yes,0.364,35.4,10.5,84.6,73.8,6.38,38.1,141.4,197.8,95.5,3.66,10.3351,72.6297,0.0
Mungbean,Sandy,Normal,High,None,High,Yes,0.249,11.8,27.3,85.1,47.1,6.75,14.5,35.9,24.7,53.2,2.07,20.159,89.4287,5.1
Pigeonpeas,Loamy,Rainy,High,Fusarium Wilt,Low,No,0.414,45.2,32.0,63.7,172.6,6.31,37.9,58.8,18.4,64.6,3.54,16.2086,91.7324,3.4
Kidneybeans,Sandy,Normal,Low,None,Moderate,Yes,0.43,30.3,20.5,15.8,82.4,5.65,26.8,70.3,22.7,50.9,4.0,33.3585,82.578,0.0
Chickpea,Loamy,Normal,Low,None,Moderate,Yes,0.312,39.7,23.1,19.9,91.0,6.72,41.1,61.9,83.0,73.3,6.22,18.761,73.6861,3.2
Chickpea,Silty,Cool,Low,None,Moderate,Yes,0.442,25.0,16.8,14.0,87.3,6.43,52.1,59.7,83.6,77.9,6.52,33.2966,79.1665,4.9
Mungbean,Loamy,Normal,High,None,Moderate,Yes,0.36,10.6,28.8,85.5,50.1,6.89,6.5,60.0,17.0,58.0,4.15,21.7705,71.3865,9.5
Apple,Sandy,Normal,High,Apple Scab,Low,No,0.414,33.5,23.3,92.1,102.6,6.28,29.9,134.7,199.7,96.7,4.96,36.7281,88.931,0.0
Coconut,Clayey,Normal,High,Root Wilt,Low,No,0.329,34.5,29.1,93.3,130.9,5.86,25.9,26.1,31.4,50.7,3.11,8.6564,94.7561,1.9
Coffee,Silty,Normal,Low,None,Low,No,0.588,30.6,24.7,65.6,115.1,6.9,114.7,26.1,32.4,65.1,6.62,30.5967,81.6295,3.8
Pigeonpeas,Clayey,Normal,High,Fusarium Wilt,Low,No,0.37,36.9,30.9,69.5,143.9,5.25,35.8,71.9,23.8,47.0,2.67,33.0354,94.0904,0.0
Pomegranate,Sandy,Normal,Low,Bacterial Blight,Low,No,0.273,41.4,20.6,88.5,107.5,6.8,21.9,21.8,42.2,58.1,3.88,33.4138,95.9563,0.0
Kidneybeans,Silty,Normal,Low,None,Low,No,0.333,49.1,21.0,22.6,136.2,6.05,15.6,56.0,24.9,50.9,4.84,25.9726,71.4334,5.5
Mango,Silty,Normal,Low,None,Moderate,Yes,0.332,24.8,25.9,45.5,93.1,4.79,27.9,38.5,34.4,33.9,2.7,36.3975,95.6947,2.5
Lentil,Loamy,Normal,Low,Stemphylium Blight,Moderate,Yes,0.37,16.5,26.4,66.9,52.3,6.74,35.7,58.9,23.5,64.9,4.06,29.4191,85.4199,3.7
Rice,Sandy,Rainy,High,Rice Blast,Low,No,0.692,61.9,27.4,80.4,204.7,6.19,79.0,40.7,36.5,64.0,3.48,27.3647,95.1358,12.9
Blackgram,Silty,Normal,Low,None,Moderate,Yes,0.35,32.4,25.2,61.2,73.7,7.26,32.4,57.3,15.0,48.8,3.8,17.7718,89.5893,10.5
Kidneybeans,Sandy,Normal,Low,None,Moderate,Yes,0.271,30.8,24.1,18.3,81.1,5.6,5.5,74.3,24.1,50.2,4.01,35.2278,69.3228,14.3
Cotton,Silty,Normal,Medium,Bacterial Blight,Moderate,Yes,0.726,38.9,20.8,82.9,89.5,6.37,118.5,40.7,18.8,69.6,3.89,20.8047,68.7922,0.6
Orange,Silty,Normal,High,Citrus Canker,Low,No,0.364,40.7,28.9,92.4,115.1,7.49,18.6,14.0,13.1,38.7,2.05,8.4624,73.3857,2.3
Chickpea,Silty,Normal,Low,None,Moderate,Yes,0.402,36.3,21.9,11.8,81.9,5.65,53.6,67.6,78.2,61.7,4.79,22.9696,76.7075,0.0
Watermelon,Clayey,Normal,High,None,Moderate,Yes,0.608,25.4,28.9,86.8,58.9,6.14,97.1,8.4,49.5,68.7,4.83,21.8008,88.0572,2.8
Pigeonpeas,Silty,Rainy,High,Fusarium Wilt,Low,No,0.295,40.8,36.4,54.3,163.9,5.72,8.7,68.2,22.2,55.4,2.95,28.1237,90.625,12.5
Lentil,Silty,Normal,Medium,None,High,Yes,0.223,10.0,29.3,66.0,39.0,5.79,0.2,74.7,21.9,56.0,3.12,17.1138,87.7725,19.0
Watermelon,Loamy,Normal,High,None,High,Yes,0.512,10.0,28.8,85.0,45.1,6.34,98.0,23.4,50.0,71.2,2.97,12.2677,73.2469,1.1
Grapes,Silty,Cool,Medium,Anthracnose,Moderate,Yes,0.354,24.3,13.8,83.5,71.4,5.68,30.0,123.3,202.3,78.4,4.48,25.5957,96.0926,0.0
Mothbeans,Loamy,Normal,Medium,None,Moderate,Yes,0.277,15.1,28.3,34.6,54.9,5.24,2.3,42.4,21.2,39.0,2.83,24.9509,91.3877,13.5
Mothbeans,Loamy,Hot & Dry,Low,Root Rot,Moderate,Yes,0.292,21.5,30.4,30.6,70.1,9.98,29.9,59.9,24.8,14.6,0.84,10.0721,81.472,4.2
Rice,Clayey,Rainy,High,Rice Blast,Low,No,0.85,85.1,38.5,82.2,283.2,6.95,115.3,55.2,35.8,67.3,4.14,13.3227,94.5878,0.6
Blackgram,Loamy,Normal,High,Powdery Mildew,Moderate,Yes,0.429,22.4,30.6,67.8,63.6,6.93,54.1,76.6,19.4,67.2,3.45,15.5432,72.5319,0.4
Cotton,Loamy,Normal,Low,Bacterial Blight,Moderate,Yes,0.589,34.6,23.0,82.4,78.5,5.95,132.7,48.8,16.1,63.6,3.36,19.2409,78.0938,0.0
Coconut,Sandy,Rainy,High,Root Wilt,Low,No,0.492,54.6,28.6,94.5,208.3,6.15,32.7,6.5,33.3,55.4,3.02,29.7186,85.0051,0.0
Rice,Loamy,Rainy,High,Rice Blast,Low,No,0.79,70.5,20.1,83.7,263.0,7.48,90.3,48.7,38.0,53.5,2.78,35.8351,92.4888,2.2
Mothbeans,Clayey,Hot & Dry,Low,None,Moderate,Yes,0.235,21.0,30.6,42.0,57.9,8.79,7.4,36.9,18.7,29.3,2.32,13.5804,73.9824,8.1
Mothbeans,Sandy,Normal,Medium,None,Moderate,Yes,0.208,27.1,27.0,56.1,68.4,5.65,9.8,36.7,16.5,48.1,4.12,34.0264,74.5551,9.0
Orange,Clayey,Normal,High,Citrus Canker,Low,No,0.473,29.1,29.6,93.1,104.9,7.13,32.5,25.2,7.8,46.6,2.32,23.5847,78.0578,3.2
Papaya,Silty,Normal,High,Phytophthora Blight,Moderate,Yes,0.49,18.9,39.4,91.3,74.0,6.64,70.0,40.8,46.3,66.0,3.15,25.8289,95.59,0.0
Blackgram,Sandy,Normal,High,None,Moderate,Yes,0.332,15.1,29.6,65.9,61.0,6.78,58.7,65.0,15.8,66.2,4.1,20.996,86.0419,3.6
Coconut,Sandy,Rainy,High,Root Wilt,Low,No,0.472,58.8,26.1,94.8,168.1,5.73,5.3,14.9,25.8,42.5,2.49,34.6165,75.3044,10.5
Pigeonpeas,Sandy,Rainy,Medium,None,Low,No,0.365,51.7,27.9,60.7,152.8,4.58,28.0,77.3,19.3,38.5,3.76,13.5405,88.4494,0.0
Blackgram,Silty,Normal,Medium,None,Moderate,Yes,0.345,19.2,27.7,67.2,68.7,6.64,54.4,63.9,18.2,68.5,5.55,12.0501,81.518,4.8
Mango,Loamy,Normal,High,Powdery Mildew,Low,No,0.406,33.2,34.7,50.0,101.4,5.09,27.7,21.3,26.3,41.3,2.75,8.2153,90.3782,1.4
Maize,Sandy,Normal,High,None,Moderate,Yes,0.507,29.2,20.4,59.2,68.5,5.85,77.3,50.9,23.3,58.2,3.56,21.5508,83.7441,2.2
Watermelon,Sandy,Normal,High,None,Moderate,Yes,0.577,21.8,25.0,87.8,50.6,6.74,91.0,27.1,48.3,72.2,4.95,11.9143,90.8675,5.3
Orange,Silty,Normal,High,Citrus Canker,Low,No,0.375,32.9,29.5,91.8,117.2,7.39,10.6,17.1,11.6,41.0,2.13,33.2177,68.2501,6.2
Mothbeans,Clayey,Normal,High,Leaf Spot,Moderate,Yes,0.301,13.5,27.2,60.3,50.1,9.93,14.1,54.9,24.3,15.3,1.23,15.1248,75.9323,4.7
Coconut,Sandy,Rainy,High,Root Wilt,Low,No,0.324,56.2,28.5,94.2,195.9,5.67,7.0,5.3,25.1,37.8,2.11,13.632,69.9358,14.3
Jute,Clayey,Rainy,Medium,Stem Rot,Low,No,0.591,53.8,20.5,85.2,162.3,6.86,61.6,52.9,41.1,61.1,4.05,35.5395,74.4436,18.7
Maize,Loamy,Normal,Medium,None,Moderate,Yes,0.416,31.7,23.5,68.2,74.0,5.98,76.8,35.5,20.3,58.3,5.06,19.3367,74.3333,4.2
Mango,Clayey,Normal,Low,None,Low,No,0.335,40.9,26.7,47.7,101.5,4.73,0.4,29.3,27.3,33.5,3.14,26.6445,90.9844,15.5
Chickpea,Silty,Normal,Low,None,Moderate,Yes,0.38,36.0,25.7,13.9,89.5,6.33,58.6,62.5,84.4,72.8,5.84,18.4984,95.5796,4.3
Maize,Sandy,Normal,Low,None,Low,No,0.597,40.5,25.3,58.6,100.9,6.96,76.9,52.3,22.9,62.1,6.27,36.9422,92.2409,4.0
Cotton,Clayey,Normal,Low,Bacterial Blight,Moderate,Yes,0.581,26.0,20.2,76.7,77.8,6.62,122.6,39.3,22.0,73.9,4.18,17.722,73.6947,3.8
Coconut,Loamy,Rainy,High,Root Wilt,Low,No,0.339,58.0,25.8,98.7,165.1,6.27,10.2,19.3,35.0,51.2,2.7,22.9558,89.2843,7.7
Jute,Sandy,Rainy,High,Stem Rot,Low,No,0.587,48.4,22.3,87.5,165.6,6.94,60.5,58.9,41.0,59.7,3.51,8.4641,91.1444,17.7
Blackgram,Sandy,Normal,Medium,None,Moderate,Yes,0.297,19.3,25.5,64.9,66.2,7.15,39.1,56.9,21.7,55.5,4.18,29.1045,70.3883,4.0
Jute,Loamy,Rainy,High,Stem Rot,Low,No,0.726,55.3,29.0,87.0,193.8,6.2,98.5,43.8,39.2,72.6,4.47,10.5267,78.8102,1.6
Cotton,Silty,Normal,High,Bacterial Blight,Moderate,Yes,0.671,22.1,22.4,82.0,64.4,6.65,122.9,58.5,16.5,67.9,3.19,8.5926,96.3125,0.5
Watermelon,Clayey,Normal,Low,Anthracnose,Moderate,Yes,0.425,20.1,22.5,82.7,50.2,6.42,81.3,27.5,47.3,69.9,3.99,30.9523,94.2381,16.8
Pigeonpeas,Silty,Rainy,High,Fusarium Wilt,Low,No,0.419,53.8,36.9,66.4,175.4,6.43,7.3,59.6,19.1,59.2,3.62,27.6113,91.4418,8.5
Apple,Loamy,Normal,High,Apple Scab,Low,No,0.471,44.2,23.4,90.8,115.4,6.02,30.1,134.3,197.0,93.1,4.82,26.4927,92.5967,3.9
Jute,Silty,Rainy,High,None,Low,No,0.637,59.3,26.9,71.2,178.1,6.97,72.1,38.5,43.3,62.9,4.76,19.3319,73.4178,4.7
Chickpea,Loamy,Normal,High,None,Moderate,Yes,0.412,25.9,25.1,18.8,93.3,6.92,36.1,59.1,84.3,69.8,4.82,34.9842,82.2256,5.1
Watermelon,Sandy,Normal,High,None,Moderate,Yes,0.648,21.4,27.7,82.3,54.8,6.09,108.1,29.1,52.7,71.1,4.58,16.4662,68.876,3.0
Coconut,Loamy,Rainy,High,Root Wilt,Low,No,0.46,51.0,29.4,96.7,161.0,5.74,21.4,28.8,27.3,50.7,2.99,36.3734,81.0396,5.0
Cotton,Sandy,Normal,High,Bacterial Blight,Moderate,Yes,0.523,41.4,22.2,75.0,84.3,6.02,107.2,50.4,23.2,63.0,3.17,28.2239,90.7015,13.1
Chickpea,Sandy,Normal,Low,None,Moderate,Yes,0.415,32.4,22.5,19.3,76.3,6.66,38.6,68.5,79.1,72.8,6.21,30.0001,94.713,0.0
Jute,Loamy,Rainy,High,None,Low,No,0.61,47.2,27.2,72.8,175.6,7.27,94.0,57.1,40.8,62.4,5.44,36.3425,79.9557,0.1
Muskmelon,Clayey,Normal,High,None,High,Yes,0.472,10.0,27.7,92.6,29.6,6.45,115.2,10.1,50.1,67.7,2.85,26.8872,90.3414,3.8
Orange,Silty,Cool,High,Citrus Canker,Low,No,0.317,45.8,10.5,90.7,111.6,6.76,13.0,28.7,11.6,54.3,2.8,23.6553,80.2665,7.7
Kidneybeans,Clayey,Cool,Low,None,Moderate,Yes,0.366,31.7,16.1,23.0,71.9,5.91,28.8,77.1,18.8,60.5,4.59,29.9649,73.0817,4.5
Mungbean,Silty,Normal,High,None,Moderate,Yes,0.357,16.5,27.7,88.0,51.3,6.57,26.9,57.1,17.8,61.9,3.67,29.645,91.5047,4.5
Pigeonpeas,Clayey,Rainy,High,None,Low,No,0.517,56.8,27.0,30.7,191.9,4.77,11.9,71.4,18.7,35.5,3.0,19.747,91.6745,9.4
Blackgram,Sandy,Normal,Medium,None,Moderate,Yes,0.461,31.9,26.3,67.5,64.8,6.74,44.4,71.2,19.5,61.5,5.23,15.4194,89.8631,2.9
Muskmelon,Loamy,Normal,High,None,High,Yes,0.614,22.6,25.1,91.2,27.0,6.2,111.6,24.5,47.8,69.2,2.92,36.9442,75.2143,0.6
Grapes,Loamy,Cool,Low,Anthracnose,Moderate,Yes,0.372,40.3,15.4,80.2,69.6,5.9,16.4,145.0,204.6,86.3,4.43,31.6813,96.0659,6.8
Coffee,Silty,Normal,Medium,None,Low,No,0.639,44.4,22.6,62.1,124.9,6.58,116.2,18.4,25.5,64.0,6.46,35.0111,84.9188,0.0
Mango,Clayey,Normal,Medium,Powdery Mildew,Low,No,0.367,39.3,34.5,51.6,103.3,4.89,15.1,39.6,34.1,38.5,2.98,33.0897,79.5947,5.5
Apple,Clayey,Normal,High,Apple Scab,Low,No,0.274,48.0,22.2,91.5,113.1,5.75,18.0,124.7,204.2,85.7,4.66,29.635,96.3054,3.8
Pigeonpeas,Loamy,Rainy,Medium,Fusarium Wilt,Low,No,0.551,62.4,37.7,41.6,197.7,4.65,39.6,65.1,15.3,35.0,2.68,32.7343,93.2507,3.1
Coconut,Silty,Rainy,High,Root Wilt,Low,No,0.492,63.1,27.6,95.7,215.6,5.82,2.8,12.5,25.2,40.7,2.52,16.6166,89.5262,16.4
Pigeonpeas,Silty,Hot & Dry,Medium,Fusarium Wilt,Low,No,0.416,24.7,33.6,36.1,115.7,6.06,11.9,55.3,21.2,59.0,4.47,26.0492,75.5695,10.8
Grapes,Clayey,Normal,High,Powdery Mildew,Moderate,Yes,0.317,29.4,34.5,82.7,73.2,6.47,5.0,143.4,204.4,92.7,3.81,15.1341,95.122,13.1
Watermelon,Loamy,Normal,High,Anthracnose,Moderate,Yes,0.575,31.7,23.3,84.8,53.0,6.76,96.4,28.4,49.3,66.0,3.41,22.2318,71.495,2.1
Blackgram,Silty,Normal,High,Powdery Mildew,Moderate,Yes,0.426,14.5,31.2,68.5,60.8,6.6,58.6,71.4,19.8,64.0,2.9,29.9695,90.0921,0.0
Maize,Sandy,Normal,High,None,Moderate,Yes,0.455,18.8,28.0,67.0,69.9,5.61,65.9,43.3,21.2,48.9,3.07,36.8929,75.9768,12.4
Papaya,Loamy,Rainy,High,Papaya Ring Spot Virus,Low,No,0.632,63.7,23.4,93.7,221.9,6.77,54.4,54.5,49.9,61.7,3.49,10.2103,89.9546,0.0
Apple,Sandy,Normal,High,Apple Scab,Low,No,0.482,32.5,24.3,94.9,117.4,5.59,25.2,144.4,201.9,83.8,4.49,36.1764,69.0741,3.7
Papaya,Silty,Normal,High,Phytophthora Blight,Moderate,Yes,0.516,18.9,32.3,90.4,60.0,6.87,61.8,47.7,48.4,62.2,2.97,11.3922,79.5528,2.5
Apple,Clayey,Normal,High,Apple Scab,Low,No,0.271,37.4,24.5,94.0,108.0,6.22,0.1,127.1,200.9,91.8,4.75,12.3387,70.3616,17.7
Coffee,Sandy,Rainy,High,None,Low,No,0.692,48.7,27.7,64.8,156.2,6.06,88.4,24.6,32.7,60.9,5.17,27.1421,83.4912,7.4
Grapes,Silty,Normal,High,Powdery Mildew,Moderate,Yes,0.25,13.8,39.1,81.9,72.1,6.19,12.9,135.2,198.4,86.3,4.03,25.5421,81.5843,5.6
Rice,Clayey,Rainy,High,Rice Blast,Low,No,0.737,70.8,35.4,82.2,258.0,5.11,90.2,47.7,35.5,56.5,3.43,25.3851,85.8389,1.8
Jute,Sandy,Rainy,High,None,Low,No,0.639,52.3,20.9,83.6,190.5,7.37,95.4,42.1,37.2,59.8,4.62,19.5809,73.4077,0.0
Cotton,Silty,Normal,High,Bacterial Blight,Moderate,Yes,0.567,32.3,24.0,81.7,60.7,5.82,126.2,35.8,24.9,65.4,2.92,16.077,81.9272,2.9
Maize,Sandy,Cool,High,None,Moderate,Yes,0.465,29.9,19.7,67.8,82.2,5.8,94.5,52.0,21.8,56.7,3.55,33.4156,82.0916,0.7
Watermelon,Sandy,Normal,High,None,High,Yes,0.586,11.8,27.0,85.8,47.3,6.92,85.3,15.2,47.5,61.3,2.54,24.1102,81.0043,11.3
Grapes,Loamy,Cool,High,Anthracnose,Moderate,Yes,0.392,30.6,9.7,81.2,67.4,5.9,20.7,121.2,204.3,80.9,3.5,8.2324,83.8055,0.0
Mungbean,Clayey,Normal,High,None,High,Yes,0.233,18.9,27.2,87.4,38.6,6.96,23.5,49.8,24.9,54.1,2.32,28.1873,78.6334,4.0
Coconut,Silty,Normal,High,Root Wilt,Low,No,0.51,42.4,25.2,97.2,142.6,5.93,26.0,9.7,28.9,53.1,2.88,15.9273,86.2748,4.7
Maize,Silty,Normal,Medium,None,Moderate,Yes,0.418,22.5,21.4,60.7,85.7,5.99,72.8,53.7,24.6,62.3,5.1,16.2184,92.3301,5.8
Banana,Loamy,Normal,High,Panama Wilt,Low,No,0.578,30.3,28.0,81.9,104.8,5.65,95.9,80.2,53.7,65.6,3.7,31.5149,92.3703,3.4
Watermelon,Sandy,Normal,High,None,High,Yes,0.406,16.7,26.4,87.6,48.1,6.9,81.2,5.3,49.5,66.2,2.4,35.6919,87.746,13.5
Blackgram,Sandy,Normal,Medium,None,Moderate,Yes,0.388,13.6,30.0,60.9,65.2,6.92,47.2,70.9,15.9,57.0,4.46,17.4655,80.8278,0.0
Grapes,Loamy,Cool,High,Anthracnose,Moderate,Yes,0.379,25.5,11.1,84.1,74.9,6.19,38.7,138.3,198.7,94.8,3.35,26.6466,83.2167,2.0
Grapes,Silty,Normal,High,Powdery Mildew,Moderate,Yes,0.243,17.6,31.0,82.9,68.9,5.93,17.4,138.6,198.0,89.9,3.73,19.4837,95.6905,2.7
Muskmelon,Loamy,Normal,High,None,High,Yes,0.47,10.0,28.7,92.4,27.3,6.24,82.0,9.6,47.4,58.7,2.07,18.4365,82.1772,13.9
Pigeonpeas,Clayey,Rainy,Medium,Fusarium Wilt,Low,No,0.421,42.4,35.3,35.3,184.7,6.2,27.6,70.1,19.8,64.0,4.31,19.4487,91.3129,4.7
Grapes,Clayey,Cool,Low,Anthracnose,Moderate,Yes,0.277,37.6,13.3,82.4,74.3,5.74,24.7,134.8,196.9,87.3,4.73,8.629,70.7237,2.8
Rice,Clayey,Rainy,High,None,Low,No,0.524,53.7,36.0,82.6,181.9,5.73,63.9,50.4,37.3,59.0,4.96,17.6106,77.3114,19.5
Lentil,Loamy,Normal,Low,Stemphylium Blight,High,Yes,0.352,12.6,29.0,64.4,48.8,6.37,27.6,58.2,18.9,65.9,2.64,36.5558,74.1899,0.0
Watermelon,Loamy,Normal,Medium,Anthracnose,High,Yes,0.501,28.8,21.3,84.5,44.1,6.47,119.7,23.1,46.5,73.3,2.5,21.8661,94.8399,1.1
Mungbean,Loamy,Normal,High,None,High,Yes,0.272,21.7,27.1,86.1,47.6,6.25,22.3,36.3,18.8,52.0,2.35,29.1098,71.836,1.5
Rice,Silty,Rainy,High,None,Low,No,0.674,67.7,35.2,82.5,213.0,6.07,100.5,56.7,39.7,71.9,5.48,28.4911,73.5364,1.6
Mango,Silty,Normal,High,Powdery Mildew,Moderate,Yes,0.329,28.6,33.8,53.0,99.6,6.86,25.4,34.8,34.4,54.8,2.24,34.834,96.4473,2.9
Coconut,Sandy,Normal,High,None,Low,No,0.435,46.5,28.5,98.4,137.4,6.1,27.2,23.7,33.4,54.1,4.25,28.3638,87.1933,0.0
Watermelon,Loamy,Normal,High,Anthracnose,Moderate,Yes,0.495,16.8,21.3,82.2,57.9,6.59,111.0,15.9,47.2,72.7,3.04,25.8616,84.3092,0.4
Lentil,Sandy,Normal,Medium,None,Moderate,Yes,0.182,16.2,23.4,67.4,52.5,7.48,0.7,72.5,16.8,48.2,4.22,34.9452,72.6868,16.3
Muskmelon,Silty,Normal,High,None,High,Yes,0.485,14.6,27.6,92.5,29.7,6.07,109.9,22.4,45.6,66.6,2.8,32.5868,69.9544,1.7
Grapes,Sandy,Normal,High,None,Moderate,Yes,0.397,24.1,31.1,82.9,68.1,5.87,27.9,144.7,197.0,87.6,5.36,22.9441,87.9143,2.4
Coconut,Loamy,Rainy,High,Root Wilt,Low,No,0.489,56.6,27.7,99.7,211.5,6.36,31.0,14.7,33.8,60.9,3.82,20.0982,79.1415,0.0
Kidneybeans,Sandy,Cool,Low,None,Moderate,Yes,0.371,34.6,19.5,20.1,89.7,6.45,16.7,63.9,18.2,60.6,4.83,36.7447,72.9923,3.9
Lentil,Silty,Normal,Medium,None,High,Yes,0.173,24.8,22.1,67.9,45.6,6.33,0.2,56.3,20.2,55.7,2.75,12.4633,93.8614,19.8
Lentil,Silty,Normal,Low,None,Moderate,Yes,0.2,17.3,29.2,60.0,51.7,7.1,2.7,67.8,21.1,53.2,4.14,17.23,81.6286,12.1
Chickpea,Clayey,Cool,Low,None,Moderate,Yes,0.465,31.9,15.7,16.2,73.0,7.93,38.1,79.0,79.1,53.2,4.22,9.4068,85.7324,3.3
Rice,Silty,Rainy,High,Rice Blast,Low,No,0.764,64.0,21.4,81.3,237.6,6.45,119.0,54.4,37.8,76.7,4.1,15.9093,96.7109,1.9
Kidneybeans,Sandy,Cool,Low,None,Moderate,Yes,0.353,30.9,15.1,18.2,78.4,5.54,8.4,64.7,17.7,49.6,3.68,17.3342,86.5664,14.0
Coconut,Sandy,Rainy,High,Root Wilt,Low,No,0.408,50.1,29.1,97.6,192.5,5.55,10.0,5.5,28.4,43.0,2.76,9.2846,74.7648,6.6
Orange,Silty,Cool,High,Citrus Canker,Low,No,0.335,30.0,17.0,94.2,103.8,6.03,24.0,24.1,8.3,46.2,2.52,20.6668,78.5147,0.6
Kidneybeans,Clayey,Normal,High,None,Low,No,0.34,42.1,22.4,24.9,124.9,6.19,26.3,56.7,24.0,61.4,5.13,33.34,88.1936,3.6
Lentil,Sandy,Normal,Low,None,High,Yes,0.276,20.4,27.2,61.7,35.6,7.28,4.2,65.5,17.4,48.5,2.79,16.4835,82.9743,11.3
Muskmelon,Loamy,Normal,High,None,High,Yes,0.397,10.0,29.2,91.1,29.1,6.48,87.7,5.1,49.0,70.6,2.64,30.5892,93.7043,13.6
Banana,Loamy,Normal,High,None,Moderate,Yes,0.582,24.2,29.2,84.3,97.1,6.43,102.5,80.4,50.5,79.7,5.56,8.7823,72.3936,0.0
Apple,Silty,Normal,High,Apple Scab,Low,No,0.473,44.4,24.1,93.8,120.6,5.93,27.2,134.3,195.4,87.7,4.62,31.4877,96.5485,2.1
Lentil,Loamy,Normal,Medium,None,Moderate,Yes,0.339,24.6,21.8,62.0,54.8,6.55,2.8,74.8,19.2,62.6,5.08,9.923,84.9124,14.0
Cotton,Silty,Normal,High,Bacterial Blight,Moderate,Yes,0.624,19.5,24.9,82.6,66.7,6.75,102.3,49.5,18.7,65.3,2.64,12.5111,68.4899,15.5
Chickpea,Loamy,Cool,Low,None,Moderate,Yes,0.384,30.0,17.7,19.4,83.1,7.86,26.0,69.8,81.8,48.7,4.11,23.6606,86.6637,15.1
Kidneybeans,Loamy,Normal,Low,None,Moderate,Yes,0.405,43.9,21.5,19.9,94.9,6.42,20.4,58.3,23.1,56.9,4.36,21.9504,72.2553,1.9
Grapes,Clayey,Normal,High,Powdery Mildew,Moderate,Yes,0.293,28.1,37.0,82.6,69.4,6.43,22.1,142.3,197.2,98.4,3.62,17.5092,82.8199,0.9
Orange,Clayey,Cool,Low,Citrus Canker,Low,No,0.394,48.3,14.8,91.8,116.0,6.67,31.3,26.6,15.0,59.4,4.13,9.2385,92.4806,0.2
Coffee,Loamy,Rainy,Medium,None,Low,No,0.712,58.7,25.2,62.4,176.5,7.01,116.2,23.9,31.4,61.9,6.3,14.0679,96.1839,0.2
Pomegranate,Silty,Normal,High,Bacterial Blight,Low,No,0.475,46.1,22.9,92.5,114.7,6.9,35.5,28.8,41.5,54.4,3.35,31.7549,90.5169,2.2
Maize,Sandy,Normal,Medium,None,Moderate,Yes,0.533,21.2,25.4,65.8,67.1,6.81,83.3,45.9,23.7,67.5,5.33,19.9484,81.7178,3.7
Rice,Sandy,Rainy,High,Rice Blast,Low,No,0.714,72.7,28.5,84.3,272.2,7.38,114.9,59.7,43.2,60.9,3.51,27.1952,93.1895,0.5
Apple,Clayey,Normal,High,None,Low,No,0.349,45.2,24.6,93.3,105.8,6.16,14.6,137.7,196.6,91.5,6.55,10.5731,84.2171,8.7
Coffee,Sandy,Rainy,High,None,Low,No,0.637,63.0,22.3,56.0,199.3,6.56,92.2,19.1,33.2,68.4,5.52,19.2828,95.4553,10.6
Pomegranate,Silty,Cool,Medium,Bacterial Blight,Low,No,0.359,40.6,19.8,86.8,111.1,5.68,11.7,14.6,39.7,48.1,3.8,25.683,80.3161,7.8
Banana,Clayey,Normal,High,None,Moderate,Yes,0.589,26.5,27.6,75.9,92.2,6.06,80.5,74.0,46.7,73.9,4.96,19.2115,93.7914,18.5
Lentil,Clayey,Normal,Low,None,High,Yes,0.384,13.3,23.4,60.3,46.8,7.49,32.7,60.1,19.9,49.0,2.17,12.3953,95.8906,2.4
Rice,Silty,Rainy,High,Rice Blast,Low,No,0.673,50.9,36.4,80.6,212.3,7.23,94.5,51.1,38.8,65.1,3.41,12.0469,77.09,0.8
Blackgram,Loamy,Normal,Low,None,Moderate,Yes,0.455,20.9,26.3,68.5,70.2,6.63,31.1,75.3,24.2,65.4,5.1,20.6938,80.2779,6.7
Watermelon,Sandy,Normal,High,Anthracnose,High,Yes,0.488,25.4,24.7,84.5,43.0,6.07,99.5,20.4,45.2,60.7,1.57,30.5291,78.1634,1.6
Grapes,Loamy,Normal,High,Powdery Mildew,Moderate,Yes,0.324,25.9,35.8,81.9,70.5,5.55,36.3,130.9,198.1,80.9,3.88,29.3169,86.6425,4.3
Jute,Clayey,Rainy,High,Stem Rot,Low,No,0.666,56.8,21.8,83.7,194.0,6.56,73.4,49.6,36.6,64.5,4.09,29.5456,77.7012,3.7
Mungbean,Loamy,Normal,High,None,High,Yes,0.268,18.7,27.9,86.8,45.0,7.31,33.3,54.5,17.7,51.9,1.97,14.7693,75.328,0.5
Grapes,Silty,Normal,High,Anthracnose,Moderate,Yes,0.275,30.5,23.4,82.9,68.6,5.7,29.2,137.4,198.7,85.1,3.45,11.8864,87.9579,0.0
Coconut,Silty,Rainy,High,Root Wilt,Low,No,0.494,58.8,27.2,90.9,196.3,5.69,12.9,11.1,30.0,40.8,2.15,10.4449,70.6709,4.1
Blackgram,Silty,Normal,High,None,Moderate,Yes,0.385,17.1,26.0,68.0,68.2,6.99,37.3,68.4,16.7,59.5,3.85,11.7373,90.0686,6.0
Watermelon,Clayey,Normal,High,None,High,Yes,0.609,10.0,28.6,88.2,44.9,6.66,105.7,21.3,45.0,73.7,2.66,8.964,73.3559,0.0
Orange,Loamy,Normal,High,Citrus Canker,Low,No,0.422,25.0,33.6,94.5,106.5,6.03,17.3,13.4,11.5,50.9,2.57,19.8569,69.0634,2.4
Lentil,Clayey,Cool,Medium,Stemphylium Blight,High,Yes,0.346,21.5,19.1,68.6,40.0,6.35,12.8,69.7,16.4,56.5,1.86,36.3421,71.7843,8.4
Maize,Clayey,Normal,High,None,Low,No,0.439,26.7,29.5,69.8,102.5,6.64,74.9,38.5,15.3,64.5,5.01,26.6105,78.5449,5.7
Kidneybeans,Sandy,Cool,Low,None,Moderate,Yes,0.302,30.1,17.5,23.3,85.5,5.91,31.9,59.0,22.3,55.7,4.5,8.1443,75.6476,1.6
Watermelon,Clayey,Normal,High,None,Moderate,Yes,0.533,20.1,28.1,89.5,55.0,6.25,87.7,9.3,45.5,68.3,4.51,26.1275,73.1431,11.1
Blackgram,Silty,Normal,High,Powdery Mildew,Moderate,Yes,0.427,22.9,31.9,70.0,66.1,7.48,34.2,75.9,15.9,47.4,2.12,15.1424,86.5478,3.0
Watermelon,Sandy,Normal,High,None,Moderate,Yes,0.502,14.6,29.9,82.2,51.6,6.4,96.7,7.6,49.7,67.3,4.26,14.7664,74.043,4.7
Watermelon,Silty,Normal,High,None,High,Yes,0.564,23.6,25.5,83.4,45.8,6.25,85.1,20.8,52.7,71.1,2.63,21.7698,72.543,13.1
Jute,Silty,Rainy,High,Stem Rot,Low,No,0.644,47.9,26.3,88.6,160.6,6.49,87.9,45.5,37.0,69.4,3.61,30.759,79.4056,1.8
Pomegranate,Loamy,Normal,High,Bacterial Blight,Low,No,0.358,35.3,22.3,93.9,109.9,6.32,22.6,19.8,37.4,54.6,3.38,27.0176,88.1445,0.0
Blackgram,Silty,Normal,Medium,None,Moderate,Yes,0.233,16.8,28.8,64.7,72.5,6.67,20.9,75.2,19.7,62.5,5.42,8.5539,93.9909,16.0
Lentil,Sandy,Normal,Low,None,Moderate,Yes,0.373,17.4,29.7,64.0,50.4,5.89,23.0,57.9,24.8,51.4,4.6,26.3522,79.2694,2.9
Mango,Clayey,Hot & Dry,Medium,Powdery Mildew,Moderate,Yes,0.444,32.9,31.0,49.6,96.7,6.37,30.0,20.1,33.2,56.6,3.08,32.5479,70.3178,2.7
Mothbeans,Clayey,Normal,Low,None,Moderate,Yes,0.358,18.5,26.3,48.4,50.3,7.53,25.7,52.6,18.8,51.3,4.28,8.953,95.722,0.0
Mango,Clayey,Hot & Dry,Medium,Powdery Mildew,Moderate,Yes,0.296,35.3,32.8,47.5,99.6,6.0,31.4,29.3,26.1,50.7,2.71,34.6116,80.1586,1.4
Mungbean,Silty,Normal,High,None,Moderate,Yes,0.279,11.3,27.8,88.3,52.3,6.82,38.3,41.8,22.9,54.0,3.19,36.8253,94.3526,0.0
Grapes,Loamy,Normal,High,None,Moderate,Yes,0.229,32.0,26.9,83.3,65.5,6.27,0.4,127.1,201.5,84.5,5.48,20.0996,80.0928,14.5
Papaya,Sandy,Normal,High,Phytophthora Blight,Moderate,Yes,0.535,14.7,33.6,90.2,65.6,6.65,70.0,53.7,45.7,69.1,3.51,36.896,74.0764,0.0
Watermelon,Silty,Normal,High,Anthracnose,High,Yes,0.562,18.4,21.0,88.4,42.0,6.93,82.5,17.0,54.8,59.0,2.06,30.9308,71.3642,18.2
Kidneybeans,Loamy,Cool,Low,None,Low,No,0.288,53.9,15.2,16.4,120.2,6.41,23.3,62.7,23.5,62.6,6.06,23.4749,92.6814,0.1
Pigeonpeas,Clayey,Rainy,High,Fusarium Wilt,Low,No,0.461,47.3,38.4,38.5,183.4,5.81,36.3,78.3,15.8,60.0,3.5,35.9555,69.0878,2.5
Pomegranate,Loamy,Cool,High,Bacterial Blight,Low,No,0.304,35.2,18.9,90.8,103.7,5.93,24.6,7.8,44.9,55.3,3.53,14.3161,69.4906,2.2
Watermelon,Loamy,Normal,High,None,Moderate,Yes,0.534,26.4,25.5,88.1,60.0,6.34,118.6,9.6,45.7,71.8,4.59,22.1102,91.4531,4.5
Muskmelon,Clayey,Normal,High,Powdery Mildew,High,Yes,0.476,14.0,27.6,94.6,23.9,6.18,103.3,19.9,51.1,71.7,2.18,26.2314,89.1836,1.0
Mango,Clayey,Normal,Medium,None,Low,No,0.346,35.7,28.6,50.0,102.0,6.72,37.6,37.9,27.1,55.6,5.87,18.4871,78.6418,0.0
Rice,Silty,Rainy,High,Rice Blast,Low,No,0.63,81.3,37.2,83.3,275.8,5.69,88.6,51.6,35.8,60.5,3.72,22.8466,90.5629,0.0
Rice,Clayey,Rainy,High,Rice Blast,Low,No,0.731,77.4,28.2,83.0,298.2,6.68,60.2,51.0,43.1,63.1,3.37,22.5436,71.2283,24.3
Coffee,Sandy,Rainy,High,None,Low,No,0.599,58.6,21.8,61.1,158.2,6.43,86.5,20.7,30.5,66.4,5.25,8.0374,70.6758,13.9
Papaya,Sandy,Rainy,High,Papaya Ring Spot Virus,Low,No,0.522,59.0,29.3,93.9,236.6,6.85,40.7,50.1,46.2,65.6,4.0,20.8469,72.2229,10.8
Orange,Silty,Normal,High,Citrus Canker,Low,No,0.358,34.8,33.2,91.4,118.7,6.96,23.7,28.1,5.1,55.3,2.9,23.673,92.6931,0.0
Pomegranate,Loamy,Normal,High,Bacterial Blight,Low,No,0.368,41.4,24.6,87.4,105.0,5.62,4.1,12.2,43.7,45.0,2.59,19.8897,81.1698,15.9
Jute,Loamy,Rainy,High,Stem Rot,Low,No,0.482,44.6,25.1,81.1,151.1,6.92,65.2,35.9,35.9,66.0,3.77,24.9703,71.3469,10.9
Blackgram,Sandy,Normal,High,None,Moderate,Yes,0.404,26.1,29.4,69.3,72.3,7.4,53.0,70.5,24.0,53.7,3.41,22.2966,78.7904,2.0
Rice,Clayey,Rainy,High,Rice Blast,Low,No,0.707,63.6,34.7,84.2,214.5,6.51,92.7,42.0,40.8,70.4,4.08,8.4284,69.9337,0.0
Banana,Silty,Normal,High,None,Low,No,0.507,32.3,26.4,79.4,102.0,5.54,96.8,76.0,49.5,68.4,5.41,34.0686,69.699,3.1
Jute,Silty,Rainy,High,Stem Rot,Low,No,0.525,55.4,24.0,82.3,192.4,6.96,60.8,42.0,39.8,64.0,3.98,8.2654,76.1775,14.6
Pigeonpeas,Silty,Rainy,Low,None,Low,No,0.433,60.2,18.1,31.3,168.0,4.74,36.0,59.4,18.0,37.5,3.87,17.1444,76.1719,4.7
Rice,Clayey,Rainy,High,Rice Blast,Low,No,0.603,69.6,27.6,80.8,217.8,5.41,83.1,55.9,40.6,54.1,3.27,16.4424,73.2572,5.1
Chickpea,Loamy,Normal,Low,None,Moderate,Yes,0.314,31.9,22.9,12.3,92.3,6.34,32.9,68.4,83.1,67.6,5.5,35.5871,85.4069,9.5
Rice,Silty,Rainy,High,Rice Blast,Low,No,0.545,50.1,35.4,84.5,186.1,5.9,78.1,45.2,40.4,62.9,4.01,31.7628,89.7942,14.3
Kidneybeans,Loamy,Cool,Low,None,Moderate,Yes,0.287,25.5,18.0,22.8,60.7,6.32,33.6,69.7,20.0,64.6,5.38,14.1377,85.9509,1.4
Apple,Sandy,Normal,High,Apple Scab,Low,No,0.296,33.2,20.1,93.5,110.8,6.15,3.4,121.5,195.6,83.4,4.59,18.6855,96.125,13.5
Muskmelon,Silty,Normal,High,None,High,Yes,0.618,10.0,26.1,91.4,27.3,6.39,103.2,20.5,54.0,68.0,2.79,30.6734,90.283,0.0
Grapes,Loamy,Normal,Low,Anthracnose,Moderate,Yes,0.352,20.9,22.2,83.9,68.0,5.62,11.6,138.3,203.4,82.7,4.96,20.4093,80.2009,7.7
Maize,Silty,Normal,High,None,Moderate,Yes,0.51,36.5,27.1,56.3,88.8,5.54,73.8,51.5,21.5,56.1,3.82,31.1175,86.1235,4.1
Blackgram,Clayey,Normal,High,Powdery Mildew,Moderate,Yes,0.33,21.8,30.5,69.3,69.4,6.52,22.8,57.8,19.8,60.6,2.8,23.6354,84.9874,12.3
Pigeonpeas,Clayey,Hot & Dry,Low,None,Low,No,0.305,49.4,32.2,44.7,144.8,5.16,15.1,70.9,22.2,45.5,5.0,15.1004,92.0752,7.3
Blackgram,Silty,Normal,Medium,None,Moderate,Yes,0.337,20.5,26.5,62.4,63.1,7.2,42.8,68.4,24.1,58.5,4.48,21.8837,95.9688,3.0
Kidneybeans,Loamy,Cool,Low,None,Low,No,0.484,58.1,20.0,18.4,148.7,5.57,19.6,68.8,23.0,47.1,4.94,8.8797,79.2472,0.8
Watermelon,Sandy,Normal,High,None,High,Yes,0.444,10.7,27.9,82.2,41.3,6.89,95.7,9.6,49.5,61.6,2.89,22.1813,92.1983,6.1
Banana,Sandy,Normal,High,Panama Wilt,Low,No,0.575,30.8,27.1,80.3,107.7,6.01,117.2,79.6,49.7,76.9,4.1,16.898,86.1388,0.2
Watermelon,Silty,Normal,High,Anthracnose,High,Yes,0.572,26.8,23.8,89.3,42.9,6.86,103.1,29.3,49.2,70.2,1.81,35.3951,89.4512,2.9
Cotton,Loamy,Normal,High,Bacterial Blight,Moderate,Yes,0.579,37.3,24.4,83.7,83.0,5.65,117.6,54.4,17.6,63.1,2.68,33.8964,81.3826,6.8
Coffee,Loamy,Rainy,Medium,Coffee Leaf Rust,Low,No,0.676,62.8,29.7,64.5,188.9,6.7,109.2,15.2,34.1,64.9,4.76,23.3613,70.7146,1.2
Coffee,Sandy,Rainy,Medium,None,Low,No,0.753,65.1,27.7,53.9,189.3,6.97,113.6,38.6,34.5,68.6,7.3,22.1589,90.2122,1.1
Grapes,Clayey,Normal,High,Powdery Mildew,Moderate,Yes,0.193,12.2,35.2,83.9,69.3,6.31,7.9,135.8,201.7,86.8,3.96,33.8489,88.8812,11.3
Orange,Silty,Normal,High,Citrus Canker,Low,No,0.367,44.3,29.3,94.3,119.9,6.31,36.7,8.2,13.2,56.2,3.26,35.2166,88.0488,2.2
Apple,Clayey,Normal,High,Apple Scab,Low,No,0.473,45.2,21.9,94.3,106.3,6.14,29.0,136.0,202.0,94.5,4.48,20.1599,84.4795,3.8
Kidneybeans,Loamy,Normal,Low,None,Moderate,Yes,0.288,32.9,22.6,15.9,79.4,6.06,34.7,58.6,21.2,62.0,4.92,19.3536,81.7806,3.5
Orange,Sandy,Normal,High,Citrus Canker,Low,No,0.412,44.0,23.5,90.2,114.7,7.43,28.6,27.4,11.4,47.5,2.41,9.7816,75.0177,0.4
Grapes,Sandy,Normal,High,Powdery Mildew,Moderate,Yes,0.371,14.6,34.7,81.0,66.0,6.13,35.7,128.5,201.9,88.6,3.44,26.1095,68.3486,4.5
Orange,Silty,Normal,High,Citrus Canker,Low,No,0.5,37.9,22.2,94.1,100.7,6.82,37.3,14.5,9.5,49.6,3.19,23.2863,84.2039,2.9
Apple,Silty,Normal,High,Apple Scab,Low,No,0.378,30.5,22.6,91.9,112.9,6.48,28.1,130.9,196.1,94.8,4.77,23.1182,87.2559,0.0
Chickpea,Sandy,Cool,Low,None,Moderate,Yes,0.339,35.5,15.4,19.7,76.2,7.11,39.1,56.0,78.2,58.6,4.96,23.8175,75.1605,5.4
Blackgram,Loamy,Normal,Low,None,Moderate,Yes,0.379,28.8,26.6,61.6,62.1,6.9,43.1,69.8,22.6,61.1,5.02,15.7629,80.3343,1.8
Cotton,Silty,Normal,Medium,Bacterial Blight,Moderate,Yes,0.733,26.9,21.0,76.5,68.2,6.53,134.8,35.1,23.7,73.6,4.47,14.4374,77.183,2.5
Maize,Loamy,Normal,High,None,Moderate,Yes,0.459,27.8,29.3,63.5,60.2,6.95,66.6,38.1,20.2,63.6,4.51,11.6268,88.9397,8.8
Muskmelon,Sandy,Normal,High,None,High,Yes,0.625,21.0,29.2,94.8,24.7,6.4,110.6,10.6,53.7,66.5,2.92,21.9412,82.6147,0.7
Rice,Silty,Rainy,Low,Rice Blast,Low,No,0.718,71.7,21.7,80.4,257.4,7.07,106.8,36.5,39.4,66.5,5.13,18.1152,87.1008,3.9
Coffee,Silty,Rainy,Medium,None,Low,No,0.709,59.2,28.3,65.7,194.1,7.35,97.9,26.7,32.6,57.2,5.77,30.3845,79.6764,2.9
Pomegranate,Sandy,Normal,High,Bacterial Blight,Low,No,0.212,41.2,21.7,87.3,104.0,5.93,1.6,20.2,41.8,46.4,2.6,28.6667,73.692,15.9
Mungbean,Silty,Normal,High,None,Moderate,Yes,0.263,10.0,28.7,87.6,50.6,6.37,38.3,39.6,23.4,62.7,3.75,11.3065,82.2924,2.5
Kidneybeans,Clayey,Normal,Low,None,Low,No,0.274,35.1,22.0,15.4,134.6,5.9,3.3,78.6,15.4,53.6,5.52,14.0591,75.588,14.6
Banana,Loamy,Normal,High,None,Low,No,0.58,44.6,26.0,78.2,111.4,6.01,103.9,91.6,54.2,75.2,6.09,10.6474,75.3123,0.0
Orange,Clayey,Cool,High,Citrus Canker,Low,No,0.348,47.1,17.1,94.2,100.5,7.22,37.0,29.6,8.9,53.7,3.0,30.5817,72.1176,0.7
Banana,Clayey,Normal,High,None,Moderate,Yes,0.611,32.8,29.9,80.0,90.1,5.63,90.6,92.2,54.0,69.5,4.68,10.5045,87.3297,8.2
Rice,Clayey,Rainy,High,Rice Blast,Low,No,0.688,84.8,26.8,81.0,281.6,5.36,79.2,49.7,40.6,57.2,3.24,27.0082,74.295,10.8
Mungbean,Loamy,Normal,High,None,High,Yes,0.29,19.8,29.2,85.9,49.9,6.79,32.5,37.2,15.6,56.7,2.39,9.3008,83.2751,4.9
Blackgram,Sandy,Normal,High,Powdery Mildew,Moderate,Yes,0.275,28.1,30.4,69.4,69.4,7.26,33.4,78.8,15.6,50.7,2.33,20.3162,75.0308,6.2
Mothbeans,Sandy,Hot & Dry,Medium,None,Moderate,Yes,0.324,17.4,30.5,35.6,58.6,4.39,21.4,51.1,20.1,36.3,3.39,30.304,92.5573,4.1
Blackgram,Silty,Normal,Medium,None,Moderate,Yes,0.385,19.1,25.4,63.5,63.2,7.05,22.9,75.7,25.0,61.2,5.08,25.9433,76.4163,12.6
Papaya,Loamy,Normal,High,Papaya Ring Spot Virus,Low,No,0.551,39.3,34.3,93.0,125.7,6.74,53.4,38.1,48.1,66.6,3.77,28.0123,70.8505,1.5
Grapes,Loamy,Normal,High,Powdery Mildew,Moderate,Yes,0.374,24.8,33.9,81.1,69.3,6.43,34.8,123.1,200.3,92.3,3.99,30.6872,72.6825,4.5
Mothbeans,Silty,Normal,Medium,None,Moderate,Yes,0.361,20.0,27.6,63.2,55.6,6.85,23.7,39.6,19.3,54.3,4.49,26.5839,87.6034,3.0
Cotton,Sandy,Normal,High,Bacterial Blight,Moderate,Yes,0.583,27.0,24.0,80.7,72.9,5.71,100.0,42.3,20.8,55.7,2.5,8.7232,92.3195,20.4
Mango,Silty,Normal,Medium,Powdery Mildew,Moderate,Yes,0.455,19.3,34.2,54.2,90.8,6.85,38.4,28.3,28.2,61.3,3.6,24.5781,95.6485,0.0
Mango,Sandy,Hot & Dry,Low,None,Low,No,0.409,23.5,30.3,45.8,104.5,4.79,34.7,23.8,25.9,39.8,4.16,15.5948,85.2366,2.5
Orange,Loamy,Cool,Low,Citrus Canker,Low,No,0.316,31.4,18.7,92.3,104.7,6.07,37.9,19.0,13.9,49.7,3.3,26.375,69.8504,1.6
Jute,Silty,Rainy,High,None,Low,No,0.642,43.0,29.7,78.0,167.2,6.96,61.4,41.9,40.7,64.9,4.99,24.263,79.1488,19.0
Rice,Silty,Rainy,High,Rice Blast,Low,No,0.822,75.3,38.8,84.1,285.7,6.96,106.9,47.5,37.0,64.9,4.09,29.3085,76.3601,0.0
Banana,Silty,Normal,High,Sigatoka Leaf Spot,Low,No,0.615,43.2,28.2,77.8,109.9,5.89,99.8,89.5,45.9,72.5,4.19,22.2955,74.0401,2.7
Lentil,Clayey,Cool,High,None,High,Yes,0.361,29.3,18.8,63.8,46.0,6.36,37.6,60.5,18.3,61.1,2.36,13.7507,76.6035,3.2
Blackgram,Sandy,Normal,High,Powdery Mildew,Moderate,Yes,0.348,31.7,34.4,66.3,72.5,7.35,46.5,78.2,21.5,59.4,3.05,31.5307,81.7101,1.7
Rice,Sandy,Rainy,High,Rice Blast,Low,No,0.813,83.7,23.2,84.4,270.6,6.02,115.5,57.5,37.9,71.0,4.26,36.9077,88.0248,4.1
Maize,Loamy,Normal,Low,None,Moderate,Yes,0.409,20.9,21.8,56.2,61.6,6.99,74.2,54.1,22.9,61.5,4.85,34.6152,89.9866,7.9
Coconut,Loamy,Rainy,High,Root Wilt,Low,No,0.345,61.0,28.7,99.1,186.1,6.34,1.8,16.7,27.3,52.0,2.63,20.2296,77.7174,19.5
Kidneybeans,Clayey,Normal,Low,None,Low,No,0.452,33.0,21.4,18.0,119.2,5.84,14.2,71.9,21.9,51.2,5.19,15.6799,87.8296,7.4
Blackgram,Sandy,Normal,High,None,Moderate,Yes,0.503,14.5,33.3,63.3,70.8,6.58,53.0,73.8,21.2,64.8,4.64,12.8392,78.3811,4.2
Lentil,Sandy,Normal,High,None,High,Yes,0.271,18.5,28.9,68.1,48.8,6.19,6.0,65.9,21.8,57.5,2.76,15.5268,89.9414,16.1
Cotton,Clayey,Normal,High,Bacterial Blight,Moderate,Yes,0.646,32.2,21.6,75.8,96.9,6.83,133.0,50.6,20.8,73.4,3.01,30.1812,71.9357,0.0
Kidneybeans,Clayey,Cool,Low,None,Moderate,Yes,0.279,28.2,18.9,25.0,67.8,5.64,16.6,60.0,19.4,54.4,4.13,29.8445,68.8337,2.5
Kidneybeans,Loamy,Cool,Low,None,Moderate,Yes,0.303,39.9,16.6,20.9,98.2,6.43,20.4,74.6,19.4,62.7,5.19,35.5448,80.639,1.5
Maize,Clayey,Normal,High,None,Low,No,0.591,38.3,25.4,66.8,101.0,5.71,72.4,35.8,18.3,53.8,4.76,35.6158,74.2441,9.5
Orange,Clayey,Normal,High,Citrus Canker,Low,No,0.341,29.9,22.6,94.3,105.8,6.14,36.8,18.3,5.4,53.4,2.73,27.7061,84.0363,3.5
Blackgram,Loamy,Normal,High,Powdery Mildew,Moderate,Yes,0.251,26.5,32.7,64.4,69.1,6.97,24.3,61.4,19.7,54.4,2.35,33.9637,83.1188,15.5
Jute,Silty,Rainy,High,Stem Rot,Low,No,0.661,61.3,22.3,85.9,184.3,7.33,72.0,45.9,41.2,58.9,3.08,8.4582,72.2652,8.5
Coffee,Clayey,Rainy,High,None,Low,No,0.758,46.5,27.8,56.8,150.7,6.1,117.4,30.1,28.9,69.7,5.87,29.2035,82.186,3.7
Pigeonpeas,Loamy,Hot & Dry,Medium,Fusarium Wilt,Low,No,0.324,40.7,30.5,33.0,114.0,5.47,6.3,69.8,17.5,43.1,3.13,21.0854,68.0284,13.5
Mango,Clayey,Normal,High,None,Moderate,Yes,0.298,37.4,25.8,53.6,90.5,4.64,34.0,33.5,33.4,32.8,2.45,15.077,82.3367,2.3
Mungbean,Sandy,Normal,High,None,High,Yes,0.311,13.5,27.2,85.9,46.3,6.75,29.8,42.7,18.5,60.5,2.7,13.9657,79.8345,2.8
Coffee,Clayey,Rainy,Medium,None,Low,No,0.533,55.6,27.2,54.8,155.4,6.64,93.9,30.6,30.4,70.7,6.81,29.7599,70.9037,4.6
Grapes,Clayey,Cool,High,Anthracnose,Moderate,Yes,0.333,27.2,8.1,81.2,66.7,6.16,2.4,133.6,196.6,89.4,3.99,27.4914,83.1662,17.1
Jute,Loamy,Rainy,High,Stem Rot,Low,No,0.641,65.8,25.4,83.5,182.4,7.02,76.4,45.4,35.1,64.6,3.79,16.8814,82.0967,4.2
Maize,Sandy,Normal,Low,None,Moderate,Yes,0.362,21.4,26.4,57.0,83.7,5.58,61.7,43.8,15.8,49.4,4.19,32.3005,77.2986,13.9
Muskmelon,Silty,Normal,High,None,High,Yes,0.48,10.0,29.4,92.9,22.6,6.04,80.3,14.3,52.6,66.2,2.84,17.9794,79.2951,14.6
Mothbeans,Silty,Normal,Low,None,Moderate,Yes,0.316,21.6,27.6,57.4,64.0,4.26,18.1,47.5,17.4,24.7,2.0,11.8997,79.65,5.3
Muskmelon,Loamy,Normal,High,None,High,Yes,0.524,18.8,27.5,92.3,28.5,6.1,101.8,28.5,48.7,69.9,2.67,27.003,88.8043,4.7
Coffee,Loamy,Normal,Medium,None,Low,No,0.544,38.2,23.9,57.6,128.4,6.74,95.2,16.7,28.0,65.8,6.36,16.6475,86.1601,2.5
Mothbeans,Sandy,Normal,Medium,Root Rot,Moderate,Yes,0.258,13.7,31.9,59.5,71.5,4.85,11.8,40.7,21.0,33.1,2.0,25.2015,94.1694,11.0
Mungbean,Loamy,Normal,High,None,Moderate,Yes,0.379,14.9,27.0,82.8,52.1,6.33,15.1,49.0,24.6,60.9,3.75,35.6106,90.6045,6.9
Cotton,Clayey,Normal,High,Bacterial Blight,Moderate,Yes,0.643,17.5,20.3,78.3,62.6,5.95,104.5,51.1,19.8,66.4,3.11,12.9398,82.8933,12.3
Kidneybeans,Silty,Cool,Low,None,Moderate,Yes,0.266,42.4,19.5,20.8,96.0,6.49,20.7,55.5,20.4,60.3,5.15,29.0882,87.0289,3.8
Apple,Silty,Normal,High,Apple Scab,Low,No,0.404,28.3,23.0,91.6,103.4,6.43,35.8,134.5,199.5,95.7,4.46,29.3953,84.0339,1.7
Kidneybeans,Loamy,Cool,Low,None,Low,No,0.524,44.9,15.8,17.1,136.9,6.3,39.8,77.3,15.1,67.3,6.5,25.295,96.451,0.6
Mango,Clayey,Normal,High,None,Moderate,Yes,0.342,31.5,29.1,49.2,93.2,5.26,17.9,19.5,33.7,36.9,2.63,26.7998,93.7247,0.0
Orange,Clayey,Normal,High,Citrus Canker,Low,No,0.512,29.5,29.1,93.2,101.5,6.02,39.1,9.2,5.5,52.8,3.3,28.0405,80.2262,0.0
Blackgram,Clayey,Normal,High,None,Moderate,Yes,0.351,14.5,27.7,60.4,64.7,7.35,23.1,70.3,20.3,51.9,3.26,22.9608,77.6543,13.1
Watermelon,Clayey,Normal,High,None,High,Yes,0.571,13.9,26.0,85.9,42.5,6.76,116.2,25.5,47.3,72.3,3.21,33.8673,71.0694,3.7
Chickpea,Silty,Normal,Low,None,Moderate,Yes,0.523,39.0,23.4,18.8,90.3,7.39,53.3,72.5,76.8,66.0,5.06,28.3932,73.2837,0.0
Maize,Sandy,Normal,Medium,None,Moderate,Yes,0.51,21.2,25.2,62.2,70.4,5.65,64.9,48.5,17.3,51.5,3.86,15.0285,93.9479,15.7
Cotton,Silty,Normal,Low,Bacterial Blight,Moderate,Yes,0.58,38.7,24.8,75.5,87.8,6.67,116.0,51.5,18.4,71.5,4.44,8.9312,96.5729,5.5
Mothbeans,Clayey,Hot & Dry,Low,Root Rot,Moderate,Yes,0.336,23.7,31.1,43.1,71.7,9.65,28.1,46.5,21.4,12.7,1.2,35.0949,81.1318,1.3
Pigeonpeas,Sandy,Normal,High,Fusarium Wilt,Low,No,0.253,21.6,39.4,58.3,104.6,5.04,4.8,71.4,22.1,45.0,2.64,30.9655,88.9335,15.8
Maize,Sandy,Normal,Low,None,Moderate,Yes,0.492,29.8,20.8,61.3,64.7,6.85,76.5,57.8,16.8,62.0,5.43,33.3058,75.8518,5.5
Coffee,Loamy,Normal,High,None,Low,No,0.552,46.6,28.4,57.4,137.7,7.05,81.2,32.3,27.4,64.2,5.18,9.8886,77.7545,19.9
Rice,Clayey,Rainy,High,Rice Blast,Low,No,0.812,72.7,29.9,81.0,256.0,6.35,96.8,49.4,36.0,68.8,4.34,27.8469,86.0841,1.6
Mothbeans,Clayey,Hot & Dry,Low,None,High,Yes,0.315,11.1,30.2,31.1,47.2,4.8,15.4,36.9,24.0,36.0,1.64,21.9283,88.6226,4.7
Coffee,Clayey,Normal,High,None,Low,No,0.694,39.6,21.7,56.9,144.5,6.35,117.5,25.6,26.7,64.7,5.54,30.9984,90.7198,0.1
Lentil,Clayey,Normal,Low,None,High,Yes,0.295,13.1,22.5,66.7,38.8,6.52,26.1,76.5,17.9,62.7,3.21,10.9733,95.7549,1.7
Watermelon,Clayey,Normal,High,Anthracnose,High,Yes,0.525,20.7,24.3,88.1,43.5,6.81,116.1,11.4,45.4,66.0,1.56,15.8007,77.8607,3.8
Coconut,Silty,Rainy,High,Root Wilt,Low,No,0.462,52.0,27.8,99.0,189.0,6.02,34.5,9.1,32.6,57.6,3.12,20.3807,94.2249,4.1
Watermelon,Loamy,Normal,High,None,High,Yes,0.431,18.8,28.4,84.7,45.2,6.33,91.3,10.2,51.0,63.6,2.52,11.9549,82.7511,8.1
Lentil,Loamy,Normal,Medium,None,High,Yes,0.374,22.4,22.8,63.8,43.6,7.43,39.4,73.5,21.1,51.1,2.62,32.7472,86.6319,4.1
Watermelon,Silty,Normal,High,Anthracnose,Moderate,Yes,0.61,17.7,24.4,80.8,55.2,6.03,103.4,7.1,47.6,67.5,3.11,18.3964,80.5319,0.3
Jute,Clayey,Rainy,High,Stem Rot,Low,No,0.545,61.8,29.4,83.7,183.1,6.58,73.5,48.6,40.1,71.0,4.45,18.6702,93.7402,10.0
Coconut,Clayey,Rainy,High,Root Wilt,Low,No,0.507,54.4,29.6,93.2,191.3,6.41,20.7,5.5,34.8,58.4,3.01,31.9199,89.7323,0.0
Mothbeans,Sandy,Normal,Low,None,Moderate,Yes,0.282,32.0,29.6,53.5,66.1,9.35,31.8,45.9,19.7,25.0,2.24,14.9808,77.3881,2.9
Apple,Clayey,Normal,High,Apple Scab,Low,No,0.417,33.8,24.2,92.6,115.7,6.29,17.1,124.3,198.8,91.0,4.63,9.5013,79.1755,2.6
Mango,Clayey,Normal,Low,Powdery Mildew,Moderate,Yes,0.297,25.9,32.7,53.5,96.0,4.85,8.8,33.0,25.8,39.6,2.43,22.6077,78.6973,13.3
Apple,Sandy,Normal,High,Apple Scab,Low,No,0.445,42.5,20.2,91.1,103.7,5.83,18.4,133.1,202.6,81.8,4.68,15.4868,82.7514,3.5
Blackgram,Silty,Normal,Low,None,Moderate,Yes,0.345,31.3,26.5,62.2,66.3,6.94,29.3,68.4,21.7,62.7,5.42,16.7421,93.1252,9.8
Watermelon,Silty,Normal,High,Anthracnose,Moderate,Yes,0.504,31.2,22.5,83.9,53.9,6.54,86.9,15.3,46.4,68.6,3.17,30.4281,78.8557,10.4
Pomegranate,Loamy,Normal,High,Bacterial Blight,Low,No,0.427,41.7,23.0,86.4,102.9,6.03,26.0,28.5,43.4,59.3,3.39,24.1696,76.1604,0.0
Pigeonpeas,Clayey,Normal,High,None,Low,No,0.232,33.3,25.8,42.3,112.0,5.84,0.9,76.7,19.2,52.3,3.93,25.0625,90.8742,17.8
Maize,Sandy,Normal,High,None,Moderate,Yes,0.553,31.0,22.9,63.0,67.5,6.59,82.8,41.9,15.3,64.7,4.13,17.9167,73.2285,0.0
Coffee,Loamy,Normal,Low,None,Low,No,0.646,31.7,26.3,68.3,111.2,7.01,85.2,25.3,34.8,56.2,5.52,16.9223,96.6984,14.5
Watermelon,Sandy,Normal,High,None,High,Yes,0.4,20.8,25.0,85.9,46.3,6.4,83.1,20.0,52.7,69.9,3.26,30.8391,76.0238,14.5
Pomegranate,Silty,Cool,Medium,Bacterial Blight,Low,No,0.425,35.0,18.7,91.4,107.7,6.47,29.2,16.8,39.3,59.9,4.58,32.1829,83.8792,0.0
Cotton,Clayey,Normal,High,Bacterial Blight,Moderate,Yes,0.577,16.5,22.0,84.8,60.7,6.67,100.6,44.3,16.3,69.9,3.41,24.6533,73.3921,16.5
Pomegranate,Loamy,Normal,High,Bacterial Blight,Low,No,0.325,30.0,22.8,91.2,113.7,6.13,34.2,12.9,43.4,51.7,2.62,22.0521,81.0809,0.0
Papaya,Sandy,Normal,High,Papaya Ring Spot Virus,Low,No,0.417,22.2,35.6,91.7,102.8,6.63,53.6,37.3,49.5,62.6,3.95,29.6428,87.4937,4.4
Blackgram,Silty,Normal,Medium,None,Moderate,Yes,0.468,22.6,28.6,60.8,70.2,7.42,51.3,67.0,17.3,52.0,4.02,36.1119,94.6415,0.0
Coffee,Sandy,Rainy,High,None,Low,No,0.636,48.5,22.0,68.0,179.5,7.46,87.5,18.5,30.1,50.5,3.83,23.9609,77.5082,14.1
Cotton,Loamy,Normal,High,Bacterial Blight,Moderate,Yes,0.659,35.2,24.4,82.9,66.8,5.65,102.3,49.4,18.0,57.4,2.88,13.1566,83.6031,18.7
Kidneybeans,Sandy,Normal,Low,None,Moderate,Yes,0.242,20.5,20.7,20.5,63.7,6.22,23.5,62.8,22.6,59.9,4.59,25.5943,91.6765,0.2
Mothbeans,Loamy,Normal,High,None,Moderate,Yes,0.348,29.0,27.7,63.6,68.1,9.86,4.1,50.2,18.7,10.0,1.36,13.6026,70.6297,11.3
Grapes,Sandy,Normal,High,Powdery Mildew,Moderate,Yes,0.249,16.4,28.5,81.8,74.5,6.35,3.5,126.2,198.3,84.4,3.71,27.4798,70.8944,11.5
Watermelon,Sandy,Normal,High,Anthracnose,Moderate,Yes,0.471,28.9,23.1,84.6,54.2,6.74,94.4,18.7,51.6,65.4,3.22,13.3291,85.1394,3.5
Cotton,Loamy,Normal,High,Bacterial Blight,Moderate,Yes,0.715,24.5,20.3,78.1,84.7,5.66,134.3,49.9,18.4,62.6,3.29,19.0355,85.8599,0.0
Orange,Silty,Normal,High,Citrus Canker,Low,No,0.382,26.4,30.0,90.6,108.3,6.8,25.5,9.0,7.5,52.8,2.98,26.8611,79.0498,2.3
Grapes,Sandy,Cool,Medium,Anthracnose,Moderate,Yes,0.276,26.1,16.7,82.9,65.9,6.43,38.2,120.8,196.9,90.8,4.29,26.1916,69.4255,0.0
Pigeonpeas,Loamy,Hot & Dry,Low,Fusarium Wilt,Low,No,0.274,45.5,38.1,40.7,144.3,5.52,1.2,79.0,21.6,49.3,3.22,17.7056,94.1281,18.7
Banana,Sandy,Normal,High,None,Low,No,0.618,25.3,28.2,82.1,109.0,5.65,107.1,82.8,54.3,67.1,5.7,32.1209,75.6023,0.9
Mango,Loamy,Hot & Dry,High,Powdery Mildew,Low,No,0.309,32.1,34.5,49.0,104.3,6.95,33.9,37.2,27.6,53.5,3.28,22.6467,80.6339,4.7
Lentil,Silty,Normal,High,None,High,Yes,0.275,18.4,25.5,63.5,39.4,7.11,8.2,57.3,18.9,56.1,2.22,28.2205,94.4284,11.8
Blackgram,Clayey,Normal,High,None,Moderate,Yes,0.243,16.6,29.2,61.3,72.7,7.43,23.0,64.7,24.6,46.8,3.43,21.9778,85.0845,16.3
Muskmelon,Sandy,Normal,High,None,High,Yes,0.597,10.0,25.1,92.5,21.2,6.1,116.1,7.0,50.8,71.0,2.68,28.8295,76.4056,0.0
Kidneybeans,Silty,Normal,Low,None,Low,No,0.358,44.8,24.6,17.3,110.5,5.94,10.4,75.2,22.3,60.1,5.75,24.3676,89.1327,6.6
Grapes,Clayey,Normal,High,Anthracnose,Moderate,Yes,0.381,33.3,24.3,82.6,70.3,6.31,19.7,140.2,197.6,90.4,3.58,27.2425,87.2104,2.9
Mothbeans,Sandy,Normal,Medium,None,High,Yes,0.272,10.0,24.0,60.6,36.9,6.93,21.0,39.1,20.4,58.0,2.84,35.3215,80.2498,4.3
Jute,Silty,Rainy,High,Stem Rot,Low,No,0.674,63.1,22.8,86.0,198.7,6.33,79.8,35.5,44.5,70.8,3.85,26.4492,70.3537,1.5
Mango,Loamy,Normal,High,None,Moderate,Yes,0.41,40.1,26.6,50.0,90.5,6.06,27.3,32.7,31.0,50.9,3.74,19.1874,93.7324,4.5
Watermelon,Sandy,Normal,High,None,High,Yes,0.495,15.0,26.5,87.9,48.5,6.62,97.8,24.0,53.4,69.3,3.09,20.6391,93.7149,4.1
Muskmelon,Loamy,Normal,High,None,High,Yes,0.558,19.7,25.0,94.0,22.1,6.28,101.2,15.7,54.4,63.9,2.93,10.49,89.3558,2.0
Jute,Silty,Rainy,Medium,Anthracnose,Low,No,0.593,62.6,21.3,75.6,187.3,6.81,85.6,39.3,37.8,62.6,4.53,23.0771,75.3672,2.6
Maize,Sandy,Normal,Low,None,Moderate,Yes,0.51,13.9,29.6,60.5,69.8,6.69,98.2,55.1,23.7,72.8,5.72,31.0423,83.2825,0.8
Apple,Sandy,Normal,High,Apple Scab,Low,No,0.294,39.0,22.1,90.1,103.9,5.75,4.2,128.6,197.6,79.9,4.5,28.3149,82.3774,11.0
Banana,Silty,Normal,High,Panama Wilt,Low,No,0.553,34.9,29.0,81.2,108.0,5.56,110.0,79.9,52.0,71.7,4.45,12.4534,82.538,3.2
Mothbeans,Silty,Normal,Medium,None,Moderate,Yes,0.403,21.1,31.8,58.9,59.2,9.02,39.2,57.0,24.5,32.6,2.57,12.024,94.5114,0.7
Watermelon,Silty,Normal,High,Anthracnose,High,Yes,0.495,22.6,24.8,85.1,47.9,6.29,90.4,28.6,48.7,71.3,2.32,24.3147,84.516,6.4
Orange,Loamy,Cool,Medium,Citrus Canker,Low,No,0.271,45.9,13.8,93.4,101.9,6.42,2.6,17.1,8.7,50.7,3.75,13.1574,90.0207,17.3
Orange,Sandy,Cool,Medium,Citrus Canker,Low,No,0.421,33.2,16.8,92.2,115.6,6.53,31.2,13.4,10.7,51.7,3.53,31.02,74.0972,3.8
Blackgram,Sandy,Normal,High,None,Moderate,Yes,0.528,27.8,29.9,63.4,68.5,6.91,59.4,65.8,19.7,65.5,3.94,19.7425,95.5344,0.0
Kidneybeans,Clayey,Cool,Low,None,Moderate,Yes,0.277,25.9,16.2,15.5,71.1,5.55,13.8,64.0,19.6,48.1,3.76,27.2332,91.7408,7.6
Papaya,Silty,Normal,High,Phytophthora Blight,Moderate,Yes,0.371,24.0,31.0,92.5,61.8,6.7,49.4,39.3,54.4,67.3,3.14,33.3906,78.8487,0.0
Coffee,Sandy,Rainy,Medium,None,Low,No,0.684,59.2,23.7,57.5,185.1,6.83,92.6,20.9,26.4,67.5,6.69,22.1462,94.911,4.6
Watermelon,Sandy,Normal,High,Gummy Stem Blight,High,Yes,0.456,12.0,25.3,89.1,42.4,6.63,96.1,8.9,54.0,65.2,1.9,15.2971,91.399,8.1
Muskmelon,Sandy,Normal,High,None,High,Yes,0.568,23.2,27.5,92.9,28.1,6.36,105.3,7.4,52.3,64.9,2.57,9.2105,88.6732,1.5
Pomegranate,Loamy,Normal,Low,Bacterial Blight,Low,No,0.26,33.4,21.2,86.9,101.5,6.74,14.9,24.2,35.4,57.7,3.77,19.1133,84.6106,6.6
Coconut,Sandy,Normal,High,Root Wilt,Low,No,0.424,37.3,25.9,95.3,139.3,5.81,1.3,18.6,32.0,49.2,2.64,23.9406,90.9524,17.0
Muskmelon,Loamy,Normal,High,None,High,Yes,0.562,17.3,29.0,92.4,28.8,6.12,96.1,11.2,55.0,65.8,2.43,23.4854,74.2176,6.6
Mungbean,Sandy,Normal,High,None,High,Yes,0.256,23.0,27.6,80.1,36.2,6.41,9.2,43.6,16.1,54.0,2.18,27.4988,74.5255,10.0
Coconut,Loamy,Normal,High,Root Wilt,Low,No,0.449,54.2,29.8,92.7,148.6,6.46,16.6,24.2,33.8,60.5,3.27,18.562,86.2378,6.7
Papaya,Sandy,Rainy,High,Papaya Ring Spot Virus,Low,No,0.61,81.2,26.0,94.2,248.2,6.59,62.6,44.7,45.3,67.5,3.53,33.7043,93.0555,1.7
Watermelon,Clayey,Normal,High,None,High,Yes,0.532,21.3,26.7,89.6,43.3,6.8,117.6,7.6,53.1,66.3,2.44,22.1877,86.6154,2.0
Pigeonpeas,Clayey,Rainy,Low,None,Low,No,0.518,54.4,26.7,60.3,196.0,5.46,33.7,75.3,23.7,55.8,5.94,16.1248,94.8115,0.0
Kidneybeans,Sandy,Normal,Low,None,Moderate,Yes,0.376,34.1,22.6,22.0,94.4,5.59,31.9,72.2,21.7,47.8,3.97,26.794,83.6564,2.8
Mungbean,Clayey,Normal,High,Powdery Mildew,High,Yes,0.292,10.0,27.9,81.0,42.0,7.17,17.8,58.8,19.3,51.3,1.34,23.1446,73.7515,2.0
Maize,Silty,Normal,Medium,None,Moderate,Yes,0.531,29.3,24.5,73.2,60.1,5.52,96.0,37.8,19.4,59.3,4.9,36.7502,87.1806,1.4
Kidneybeans,Clayey,Cool,Low,None,Moderate,Yes,0.405,44.7,16.4,21.0,97.9,5.5,38.9,60.9,19.7,52.0,3.9,23.8224,92.5211,0.8
Maize,Silty,Normal,Medium,None,Moderate,Yes,0.517,28.5,24.9,55.9,93.6,6.83,86.3,37.6,18.9,61.4,4.99,11.1665,85.7734,0.8
Banana,Silty,Normal,High,Sigatoka Leaf Spot,Low,No,0.638,45.5,28.4,78.9,113.9,6.41,108.7,87.1,47.3,81.3,4.28,31.6162,96.9434,2.9
Cotton,Loamy,Normal,Medium,Bacterial Blight,Moderate,Yes,0.703,19.0,23.7,78.7,67.5,6.65,118.0,36.3,20.5,68.7,3.64,17.6313,75.1515,3.8
Jute,Loamy,Rainy,High,Anthracnose,Low,No,0.554,51.6,23.4,73.4,157.0,7.19,96.1,53.2,42.8,68.4,3.89,30.9874,82.9176,0.0
Cotton,Silty,Normal,Low,Bacterial Blight,Moderate,Yes,0.624,24.4,21.2,80.0,87.3,6.1,109.3,54.3,18.7,66.1,3.66,10.4494,77.0335,13.0
Grapes,Clayey,Cool,Low,Anthracnose,Moderate,Yes,0.415,37.5,11.9,84.4,68.0,6.23,23.0,139.3,202.1,88.2,4.44,22.8836,86.4088,2.9
Coconut,Loamy,Rainy,High,Root Wilt,Low,No,0.401,63.5,28.8,96.0,218.2,5.6,23.1,28.3,28.4,42.4,2.44,9.6525,84.6208,0.0
Lentil,Clayey,Cool,Medium,None,High,Yes,0.371,22.1,19.1,63.9,39.6,6.58,36.4,72.5,15.0,62.5,3.03,29.9256,81.1528,3.8
Muskmelon,Silty,Normal,High,None,High,Yes,0.542,19.6,25.0,91.4,29.4,6.16,98.6,21.7,53.6,67.7,3.08,32.44,86.5325,2.4
Blackgram,Sandy,Normal,High,Powdery Mildew,Moderate,Yes,0.411,31.0,32.9,67.5,66.8,7.22,21.8,60.6,17.6,56.1,2.22,23.7425,94.0102,18.6
Coconut,Clayey,Rainy,High,Root Wilt,Low,No,0.436,72.4,29.0,98.4,224.1,6.04,12.1,26.8,29.4,55.4,3.28,32.6126,93.839,6.8
Coconut,Sandy,Rainy,High,Root Wilt,Low,No,0.518,62.1,29.2,91.1,220.6,5.55,28.7,12.5,29.8,49.1,2.73,17.9012,72.3459,2.0
Muskmelon,Sandy,Normal,High,None,High,Yes,0.524,15.5,26.5,91.7,26.8,6.47,86.1,14.7,50.8,69.6,3.17,29.5076,68.3308,12.2
Coconut,Silty,Rainy,High,Root Wilt,Low,No,0.549,59.3,28.2,98.6,179.3,5.57,29.2,9.5,33.7,45.5,2.6,18.863,69.1855,2.6
Coconut,Loamy,Rainy,High,Root Wilt,Low,No,0.517,59.4,26.1,94.7,200.8,5.68,22.6,25.6,26.4,49.4,3.07,36.6623,71.5729,1.9
Watermelon,Clayey,Normal,High,None,High,Yes,0.427,13.4,25.4,89.0,45.7,6.92,86.9,21.5,45.3,67.7,2.58,25.0922,74.6638,10.4
Rice,Silty,Rainy,High,Rice Blast,Low,No,0.756,75.6,36.7,84.8,297.7,5.94,107.2,55.4,43.9,72.1,3.84,17.8897,83.5929,0.7
Pigeonpeas,Sandy,Rainy,Medium,None,Low,No,0.517,50.7,23.3,58.6,176.4,4.65,24.0,57.3,20.1,36.5,3.97,17.8786,71.0924,4.7
Jute,Silty,Rainy,Medium,Anthracnose,Low,No,0.659,50.9,22.6,77.2,195.2,7.44,90.1,55.0,42.8,57.5,3.97,11.8284,77.6576,0.0
Papaya,Clayey,Rainy,High,Papaya Ring Spot Virus,Low,No,0.475,56.2,33.8,92.2,182.5,6.7,64.4,58.8,50.5,73.4,3.87,21.9355,94.157,0.0
Banana,Silty,Normal,High,Panama Wilt,Low,No,0.593,33.9,29.8,82.8,106.2,6.16,102.4,94.1,54.2,76.4,4.54,15.2964,72.5677,0.2
Mango,Loamy,Normal,Medium,Powdery Mildew,Moderate,Yes,0.368,24.1,29.7,51.7,91.0,5.48,31.9,19.3,33.2,48.6,2.48,9.1985,83.2851,0.2
Coffee,Sandy,Normal,Low,None,Low,No,0.633,37.7,21.6,64.1,117.4,7.13,83.2,38.5,26.5,58.2,5.94,25.9659,87.0979,16.3
Maize,Silty,Normal,Medium,None,Moderate,Yes,0.541,30.3,28.5,61.4,99.0,6.61,94.7,41.7,19.2,69.7,5.94,14.6645,88.918,0.0
Papaya,Clayey,Rainy,High,Papaya Ring Spot Virus,Low,No,0.524,52.4,38.8,94.0,160.3,6.6,66.3,43.5,52.3,65.3,3.67,28.5093,68.3035,0.0
Chickpea,Silty,Cool,Low,None,Moderate,Yes,0.462,27.7,17.3,11.3,73.0,6.96,54.6,63.4,84.8,70.9,5.4,11.0989,80.5363,2.3
Apple,Clayey,Normal,High,Apple Scab,Low,No,0.4,44.6,20.4,90.7,114.1,5.62,26.8,120.7,196.3,76.6,4.44,32.4115,92.1089,2.0
Mungbean,Loamy,Normal,High,None,Moderate,Yes,0.426,29.5,28.8,81.0,58.4,6.8,30.2,49.6,20.1,61.3,4.26,26.7318,70.4152,2.2
Rice,Silty,Rainy,High,Rice Blast,Low,No,0.757,70.7,29.2,83.5,268.8,5.28,114.2,46.7,43.3,58.7,3.11,11.7783,85.4374,1.6
Papaya,Silty,Normal,High,Papaya Ring Spot Virus,Low,No,0.441,45.8,32.8,94.9,138.7,6.9,39.5,36.8,48.0,61.3,3.74,16.6149,86.4253,7.8
Banana,Sandy,Normal,High,Panama Wilt,Low,No,0.55,41.2,27.5,81.0,100.9,6.37,114.4,85.6,49.6,81.8,4.87,26.7801,92.2126,2.3
Coconut,Loamy,Rainy,High,None,Low,No,0.379,46.6,27.7,90.2,157.8,5.8,1.9,25.2,27.7,42.3,3.31,25.4408,80.1496,15.0
Blackgram,Loamy,Normal,Low,None,Moderate,Yes,0.309,20.0,29.1,66.9,72.5,7.47,39.1,58.2,23.8,47.8,4.01,9.5385,90.0538,3.7
Lentil,Clayey,Cool,Medium,None,High,Yes,0.385,25.4,19.2,63.3,37.2,6.43,36.9,70.7,15.6,61.3,2.82,22.2489,93.1222,0.9
Rice,Sandy,Rainy,Low,Rice Blast,Low,No,0.841,90.0,22.5,83.1,296.8,5.56,112.7,50.9,40.2,59.7,4.31,15.0284,91.0241,3.3
Banana,Clayey,Normal,High,None,Low,No,0.568,40.1,27.4,79.8,119.5,6.43,104.7,87.1,54.1,82.7,6.23,16.7347,89.1292,0.0
Banana,Sandy,Normal,High,Panama Wilt,Low,No,0.525,42.0,27.8,80.7,109.1,6.2,80.4,88.0,46.4,71.7,4.12,15.2332,89.3888,15.9
Lentil,Silty,Normal,Medium,None,High,Yes,0.249,26.0,20.1,62.5,44.9,6.3,26.3,56.3,24.2,56.1,3.16,15.7615,84.5562,2.4
Pomegranate,Sandy,Cool,Low,Bacterial Blight,Low,No,0.439,34.4,18.1,88.2,111.7,5.82,38.2,22.1,39.0,57.6,4.18,14.4505,81.2435,0.0
Orange,Silty,Normal,High,Citrus Canker,Low,No,0.365,31.4,22.0,91.4,118.0,6.37,3.9,10.5,5.2,55.5,2.95,16.5005,81.7939,12.6
Jute,Clayey,Rainy,Medium,Anthracnose,Low,No,0.672,46.3,24.6,71.1,152.2,6.35,82.8,44.4,42.1,65.2,4.29,28.5524,78.6035,0.5
Papaya,Sandy,Normal,High,Phytophthora Blight,Moderate,Yes,0.412,29.2,39.4,93.2,97.4,6.85,64.4,36.4,50.9,65.8,2.71,25.2182,72.5318,3.7
Chickpea,Sandy,Cool,Low,None,Moderate,Yes,0.424,40.7,15.5,14.9,82.6,7.05,25.3,60.8,83.0,65.6,5.54,29.1476,76.9918,16.5
Chickpea,Clayey,Normal,Low,None,Moderate,Yes,0.332,37.2,25.4,18.6,79.9,6.44,44.7,76.9,76.1,73.2,6.06,11.8124,76.0523,0.0
Watermelon,Loamy,Normal,Low,Anthracnose,High,Yes,0.579,20.9,20.7,86.7,47.3,6.54,84.8,15.3,53.5,66.8,2.79,17.0672,76.3857,10.5
Cotton,Silty,Normal,Low,Bacterial Blight,Moderate,Yes,0.606,37.4,23.3,79.2,95.1,6.39,122.5,44.6,23.1,74.1,4.26,29.6097,85.193,0.0
Chickpea,Clayey,Cool,Low,None,Moderate,Yes,0.498,30.8,16.4,10.5,69.5,6.15,56.7,74.1,79.2,71.8,6.22,19.3314,71.3228,4.6
Papaya,Sandy,Rainy,High,None,Low,No,0.528,57.3,35.0,93.7,211.6,6.54,50.9,45.2,50.1,68.6,5.66,17.6881,79.6075,1.9
Mothbeans,Sandy,Normal,Medium,None,Moderate,Yes,0.355,33.6,27.8,36.2,67.1,6.67,15.2,39.4,15.3,52.4,4.05,14.1126,80.1793,2.0
Orange,Sandy,Normal,High,Citrus Canker,Low,No,0.428,33.3,34.0,91.1,112.1,7.15,8.9,23.1,12.8,47.3,2.62,16.2376,83.9101,9.7
Chickpea,Silty,Normal,Low,None,Moderate,Yes,0.339,33.5,29.2,13.8,77.5,7.05,30.4,67.0,80.6,62.8,4.97,20.5021,78.1817,9.9
Mango,Loamy,Hot & Dry,Low,Powdery Mildew,Moderate,Yes,0.379,30.6,34.3,45.9,97.5,4.62,32.8,20.2,28.0,29.8,2.04,18.0369,77.607,3.5
Blackgram,Silty,Normal,Low,None,Moderate,Yes,0.424,16.4,27.4,66.8,67.4,6.6,50.8,72.6,19.8,69.3,5.68,27.5256,68.3658,0.0
Lentil,Loamy,Normal,High,None,High,Yes,0.281,17.5,27.8,63.4,36.2,5.55,26.6,58.5,18.7,44.7,2.22,32.445,84.4728,1.5
Jute,Loamy,Rainy,Low,None,Low,No,0.643,46.8,23.1,71.9,160.1,6.32,78.3,48.0,39.8,68.5,6.61,14.4786,72.5643,1.5
Blackgram,Silty,Normal,Low,None,Moderate,Yes,0.427,35.8,27.8,64.4,74.4,7.07,59.4,67.3,24.7,60.0,4.89,13.6449,70.8935,2.2
Grapes,Loamy,Cool,Medium,Anthracnose,Moderate,Yes,0.192,22.9,18.5,82.0,66.3,5.5,6.3,128.4,199.5,82.1,4.55,32.7403,96.2922,9.7
Mango,Loamy,Normal,Medium,None,Low,No,0.244,41.7,25.4,47.6,102.0,6.81,3.2,24.2,30.6,56.7,5.69,9.2599,83.7257,12.3
Mothbeans,Sandy,Normal,Low,None,High,Yes,0.268,21.2,26.4,41.0,31.5,7.63,8.7,38.2,20.3,41.5,2.26,32.0447,91.4991,13.0
Pomegranate,Clayey,Normal,High,Bacterial Blight,Low,No,0.347,33.7,23.6,87.6,103.8,6.33,12.1,8.9,36.4,57.0,2.96,18.6427,74.5645,4.8
Kidneybeans,Silty,Normal,Low,None,Low,No,0.505,49.3,21.8,21.3,142.8,6.31,36.5,55.8,16.5,58.4,5.56,21.1718,90.6928,0.0
Orange,Clayey,Normal,High,Citrus Canker,Low,No,0.449,33.0,30.4,94.0,114.7,6.92,22.7,23.6,13.3,53.0,2.99,24.0141,90.5348,0.0
Maize,Sandy,Normal,Low,None,Low,No,0.57,36.6,27.1,65.3,102.9,5.67,68.8,37.0,15.9,51.4,5.03,17.131,71.3595,13.1
Coffee,Sandy,Rainy,High,None,Low,No,0.671,64.6,23.6,50.0,181.3,7.12,80.1,22.8,25.4,56.7,4.61,14.1677,68.6316,14.7
Mango,Sandy,Normal,Low,None,Moderate,Yes,0.38,28.4,26.3,52.6,98.2,5.64,30.5,24.7,28.1,43.7,3.89,35.1834,75.7002,2.3
Coconut,Loamy,Rainy,High,Root Wilt,Low,No,0.446,68.0,28.0,92.3,197.3,6.11,24.5,29.2,29.5,56.0,3.16,16.7133,68.1249,0.7
Blackgram,Loamy,Normal,Low,Leaf Crinkle,Moderate,Yes,0.335,31.5,27.3,60.7,60.7,7.15,26.7,74.0,19.5,53.2,3.16,26.6762,76.5644,14.1
Mothbeans,Silty,Normal,High,None,Moderate,Yes,0.29,28.2,26.3,32.5,72.8,6.37,12.9,44.9,18.9,61.4,4.28,25.1373,82.7542,7.3
Muskmelon,Clayey,Normal,High,None,High,Yes,0.448,18.9,25.5,94.9,24.6,6.46,80.5,21.2,49.1,67.7,2.87,16.9883,73.7209,15.0
Maize,Clayey,Cool,Low,None,Moderate,Yes,0.414,22.9,18.9,57.1,81.2,6.56,77.8,37.6,24.3,67.8,5.36,35.3996,91.4945,2.1
Coconut,Clayey,Rainy,High,Root Wilt,Low,No,0.545,67.5,28.3,95.2,199.4,6.16,16.9,12.0,27.3,51.0,2.64,30.5085,68.7689,1.9
Blackgram,Clayey,Normal,High,Powdery Mildew,Moderate,Yes,0.303,24.6,32.6,63.1,68.8,7.19,34.4,77.7,23.8,61.9,2.56,29.4513,81.8511,8.3
Blackgram,Clayey,Normal,High,Powdery Mildew,Moderate,Yes,0.333,24.1,33.7,67.6,62.3,7.19,24.2,66.4,24.6,51.0,2.64,32.5281,78.9074,13.0
Coffee,Sandy,Normal,High,None,Low,No,0.615,48.1,26.6,57.8,118.3,6.68,89.7,30.5,33.7,71.3,5.5,30.1881,94.6049,8.9
Maize,Clayey,Cool,Medium,None,Moderate,Yes,0.429,40.2,19.2,72.5,83.1,6.74,77.2,44.1,20.6,60.6,5.1,25.036,85.7583,6.8
Mango,Sandy,Normal,Medium,Powdery Mildew,Moderate,Yes,0.459,29.4,33.2,50.4,85.3,5.99,30.0,24.8,29.0,54.5,3.43,14.6925,88.8031,0.0
Pigeonpeas,Loamy,Rainy,Medium,Phytophthora Blight,Low,No,0.339,42.6,29.9,45.8,154.2,7.36,19.0,76.0,16.0,52.6,3.69,9.5543,69.3894,0.0
Kidneybeans,Loamy,Cool,Low,None,Low,No,0.327,36.1,18.3,15.7,112.7,5.57,26.7,73.7,15.8,48.8,5.26,8.035,87.505,1.9
Pigeonpeas,Silty,Hot & Dry,Medium,Fusarium Wilt,Moderate,Yes,0.407,38.2,32.7,45.0,95.6,6.22,26.2,59.8,23.5,63.8,3.81,14.3235,69.7795,2.7
Orange,Silty,Normal,High,Citrus Canker,Low,No,0.403,35.3,21.7,93.1,108.3,6.94,5.0,21.9,14.4,47.0,2.43,10.0828,96.7481,13.8
Pigeonpeas,Clayey,Hot & Dry,Low,Fusarium Wilt,Low,No,0.258,43.7,34.0,45.9,142.9,5.36,0.8,60.3,15.8,48.1,3.4,30.1727,88.0181,16.4
Blackgram,Loamy,Normal,High,Powdery Mildew,Moderate,Yes,0.275,17.1,31.1,60.7,66.5,7.35,36.9,59.7,24.1,50.2,2.13,13.2109,77.9554,6.0
Papaya,Sandy,Rainy,High,Papaya Ring Spot Virus,Low,No,0.477,63.7,36.7,94.6,226.5,6.59,36.0,57.2,53.1,68.1,3.76,34.3029,80.0198,11.0
Pomegranate,Loamy,Normal,High,Bacterial Blight,Low,No,0.397,37.8,23.6,92.5,110.6,6.14,27.4,12.0,44.6,59.1,3.79,14.4028,80.3565,0.0
Orange,Silty,Normal,High,Citrus Canker,Low,No,0.373,25.9,31.0,91.6,113.5,6.52,1.0,19.0,9.8,54.8,3.39,23.3888,94.9431,13.6
Mango,Silty,Normal,Medium,Powdery Mildew,Moderate,Yes,0.284,22.6,32.3,54.5,94.4,6.88,23.1,32.2,25.2,56.8,3.05,13.5176,82.7529,0.0
Rice,Sandy,Rainy,High,Rice Blast,Low,No,0.577,61.5,31.8,84.8,184.1,6.17,70.5,43.0,41.6,65.4,3.61,18.0414,84.3654,18.1
Pigeonpeas,Silty,Cool,Low,None,Low,No,0.447,35.9,19.6,49.2,133.1,5.15,10.2,66.3,21.8,45.1,4.52,26.9351,93.0225,6.6
Mothbeans,Clayey,Normal,High,None,Moderate,Yes,0.268,31.0,25.3,38.3,54.4,8.68,14.6,48.9,22.3,24.9,1.8,36.8326,84.2,5.9
Blackgram,Silty,Normal,Medium,None,Moderate,Yes,0.375,18.5,26.1,68.9,67.8,7.18,58.5,76.0,16.7,58.5,4.62,18.1191,73.3329,1.3
Rice,Silty,Rainy,High,Rice Blast,Low,No,0.621,78.3,25.9,82.7,251.0,5.63,63.8,46.2,35.2,55.7,3.08,12.5533,89.2097,21.2
Banana,Clayey,Normal,High,None,Low,No,0.585,40.9,26.8,75.8,108.6,6.01,83.7,87.7,45.2,72.2,5.64,9.382,74.0843,11.2
Muskmelon,Sandy,Normal,High,None,High,Yes,0.507,17.0,28.7,92.6,29.0,6.0,85.4,11.0,45.4,64.4,2.54,13.9366,71.3271,12.7
Coconut,Silty,Rainy,High,Root Wilt,Low,No,0.352,54.2,28.0,98.7,151.0,6.21,5.7,28.9,25.3,52.6,3.19,8.2682,73.9839,9.5
Mango,Sandy,Normal,High,Powdery Mildew,Moderate,Yes,0.232,31.6,28.9,49.4,94.3,5.16,11.1,21.3,34.4,37.1,1.95,10.7545,79.8093,6.1
Watermelon,Silty,Normal,Low,Anthracnose,High,Yes,0.473,23.9,21.3,81.0,46.4,6.36,113.2,9.2,45.0,72.0,2.84,11.5429,92.2573,3.0
Mango,Silty,Normal,High,Powdery Mildew,Moderate,Yes,0.377,22.5,31.6,54.8,91.5,6.84,6.4,21.1,26.6,51.5,2.29,15.8594,69.6607,13.8
Pomegranate,Clayey,Normal,High,Bacterial Blight,Low,No,0.279,27.6,23.2,91.8,100.7,6.39,19.9,15.1,44.4,56.7,3.42,32.2099,81.4272,3.0
Papaya,Loamy,Rainy,High,Papaya Ring Spot Virus,Low,No,0.495,73.3,39.7,91.4,243.6,6.79,51.5,45.0,47.2,62.4,3.57,32.2663,80.5212,3.6
Pomegranate,Clayey,Normal,High,Bacterial Blight,Low,No,0.463,41.6,24.3,88.7,114.4,6.55,33.1,8.3,41.1,58.2,3.59,24.3424,80.8457,1.1
Cotton,Silty,Normal,Low,Bacterial Blight,Moderate,Yes,0.541,27.5,20.9,79.5,81.9,6.68,124.3,56.3,16.1,70.3,3.83,30.2446,87.802,0.0
Grapes,Clayey,Cool,Low,Anthracnose,Moderate,Yes,0.334,22.3,19.4,82.7,74.5,5.96,0.0,134.2,203.9,83.1,4.34,18.9886,83.1289,19.4
Maize,Clayey,Normal,Low,None,Moderate,Yes,0.473,31.5,23.2,70.0,85.4,5.69,60.3,47.9,17.7,55.4,4.87,16.1421,94.1726,18.9
Blackgram,Silty,Normal,High,None,Moderate,Yes,0.324,29.7,29.8,68.8,61.9,7.35,49.2,69.3,22.6,53.8,3.83,14.3895,83.1052,1.4
Papaya,Loamy,Rainy,High,Papaya Ring Spot Virus,Low,No,0.697,71.0,25.5,91.8,238.1,6.82,65.3,51.9,53.8,66.9,3.65,14.8107,84.686,0.8
Blackgram,Sandy,Normal,High,Powdery Mildew,Moderate,Yes,0.344,23.6,31.5,64.7,64.3,7.0,22.0,77.7,20.7,60.8,2.97,26.6345,75.3269,18.0
Lentil,Clayey,Normal,Medium,None,High,Yes,0.278,26.1,25.0,68.3,37.7,6.99,4.4,79.1,19.5,53.8,3.05,36.8119,71.1646,13.2
Lentil,Silty,Normal,Medium,None,High,Yes,0.318,23.8,20.5,66.1,47.5,6.16,10.0,69.5,24.2,53.6,2.63,22.7141,74.4661,10.7
Banana,Clayey,Normal,High,None,Moderate,Yes,0.534,23.1,26.9,80.3,96.5,6.5,96.7,94.7,50.5,83.6,5.34,10.838,87.9145,3.9
Grapes,Clayey,Cool,Low,Anthracnose,Moderate,Yes,0.277,24.6,14.2,83.3,65.0,6.14,3.8,143.0,201.4,89.2,4.75,17.3249,68.396,17.3
Watermelon,Silty,Normal,High,None,High,Yes,0.456,28.9,25.5,86.8,43.7,6.04,103.3,20.1,46.3,61.1,2.51,17.0933,87.4582,0.3
Kidneybeans,Sandy,Normal,Low,None,Moderate,Yes,0.311,22.4,21.9,16.9,82.1,6.47,11.4,66.3,17.6,60.7,5.12,17.1049,77.9956,8.0
Maize,Sandy,Cool,Medium,None,Low,No,0.538,48.0,19.4,60.0,108.7,5.79,96.5,38.7,15.4,57.3,5.52,12.6434,83.9794,0.0
Coffee,Clayey,Normal,Low,None,Low,No,0.55,50.7,26.8,65.1,147.7,6.02,103.9,38.9,26.5,60.4,6.46,23.6896,74.8688,3.0
Rice,Sandy,Rainy,High,Rice Blast,Low,No,0.596,59.5,33.9,81.2,188.5,5.01,81.9,42.4,39.2,47.6,2.69,28.4651,80.4324,8.0
Apple,Loamy,Normal,High,Apple Scab,Low,No,0.472,31.4,24.6,91.1,112.2,6.15,30.7,135.1,201.7,93.1,4.51,8.8477,73.1604,3.2
Blackgram,Clayey,Normal,High,Powdery Mildew,Moderate,Yes,0.389,16.6,33.2,61.4,73.3,7.46,36.0,64.4,21.6,53.4,2.39,17.7776,68.6775,1.9
Cotton,Clayey,Normal,Medium,Bacterial Blight,Moderate,Yes,0.512,24.3,20.1,82.2,87.1,7.41,101.5,51.1,24.2,59.9,3.08,20.6563,81.7931,14.0
Kidneybeans,Clayey,Cool,Low,None,Moderate,Yes,0.371,40.2,16.9,17.4,80.8,6.19,15.3,73.2,20.5,54.9,4.72,25.6726,71.2618,7.7
Blackgram,Sandy,Normal,High,None,Moderate,Yes,0.251,16.6,29.2,68.7,61.9,7.4,21.0,57.1,16.7,48.7,2.86,16.2961,84.2301,16.6
Papaya,Loamy,Normal,High,Phytophthora Blight,Moderate,Yes,0.457,23.3,32.3,90.7,71.7,6.7,51.4,46.1,46.7,67.1,2.84,36.3052,84.0488,4.3
Lentil,Loamy,Normal,High,None,High,Yes,0.36,18.9,21.9,67.4,43.2,6.04,16.6,65.5,20.0,58.1,2.69,15.6928,72.5133,5.1
Banana,Sandy,Normal,High,None,Low,No,0.518,36.4,27.3,77.5,117.2,5.99,87.1,81.5,49.5,73.2,5.93,30.4876,69.5329,11.4
Pigeonpeas,Clayey,Hot & Dry,Medium,Fusarium Wilt,Low,No,0.35,38.2,39.0,36.1,133.9,5.42,36.2,67.8,21.1,50.3,3.28,26.6731,78.952,0.0
Rice,Clayey,Rainy,High,Rice Blast,Low,No,0.623,59.9,32.9,84.7,208.1,5.08,60.1,39.9,39.9,42.4,2.84,19.6412,76.8628,25.2
Coconut,Sandy,Normal,High,Root Wilt,Low,No,0.495,40.4,27.9,91.9,146.5,5.62,33.5,20.9,26.4,48.1,2.93,15.8317,92.3152,3.5
Chickpea,Silty,Normal,Low,None,Moderate,Yes,0.429,24.2,25.2,15.6,65.1,7.07,43.1,57.1,81.2,66.5,5.1,12.946,81.9066,2.5
Maize,Sandy,Normal,Medium,Maize Rust,Moderate,Yes,0.541,34.5,20.7,74.5,96.6,6.37,78.9,42.1,17.8,62.0,3.21,36.2589,70.6561,5.4
Coconut,Sandy,Normal,High,Root Wilt,Low,No,0.374,38.3,29.1,95.0,132.7,6.24,37.0,6.3,29.7,51.8,3.15,34.9784,74.6597,2.8
Mothbeans,Sandy,Normal,High,None,Moderate,Yes,0.282,16.4,29.0,65.4,58.1,5.87,1.3,35.3,21.7,47.9,3.24,17.3174,93.145,19.9
Pomegranate,Silty,Normal,High,Bacterial Blight,Low,No,0.374,32.6,20.7,91.8,111.1,6.42,10.2,24.0,38.5,55.8,3.45,14.1245,76.4599,12.4
Coffee,Silty,Rainy,High,None,Low,No,0.637,52.0,21.9,59.2,165.1,7.17,114.0,17.3,34.0,60.3,5.15,25.6298,79.0003,0.0
Coffee,Sandy,Rainy,High,None,Low,No,0.706,58.1,25.3,56.9,182.8,7.15,116.0,34.2,25.0,58.1,4.93,22.9701,70.2864,0.0
Cotton,Loamy,Normal,High,Bacterial Blight,Moderate,Yes,0.614,30.7,24.0,80.0,89.4,5.84,101.4,36.5,24.6,58.6,2.77,14.0639,75.4947,18.2
Banana,Loamy,Normal,High,None,Moderate,Yes,0.577,29.1,25.5,76.2,91.7,6.19,85.8,81.0,50.9,74.7,5.03,34.015,85.681,14.0
Banana,Clayey,Normal,High,Panama Wilt,Low,No,0.517,39.1,26.8,80.8,110.0,5.62,103.9,90.5,45.8,69.6,4.35,23.4243,93.4499,0.0
Pigeonpeas,Clayey,Rainy,High,None,Low,No,0.311,65.6,25.6,68.7,192.6,5.99,5.9,76.5,17.6,53.1,4.66,22.0438,90.9589,15.3
Cotton,Clayey,Normal,High,Bacterial Blight,Moderate,Yes,0.547,29.2,21.4,84.7,89.2,6.01,105.6,36.6,22.6,58.7,2.69,11.0071,88.9107,15.9
Coffee,Clayey,Normal,Medium,None,Low,No,0.533,41.5,22.6,51.6,140.2,6.27,99.0,34.9,26.8,69.9,7.44,20.4079,94.665,2.4
Cotton,Clayey,Normal,High,None,Moderate,Yes,0.695,34.3,24.7,78.3,80.5,6.06,118.2,59.8,20.2,73.1,5.11,34.8599,71.9496,6.0
Mungbean,Clayey,Normal,High,None,High,Yes,0.327,10.0,28.0,86.0,46.3,6.27,16.6,57.3,15.0,59.9,2.29,25.4815,71.2155,6.6
Orange,Silty,Normal,High,Citrus Canker,Low,No,0.413,46.7,20.5,93.9,102.4,6.52,11.5,12.4,11.0,53.1,3.24,14.9598,93.9915,11.6
Muskmelon,Sandy,Normal,High,None,High,Yes,0.36,15.9,27.6,94.3,21.0,6.48,81.1,15.5,51.1,67.7,2.58,20.7598,87.5804,18.8
Jute,Loamy,Rainy,High,Stem Rot,Low,No,0.701,52.4,24.1,83.0,172.8,6.43,88.6,57.7,35.7,75.3,4.09,28.2573,82.2547,3.9
Papaya,Silty,Rainy,High,Papaya Ring Spot Virus,Low,No,0.584,68.1,38.4,92.1,225.2,6.66,66.2,48.5,53.0,67.0,3.8,28.5509,76.5971,1.7
Rice,Loamy,Rainy,Medium,Rice Blast,Low,No,0.692,85.6,23.5,80.7,287.2,7.35,69.9,56.4,41.8,58.3,4.27,19.3133,94.7479,18.3
Pomegranate,Clayey,Normal,High,Bacterial Blight,Low,No,0.299,29.7,22.8,90.3,113.3,5.93,7.0,17.5,36.6,45.3,2.73,24.1091,94.2346,9.0
Mothbeans,Silty,Normal,High,Root Rot,Moderate,Yes,0.223,23.1,30.9,67.8,74.1,6.9,8.4,39.0,15.2,55.8,2.54,23.7058,87.2387,9.7
Apple,Silty,Normal,High,Apple Scab,Low,No,0.338,44.4,20.1,91.2,124.8,5.51,5.8,131.6,198.8,81.1,4.19,13.2779,83.5714,15.2
Lentil,Clayey,Normal,Medium,None,High,Yes,0.286,16.9,27.1,69.6,44.6,6.91,25.5,63.7,23.7,55.2,3.03,9.06,75.386,0.0
Orange,Silty,Normal,High,Citrus Canker,Low,No,0.418,26.7,33.5,93.9,112.7,6.33,14.3,19.6,7.2,51.2,2.7,15.3826,90.1358,9.4
Banana,Loamy,Normal,High,Panama Wilt,Low,No,0.646,45.7,28.0,82.9,119.4,6.18,93.7,77.3,49.1,77.8,4.39,36.1609,83.5857,9.7
Mango,Loamy,Normal,Medium,None,Moderate,Yes,0.454,41.3,27.9,53.7,95.6,5.65,31.5,25.5,32.8,47.5,3.73,27.4649,94.0355,3.2
Watermelon,Silty,Normal,High,None,High,Yes,0.538,17.3,21.8,88.5,43.3,6.96,100.0,10.7,46.9,63.4,2.92,33.8439,74.9354,2.3
Banana,Loamy,Normal,High,None,Low,No,0.625,34.3,29.8,79.2,102.4,5.53,103.3,84.8,53.4,63.4,4.81,32.9242,75.1032,1.6
Kidneybeans,Loamy,Normal,Low,None,Moderate,Yes,0.295,32.6,23.7,18.8,82.3,6.04,9.7,78.6,20.0,55.2,4.13,11.3921,91.7397,7.7
Lentil,Silty,Cool,Medium,None,High,Yes,0.387,12.5,18.3,66.4,38.3,6.4,33.5,59.9,19.0,60.8,3.27,18.6746,88.2083,2.1
Pomegranate,Silty,Normal,High,Bacterial Blight,Low,No,0.319,42.1,22.3,88.7,113.4,6.05,14.1,17.4,40.7,54.5,3.26,20.8502,76.7105,5.2
Pomegranate,Silty,Normal,High,Bacterial Blight,Low,No,0.495,30.7,24.6,91.9,112.8,5.7,35.9,19.0,41.2,54.9,3.29,22.5181,90.4704,0.0
Jute,Clayey,Rainy,Low,None,Low,No,0.535,47.4,27.1,71.9,168.7,7.25,72.5,56.8,41.1,57.1,5.94,21.7339,79.1858,8.3
Lentil,Loamy,Normal,Low,None,Moderate,Yes,0.277,28.6,24.6,63.0,51.5,5.61,18.5,55.6,22.3,46.1,3.62,36.7474,68.2786,4.1
Coconut,Loamy,Rainy,High,Root Wilt,Low,No,0.312,51.2,28.2,97.9,153.8,5.52,8.0,24.3,27.3,46.7,2.84,18.2539,84.5785,11.7
Maize,Loamy,Normal,Low,None,Low,No,0.505,28.6,25.3,60.1,105.5,5.7,88.3,42.1,23.2,55.9,5.76,35.6895,90.6701,0.0
Pomegranate,Clayey,Normal,High,Bacterial Blight,Low,No,0.408,39.4,23.6,92.1,103.0,6.21,29.6,23.2,37.3,56.5,3.19,13.3835,74.9373,3.7
Kidneybeans,Sandy,Normal,Low,Bean Rust,Low,No,0.492,28.3,21.2,23.8,105.2,6.21,30.7,58.8,22.7,57.8,4.16,25.4679,84.1257,2.5
Chickpea,Loamy,Normal,Low,None,Moderate,Yes,0.407,29.8,20.4,11.9,68.2,7.97,43.1,71.9,78.0,53.2,4.21,35.9625,89.0847,2.9
Kidneybeans,Loamy,Normal,Medium,None,Low,No,0.495,52.1,23.8,21.3,149.3,5.99,17.7,58.8,22.6,57.0,6.09,14.312,83.8878,3.8
Cotton,Clayey,Normal,Medium,Bacterial Blight,Moderate,Yes,0.608,32.1,21.5,78.2,64.5,7.23,104.6,47.7,22.6,56.6,3.08,18.6685,68.8067,13.8
Lentil,Clayey,Cool,Low,None,Moderate,Yes,0.283,28.1,18.7,67.2,50.0,6.41,35.8,66.9,18.9,65.4,5.23,29.6452,71.4125,0.0
Mungbean,Silty,Normal,High,None,Moderate,Yes,0.383,17.0,27.2,86.5,53.6,7.28,26.5,59.0,20.0,55.9,3.89,24.6266,78.9944,3.4
Maize,Clayey,Normal,High,None,Moderate,Yes,0.577,30.8,22.1,67.2,89.9,6.1,77.0,56.7,15.2,64.8,4.46,14.3278,81.3752,0.6
Kidneybeans,Clayey,Normal,Low,None,Moderate,Yes,0.382,27.4,22.8,20.8,65.9,6.37,29.7,63.0,23.2,59.6,5.14,31.1734,79.7804,4.2
Apple,Silty,Normal,High,Apple Scab,Low,No,0.331,38.5,22.6,91.0,104.3,6.38,11.7,142.0,200.4,87.5,4.86,17.4257,83.7104,9.5
Coffee,Loamy,Rainy,Low,None,Low,No,0.56,54.0,23.6,70.0,165.8,6.17,95.0,38.6,32.4,65.2,6.64,12.7877,89.7787,5.0
Papaya,Clayey,Normal,High,None,Moderate,Yes,0.521,28.9,26.3,94.4,80.4,6.92,52.4,40.2,52.1,57.4,3.67,17.0248,80.2117,3.6
Orange,Clayey,Cool,High,Citrus Canker,Low,No,0.332,33.2,12.5,91.2,102.6,7.15,17.2,17.0,12.1,44.8,2.53,11.533,78.3922,2.3
Orange,Loamy,Normal,High,Citrus Canker,Low,No,0.276,26.6,30.0,91.8,102.3,6.27,4.1,23.7,7.7,49.9,2.8,10.9573,79.2146,10.9
Mungbean,Sandy,Normal,High,None,High,Yes,0.312,20.4,27.5,87.5,43.3,6.03,35.1,36.9,20.2,53.6,2.16,36.1235,79.0135,3.3
Blackgram,Sandy,Normal,High,None,Moderate,Yes,0.416,20.1,25.3,62.9,64.1,7.3,40.0,57.2,17.7,51.3,3.32,8.2571,96.7818,4.0
Chickpea,Clayey,Cool,Low,None,Moderate,Yes,0.395,38.2,17.3,17.8,94.1,8.37,44.0,65.3,84.8,51.6,4.52,36.0113,80.9056,4.1
Mungbean,Clayey,Normal,High,Yellow Mosaic Virus,High,Yes,0.324,16.0,29.0,88.7,43.1,7.41,15.6,48.3,20.4,52.3,1.65,10.466,87.8061,7.8
Maize,Sandy,Normal,High,None,Moderate,Yes,0.436,28.7,26.3,60.2,98.7,6.84,81.7,36.7,19.1,62.7,4.41,35.875,91.5756,0.0
Watermelon,Sandy,Normal,High,None,High,Yes,0.553,19.6,27.1,85.8,42.5,6.88,86.9,17.2,50.7,62.5,2.54,17.5498,72.0075,9.1
Apple,Loamy,Normal,High,Apple Scab,Low,No,0.299,33.9,22.2,92.4,100.2,5.67,33.7,137.5,198.5,88.6,4.34,16.875,84.8188,3.5
Banana,Silty,Normal,High,Panama Wilt,Low,No,0.595,44.2,29.1,82.1,114.7,6.05,103.4,75.9,51.7,72.6,4.53,32.715,69.5376,1.1
Muskmelon,Sandy,Normal,High,None,High,Yes,0.607,17.0,28.6,91.4,24.5,6.33,102.2,28.6,46.3,67.1,2.61,28.2667,92.7424,0.0
Jute,Silty,Rainy,High,Anthracnose,Low,No,0.667,61.9,23.5,73.0,190.7,7.49,93.9,55.0,38.1,59.0,3.33,22.2663,96.8128,0.0
Mungbean,Loamy,Normal,High,None,High,Yes,0.318,15.2,28.1,86.4,46.8,7.43,1.9,38.5,23.9,45.4,2.28,35.8338,87.5789,16.1
Cotton,Silty,Normal,High,Bacterial Blight,Moderate,Yes,0.509,37.9,22.4,80.8,76.7,5.73,111.1,58.3,24.4,60.8,3.2,36.9814,92.8315,6.8
Coconut,Sandy,Rainy,High,Root Wilt,Low,No,0.536,68.0,28.8,98.7,221.2,5.99,18.3,25.0,26.7,55.6,3.21,28.9267,82.0027,1.4
Coffee,Clayey,Rainy,Low,None,Low,No,0.659,47.7,20.6,61.2,166.9,7.33,113.6,33.2,29.6,64.5,6.73,24.0929,68.893,4.8
Mothbeans,Clayey,Normal,High,None,High,Yes,0.286,11.0,28.9,56.6,30.9,6.18,16.2,49.3,20.9,58.4,2.7,26.751,78.4692,1.4
Pomegranate,Loamy,Normal,High,None,Low,No,0.383,39.2,24.8,92.7,100.2,5.5,16.1,25.6,40.3,41.1,3.18,23.0854,69.7624,5.5
Watermelon,Clayey,Normal,High,None,High,Yes,0.652,24.3,28.1,85.8,50.0,6.16,116.8,22.6,49.3,64.1,2.74,27.4992,88.0554,1.4
Pomegranate,Silty,Cool,Medium,Bacterial Blight,Low,No,0.326,46.2,19.2,89.1,107.1,5.59,21.6,26.6,44.3,51.7,3.66,19.4598,87.6325,0.0
Cotton,Clayey,Normal,Low,Bacterial Blight,Moderate,Yes,0.688,15.4,22.9,80.0,60.1,6.65,120.4,47.6,19.5,69.3,3.93,13.207,85.7322,4.8
Maize,Loamy,Normal,Medium,None,Low,No,0.593,28.1,29.4,60.1,106.3,5.76,68.7,56.1,18.9,52.5,5.6,30.4912,69.1374,9.7
Banana,Loamy,Normal,High,None,Low,No,0.465,38.2,25.7,79.6,101.0,6.24,83.5,82.9,46.5,70.0,5.58,32.3102,74.0883,16.3
Watermelon,Clayey,Normal,High,Anthracnose,High,Yes,0.629,23.2,24.3,82.2,43.0,6.26,104.0,10.2,46.4,63.2,2.1,32.791,74.3544,2.7
Mothbeans,Sandy,Normal,Low,None,Moderate,Yes,0.343,32.0,25.9,39.2,64.5,6.56,13.5,49.5,16.0,54.0,4.22,33.9873,73.928,6.3
Lentil,Loamy,Normal,Low,None,Moderate,Yes,0.216,16.2,26.2,66.3,51.2,6.57,7.9,60.8,22.6,59.3,4.84,23.8753,94.7357,9.6
Blackgram,Loamy,Normal,High,Powdery Mildew,Moderate,Yes,0.373,21.4,31.4,63.7,70.2,7.44,37.6,69.8,23.0,54.5,2.38,32.4804,78.3397,2.0
Pigeonpeas,Silty,Hot & Dry,Low,Fusarium Wilt,Low,No,0.255,33.2,35.4,48.5,137.9,6.51,3.8,67.2,22.0,58.0,4.55,25.4735,83.1494,13.5
Mungbean,Clayey,Normal,High,None,High,Yes,0.262,24.7,28.7,86.4,40.5,6.86,10.5,59.0,20.3,55.8,2.49,8.6629,72.7844,9.7
Mango,Silty,Normal,High,None,Moderate,Yes,0.291,28.7,28.5,48.6,98.7,4.7,30.3,35.6,29.2,35.2,2.27,27.4617,69.0679,2.5
Blackgram,Loamy,Normal,High,None,Moderate,Yes,0.388,22.5,33.7,68.3,68.0,7.08,59.6,67.4,19.7,58.7,3.88,13.3708,72.2525,1.3
Mothbeans,Sandy,Normal,High,None,High,Yes,0.292,15.2,27.2,66.3,39.3,6.37,6.1,43.1,20.7,57.9,2.49,8.2095,84.1336,11.5
Pomegranate,Loamy,Normal,High,Bacterial Blight,Low,No,0.261,31.3,20.6,85.7,107.4,5.59,16.6,15.9,41.6,49.7,3.13,21.5645,73.9167,5.4
Blackgram,Silty,Normal,High,None,Moderate,Yes,0.343,33.3,28.9,67.9,70.6,6.7,47.3,79.3,18.5,62.3,4.16,9.894,87.3584,0.0
Kidneybeans,Clayey,Normal,Low,None,Low,No,0.441,37.4,20.5,19.3,125.5,6.22,23.2,55.8,15.1,61.4,6.57,20.9709,90.295,4.2
Jute,Loamy,Rainy,High,Stem Rot,Low,No,0.611,44.6,26.1,82.6,174.2,6.42,87.6,51.6,40.1,74.4,3.95,20.0302,94.5435,3.4
Coffee,Sandy,Normal,Medium,None,Low,No,0.591,43.9,20.1,57.0,132.2,6.74,106.5,31.0,30.6,68.4,7.17,27.9713,96.0874,1.8
Papaya,Loamy,Rainy,High,Papaya Ring Spot Virus,Low,No,0.579,41.0,39.1,91.6,160.2,6.75,65.3,53.6,52.9,66.3,3.85,33.9239,89.4644,1.1
Coconut,Clayey,Rainy,High,None,Low,No,0.445,46.8,29.9,92.7,163.7,6.32,21.1,23.8,30.0,54.9,4.22,17.3777,72.3441,0.0
Coconut,Sandy,Rainy,High,Root Wilt,Low,No,0.373,53.4,27.0,96.1,155.2,6.14,25.8,25.7,28.9,52.2,2.89,36.9056,73.4133,0.0
Mango,Loamy,Normal,Medium,None,Moderate,Yes,0.298,34.0,25.6,50.2,91.6,4.61,15.6,35.6,30.0,32.0,2.31,21.8312,75.5272,3.5
Watermelon,Silty,Normal,High,None,High,Yes,0.522,26.6,28.8,84.3,42.3,6.19,109.4,19.6,51.6,65.5,2.6,30.8709,88.5947,3.0
Chickpea,Silty,Normal,High,None,Moderate,Yes,0.356,26.2,26.8,13.0,83.1,6.44,45.5,77.6,75.4,77.4,4.98,10.9121,74.4793,0.2
Rice,Sandy,Rainy,High,Rice Blast,Low,No,0.753,50.3,35.7,82.4,151.7,6.97,106.0,35.6,40.9,61.7,3.23,23.7173,94.4254,1.9
Grapes,Sandy,Cool,Medium,Anthracnose,Moderate,Yes,0.333,34.8,17.4,82.8,66.9,6.08,29.9,136.4,195.9,88.0,4.26,31.5764,91.5062,0.0
Coconut,Clayey,Rainy,High,Root Wilt,Low,No,0.456,56.0,29.0,94.9,180.9,5.98,16.5,16.0,30.0,46.9,2.99,35.7894,84.1965,5.8
Mango,Sandy,Hot & Dry,Low,Powdery Mildew,Moderate,Yes,0.354,19.8,31.0,45.8,89.4,6.91,0.7,38.0,32.0,50.0,2.53,33.2745,92.9285,19.1
Maize,Silty,Normal,Medium,None,Moderate,Yes,0.504,31.5,23.7,68.5,83.6,6.9,86.6,58.6,23.3,64.2,5.14,11.0803,88.0247,4.3
Mothbeans,Silty,Normal,Medium,None,Moderate,Yes,0.397,31.7,29.8,56.0,74.8,9.46,36.2,54.7,22.4,26.3,1.88,11.1949,84.0767,0.0
Jute,Clayey,Rainy,High,Stem Rot,Low,No,0.643,59.0,27.3,87.3,189.0,7.07,62.5,37.0,36.2,60.0,3.32,24.9278,89.6207,17.4
Coconut,Loamy,Rainy,High,Root Wilt,Low,No,0.495,59.7,25.8,91.2,193.0,5.78,28.8,8.4,29.3,50.0,3.06,26.3647,84.5509,0.8
Papaya,Sandy,Rainy,High,Papaya Ring Spot Virus,Low,No,0.567,55.1,25.8,90.3,216.9,6.88,31.9,42.2,45.3,55.8,3.53,30.2917,75.342,17.7
Watermelon,Sandy,Normal,High,None,High,Yes,0.62,24.2,26.9,85.0,40.8,6.1,113.6,26.9,52.0,66.1,3.04,8.8653,79.7143,2.1
Banana,Sandy,Normal,High,Panama Wilt,Low,No,0.61,33.3,29.1,81.9,100.2,5.96,113.1,92.8,45.3,75.5,4.32,12.1081,96.5013,0.0
Pigeonpeas,Sandy,Normal,Medium,None,Low,No,0.401,40.4,25.9,67.2,138.7,7.49,26.6,71.4,17.9,47.3,4.74,10.4817,85.4165,0.4
Maize,Sandy,Normal,High,None,Moderate,Yes,0.546,29.1,23.9,65.5,66.2,6.45,63.8,58.5,24.7,66.3,4.05,30.6872,87.9051,11.8
Muskmelon,Sandy,Normal,High,None,High,Yes,0.616,10.0,26.9,93.8,24.4,6.27,118.3,7.1,52.6,69.2,2.94,26.3085,90.7969,0.9
Jute,Silty,Rainy,High,Stem Rot,Low,No,0.473,57.7,28.4,84.9,164.8,7.23,61.8,44.9,38.8,60.9,3.69,12.278,72.2908,13.8
Mungbean,Loamy,Normal,High,None,Moderate,Yes,0.362,16.3,29.5,80.0,55.9,6.48,13.6,43.5,22.4,58.6,3.74,32.6275,77.8449,4.2
Jute,Clayey,Rainy,Medium,Anthracnose,Low,No,0.563,54.1,22.0,71.8,175.8,7.08,74.4,53.3,37.3,60.7,4.14,11.6794,88.817,3.3
Cotton,Loamy,Normal,Medium,Bacterial Blight,Moderate,Yes,0.643,28.6,21.4,77.6,89.0,6.99,103.4,38.7,23.8,65.7,4.03,23.6092,90.9105,14.9
Lentil,Clayey,Normal,Low,None,High,Yes,0.335,22.2,28.1,64.7,46.8,7.17,27.8,75.0,17.0,53.5,2.71,23.3962,74.6145,0.0
Cotton,Sandy,Normal,Low,Bacterial Blight,Moderate,Yes,0.752,36.3,22.6,80.0,98.4,6.81,137.6,56.6,24.0,69.4,3.86,21.4318,90.3984,3.3
Watermelon,Sandy,Normal,High,Anthracnose,Moderate,Yes,0.652,21.3,24.7,89.7,57.4,6.78,112.4,22.0,48.6,71.6,3.33,13.6672,89.9587,1.5
Jute,Clayey,Rainy,High,None,Low,No,0.535,50.8,21.3,76.4,153.4,6.49,66.0,42.8,42.5,69.3,5.28,15.2363,77.7559,10.8
Orange,Silty,Normal,High,Citrus Canker,Low,No,0.305,22.2,34.7,92.2,107.6,6.71,7.5,29.1,6.6,48.7,2.98,22.5161,70.2919,12.7
Maize,Clayey,Normal,Medium,None,Moderate,Yes,0.552,21.4,28.1,59.3,87.8,6.87,85.0,42.8,15.7,65.5,5.46,8.9995,92.4005,3.0
Chickpea,Silty,Normal,Low,None,Moderate,Yes,0.438,22.8,24.5,11.2,67.4,7.92,30.3,78.9,77.2,54.0,4.39,15.8654,73.9375,6.3
Cotton,Silty,Normal,High,Bacterial Blight,Moderate,Yes,0.735,42.0,24.3,77.3,95.5,7.14,134.0,37.4,16.2,61.0,2.51,29.7502,89.643,3.5
Pomegranate,Loamy,Normal,High,Bacterial Blight,Low,No,0.381,42.2,20.6,92.1,112.2,6.55,9.1,12.5,41.0,59.4,3.07,28.6061,94.9812,12.9
Kidneybeans,Loamy,Cool,Low,None,Moderate,Yes,0.247,40.6,17.6,19.6,79.8,6.48,14.7,69.8,20.0,63.6,4.91,13.4003,93.2574,4.5
Papaya,Silty,Rainy,High,Papaya Ring Spot Virus,Low,No,0.56,63.9,30.7,93.4,193.7,6.99,31.6,57.0,45.1,60.0,3.43,28.9687,82.3947,12.7
Rice,Clayey,Rainy,High,Rice Blast,Low,No,0.65,76.3,39.6,81.8,250.8,5.03,73.3,44.6,43.6,45.6,2.4,27.9358,83.6242,12.2
Mungbean,Clayey,Normal,High,None,Moderate,Yes,0.279,15.3,28.6,84.8,54.1,7.19,34.3,47.6,23.7,56.3,4.03,28.9358,78.4444,2.1
Watermelon,Clayey,Normal,High,Anthracnose,Moderate,Yes,0.56,33.2,24.0,86.6,57.7,6.4,102.8,21.6,45.4,65.7,2.85,36.956,83.1105,3.1
Coconut,Loamy,Rainy,High,Root Wilt,Low,No,0.391,61.2,27.6,93.1,171.1,6.36,35.1,19.1,26.1,54.9,3.15,27.7841,81.7414,3.0
Pomegranate,Sandy,Normal,High,Bacterial Blight,Low,No,0.347,33.4,20.6,91.3,101.2,6.29,22.4,23.1,37.3,55.9,3.27,26.1373,78.7959,4.5
Mothbeans,Clayey,Normal,Medium,None,High,Yes,0.339,18.0,25.6,34.2,48.5,8.46,2.9,41.2,20.7,30.9,1.59,22.2788,82.1554,15.6
Mango,Loamy,Hot & Dry,High,Powdery Mildew,Moderate,Yes,0.404,23.9,32.8,45.9,96.9,5.14,31.5,25.6,27.1,44.3,2.32,13.1955,90.8121,4.0
Mungbean,Sandy,Normal,High,None,High,Yes,0.177,10.0,28.5,84.1,35.7,6.54,8.0,50.2,21.8,60.5,2.12,16.2087,89.7321,10.5
Lentil,Silty,Normal,High,None,Moderate,Yes,0.314,16.9,29.9,66.0,52.3,5.67,20.0,58.9,15.7,53.0,3.66,8.5379,92.3381,4.9
Coffee,Clayey,Normal,Medium,None,Low,No,0.601,44.2,29.1,54.5,112.4,6.99,104.1,38.9,28.4,63.2,6.8,24.937,79.4377,0.0
Mothbeans,Sandy,Normal,Medium,None,Moderate,Yes,0.367,23.5,25.8,36.9,65.9,5.86,30.5,46.5,19.3,49.5,4.04,27.2726,89.8347,0.5
Coffee,Silty,Normal,Low,None,Low,No,0.655,36.9,24.9,50.1,140.2,6.17,97.8,19.9,32.7,68.8,6.72,32.2641,79.9976,5.5
Coconut,Silty,Rainy,High,Root Wilt,Low,No,0.331,59.6,28.4,98.7,169.9,6.19,17.0,13.5,30.1,53.3,3.09,36.603,81.8866,6.2
Coconut,Silty,Rainy,High,Root Wilt,Low,No,0.358,61.7,26.0,98.6,214.0,5.77,11.7,10.3,32.0,42.9,2.81,30.1912,78.1689,7.4
Lentil,Clayey,Normal,Medium,None,High,Yes,0.426,26.3,22.6,66.2,47.7,7.14,29.4,68.0,21.6,54.2,3.14,33.0425,86.7855,3.0
Pigeonpeas,Sandy,Rainy,Low,None,Low,No,0.435,55.8,28.9,54.0,169.7,4.52,10.1,74.4,17.4,35.5,3.46,33.4483,74.8737,11.5
Mango,Clayey,Normal,Low,Powdery Mildew,Moderate,Yes,0.267,28.8,34.7,50.2,95.6,5.44,11.2,36.7,25.3,48.2,2.5,19.8054,79.0135,11.9
Orange,Silty,Cool,Low,Citrus Canker,Low,No,0.399,38.2,10.7,91.1,119.4,6.31,1.7,28.0,13.1,47.7,3.83,15.4695,68.8501,13.4
Pigeonpeas,Sandy,Rainy,High,None,Low,No,0.519,55.5,27.9,53.3,188.0,5.12,16.3,67.9,23.7,45.2,3.95,34.1234,93.0493,6.2
Blackgram,Sandy,Normal,High,None,Moderate,Yes,0.272,24.9,29.9,68.2,67.1,7.07,28.7,76.4,16.4,59.9,3.6,13.1921,82.1878,7.3
Papaya,Clayey,Rainy,High,Papaya Ring Spot Virus,Low,No,0.519,67.9,29.7,94.9,225.0,6.63,34.4,56.8,48.3,62.6,3.22,10.5287,75.2967,16.7
Muskmelon,Clayey,Normal,High,Downy Mildew,High,Yes,0.609,10.0,27.4,93.0,20.2,6.43,114.5,14.3,52.1,74.1,1.8,19.7011,83.3079,0.3
Apple,Loamy,Normal,High,Apple Scab,Low,No,0.247,43.6,23.5,93.4,104.0,5.62,2.4,122.1,203.5,77.4,4.14,22.2675,75.3531,16.3
Coconut,Loamy,Rainy,High,Root Wilt,Low,No,0.395,46.7,28.5,99.7,153.6,6.41,20.8,12.4,31.7,51.9,3.21,26.2111,89.8612,3.9
Mango,Sandy,Normal,High,None,Moderate,Yes,0.31,34.0,25.4,45.4,89.1,5.64,4.8,15.7,29.3,43.3,3.12,14.6119,83.0088,15.6
Muskmelon,Loamy,Normal,High,None,High,Yes,0.506,14.0,26.4,93.4,28.8,6.43,88.5,28.2,48.3,69.8,2.85,33.2049,82.6755,12.7
Grapes,Sandy,Cool,Low,Anthracnose,Moderate,Yes,0.365,29.3,10.6,82.5,72.5,6.02,32.1,126.4,202.4,85.9,4.71,34.129,96.8989,2.1
Rice,Loamy,Rainy,High,Rice Blast,Low,No,0.747,72.3,29.2,84.4,276.7,6.09,72.0,39.7,41.3,64.4,3.44,32.1687,86.8202,18.7
Cotton,Sandy,Normal,Medium,Bacterial Blight,Moderate,Yes,0.772,32.2,21.0,75.2,95.7,6.7,137.9,51.5,19.0,77.8,4.84,8.8512,85.32,2.2
Mango,Clayey,Normal,Low,None,Moderate,Yes,0.246,38.9,26.8,49.6,85.5,6.81,11.0,34.9,25.6,55.6,4.88,8.127,76.474,6.6
Coffee,Loamy,Normal,High,None,Low,No,0.74,33.4,30.0,67.1,121.4,7.4,117.9,18.5,25.4,61.1,5.36,34.3768,78.0511,1.7
Muskmelon,Sandy,Normal,High,None,High,Yes,0.484,17.3,29.1,93.0,25.9,6.44,88.7,17.9,49.4,66.4,2.55,32.0661,78.8677,7.6
Mothbeans,Sandy,Normal,Low,None,Moderate,Yes,0.341,31.5,28.1,35.5,68.3,9.56,19.4,56.5,16.9,13.9,1.59,21.5441,80.1453,2.1
Orange,Sandy,Normal,High,Citrus Canker,Low,No,0.363,39.5,24.8,91.2,102.5,7.41,26.5,7.0,14.1,46.3,2.69,19.2427,87.581,0.4
Pomegranate,Sandy,Normal,High,Bacterial Blight,Low,No,0.293,31.7,24.2,93.5,107.7,6.61,20.5,12.0,42.4,56.9,3.15,20.865,92.6695,2.2
Mango,Clayey,Hot & Dry,High,Powdery Mildew,Moderate,Yes,0.25,20.2,32.7,47.1,95.2,6.65,13.9,23.8,32.0,59.1,2.7,17.5623,80.9638,8.8
Jute,Clayey,Rainy,High,None,Low,No,0.527,46.1,28.7,77.4,155.9,7.32,79.9,47.3,38.7,62.6,5.2,8.4938,69.8016,0.1
Banana,Silty,Normal,High,Panama Wilt,Low,No,0.587,37.5,29.2,80.7,103.9,6.24,115.7,85.0,47.8,81.2,4.72,17.8867,80.2314,3.9
Kidneybeans,Sandy,Normal,Low,None,Moderate,Yes,0.269,39.0,24.0,24.3,98.8,6.28,6.2,64.1,17.2,52.9,4.66,36.5862,82.2338,13.8
Grapes,Loamy,Normal,High,Powdery Mildew,Moderate,Yes,0.229,28.9,34.1,84.7,67.0,6.19,14.4,140.1,204.4,91.9,4.05,17.7553,74.9791,4.5
Mango,Sandy,Normal,High,Powdery Mildew,Moderate,Yes,0.376,37.2,34.2,53.0,93.5,6.9,24.9,23.4,33.3,51.7,2.79,30.1644,80.0281,0.0
Cotton,Sandy,Normal,Medium,Bacterial Blight,Moderate,Yes,0.527,26.3,23.7,75.9,90.4,6.51,114.2,35.2,24.9,71.4,4.15,30.2128,70.7112,7.6
Muskmelon,Sandy,Normal,High,None,High,Yes,0.599,16.6,29.4,93.9,29.7,6.31,103.3,10.6,50.6,67.0,3.16,8.9689,78.7824,3.3
Mungbean,Clayey,Normal,High,None,High,Yes,0.327,10.0,27.6,80.4,36.2,6.61,23.9,37.3,18.7,60.2,2.56,15.0468,85.0356,0.0
Rice,Sandy,Rainy,High,Rice Blast,Low,No,0.697,84.1,32.7,82.6,299.1,7.36,99.9,57.2,40.4,59.5,3.39,10.8809,89.9217,3.4
Watermelon,Silty,Normal,High,None,High,Yes,0.522,10.0,28.4,81.4,44.7,6.01,96.2,23.7,47.7,61.9,2.4,29.11,79.9778,3.0
Rice,Sandy,Rainy,High,Rice Blast,Low,No,0.67,74.8,33.7,80.8,273.1,6.24,75.5,51.2,36.9,69.5,4.15,21.7568,91.9189,11.7
Cotton,Sandy,Normal,Low,Bacterial Blight,Moderate,Yes,0.648,38.1,23.3,78.1,75.4,7.4,122.7,42.8,20.3,61.0,3.38,31.4345,79.6979,2.6
Mungbean,Silty,Normal,High,None,Moderate,Yes,0.414,27.0,28.1,87.9,56.2,7.14,24.6,35.3,16.5,48.1,3.58,23.0615,95.8034,0.0
Papaya,Clayey,Rainy,High,Papaya Ring Spot Virus,Low,No,0.58,67.8,25.5,93.3,244.7,6.82,37.3,38.5,52.8,62.0,3.36,14.0259,82.0931,12.1
Lentil,Clayey,Normal,Low,None,Moderate,Yes,0.353,32.2,20.4,64.1,49.1,7.34,2.1,64.7,22.1,49.1,4.26,17.5079,79.1662,17.9
Banana,Loamy,Normal,High,Panama Wilt,Low,No,0.613,33.8,29.1,84.2,114.8,6.48,107.0,81.2,49.0,81.2,4.86,11.8212,79.4724,3.2
Jute,Silty,Rainy,High,Stem Rot,Low,No,0.485,49.1,22.6,89.4,158.3,7.37,77.0,51.0,44.4,56.6,3.07,15.3426,69.227,2.5
Chickpea,Sandy,Normal,Low,None,Moderate,Yes,0.401,29.5,21.8,11.0,66.5,6.61,59.2,67.8,79.4,70.2,5.33,17.8696,78.8479,0.0
Blackgram,Silty,Normal,High,Powdery Mildew,Moderate,Yes,0.434,28.6,30.4,66.3,73.7,7.49,32.7,76.3,18.2,51.8,2.82,13.3988,82.2091,8.0
Maize,Silty,Cool,Low,Northern Corn Leaf Blight,Moderate,Yes,0.559,45.8,19.1,63.0,97.2,6.88,91.2,38.2,17.0,65.2,3.46,10.3641,75.7509,1.2
Jute,Silty,Rainy,High,None,Low,No,0.554,41.0,27.7,77.2,166.7,6.9,91.1,58.0,40.8,64.9,5.53,14.2515,94.2034,1.5
Mungbean,Clayey,Normal,High,None,High,Yes,0.193,16.1,28.5,87.3,44.2,7.11,1.8,58.6,15.1,45.8,1.97,21.2175,77.8354,19.1
Muskmelon,Silty,Normal,High,None,High,Yes,0.456,10.0,29.2,90.2,26.1,6.12,84.4,30.0,47.4,60.7,2.45,9.2538,74.4282,13.3
Watermelon,Clayey,Normal,High,None,High,Yes,0.57,27.5,27.6,82.5,46.8,6.33,118.7,13.5,45.2,73.6,3.02,9.6658,81.1861,0.2
Rice,Loamy,Rainy,High,Rice Blast,Low,No,0.514,65.1,36.9,84.6,232.5,7.31,60.5,59.0,44.0,57.1,2.96,23.154,92.6324,24.8
Cotton,Sandy,Normal,High,Bacterial Blight,Moderate,Yes,0.683,22.4,24.0,76.9,90.4,7.11,108.1,39.5,17.4,65.6,3.11,17.2705,70.3751,13.6
Banana,Sandy,Normal,High,None,Low,No,0.495,30.4,26.5,76.5,105.8,5.61,98.9,71.4,49.4,63.7,5.42,26.2143,87.8392,4.0
Coconut,Loamy,Rainy,High,Root Wilt,Low,No,0.409,48.7,29.3,96.5,197.5,5.56,1.0,23.0,28.0,41.3,2.24,30.466,88.9787,14.8
Watermelon,Sandy,Normal,High,None,High,Yes,0.575,10.0,27.1,83.7,49.3,6.3,88.1,11.0,48.2,68.8,3.24,14.7653,94.9432,7.7
Jute,Clayey,Rainy,High,None,Low,No,0.547,60.1,29.7,75.4,190.9,6.09,65.9,54.7,35.1,64.9,5.39,24.3965,81.6503,12.4
Papaya,Clayey,Normal,High,None,Moderate,Yes,0.479,14.0,33.3,91.9,59.8,6.68,45.0,48.2,49.5,67.2,4.06,9.659,78.0677,4.6
Coconut,Loamy,Rainy,High,Root Wilt,Low,No,0.495,54.1,25.9,97.2,185.9,5.57,3.4,14.5,32.7,44.5,2.85,28.9578,69.2517,13.8
Jute,Silty,Rainy,Medium,None,Low,No,0.576,52.1,21.5,84.8,196.6,6.86,71.8,59.8,38.5,66.2,6.52,13.2179,68.3581,8.3
Jute,Silty,Rainy,High,Anthracnose,Low,No,0.471,43.8,21.8,72.2,158.0,6.99,72.8,38.7,44.4,66.8,3.49,24.2723,82.8634,9.8
Kidneybeans,Loamy,Cool,Low,None,Moderate,Yes,0.225,30.5,17.2,23.4,66.1,6.09,1.1,70.2,24.4,59.2,4.48,13.6928,71.9421,18.0
Coffee,Sandy,Rainy,High,None,Low,No,0.598,46.4,28.0,63.3,151.8,6.79,86.7,15.6,34.3,58.5,4.49,19.1852,71.7538,15.3
Kidneybeans,Sandy,Normal,Low,None,Moderate,Yes,0.325,19.5,22.4,24.1,62.5,5.81,22.5,65.7,21.6,52.0,4.31,11.25,85.1924,0.0
Maize,Sandy,Normal,High,None,Low,No,0.585,42.2,29.7,62.4,106.4,5.86,74.2,55.4,23.4,61.6,5.17,13.0665,69.3016,6.1
Kidneybeans,Silty,Normal,Low,None,Moderate,Yes,0.265,26.2,22.2,19.2,92.7,5.97,17.0,73.7,23.8,52.9,4.69,16.1824,81.0827,2.1
Cotton,Clayey,Normal,Medium,Bacterial Blight,Moderate,Yes,0.688,30.1,23.3,78.1,74.9,6.57,137.1,51.7,24.5,78.1,4.1,10.3274,73.8043,2.9
Lentil,Loamy,Normal,Low,None,High,Yes,0.309,11.5,27.7,61.1,43.4,5.68,17.0,69.4,16.5,49.8,2.39,24.0983,84.1475,0.7
Jute,Clayey,Rainy,High,None,Low,No,0.549,49.2,27.2,79.5,166.5,6.35,75.7,38.3,43.0,64.2,5.45,35.727,75.3539,4.9
Kidneybeans,Clayey,Normal,Low,None,Moderate,Yes,0.238,37.6,21.6,17.0,71.0,6.25,7.5,58.9,20.9,60.3,4.88,21.3426,80.5135,14.4
Rice,Silty,Rainy,High,Rice Blast,Low,No,0.801,69.4,34.4,84.2,263.7,5.93,107.6,49.2,37.8,70.9,4.35,10.2875,76.719,0.0
Pigeonpeas,Clayey,Normal,Medium,None,Moderate,Yes,0.413,34.9,22.5,39.9,98.4,7.27,26.8,60.3,21.4,47.8,4.02,22.9515,89.2591,0.0
Coconut,Silty,Normal,High,Root Wilt,Low,No,0.444,42.8,30.0,91.9,148.7,6.11,28.1,14.3,31.4,52.5,3.07,17.4109,79.5923,3.3
Blackgram,Silty,Normal,Medium,None,Moderate,Yes,0.367,29.6,27.7,61.1,61.0,7.29,51.0,69.5,24.2,59.6,4.75,32.4033,72.3574,4.4
Rice,Clayey,Rainy,High,Rice Blast,Low,No,0.698,72.6,30.9,83.2,284.0,6.04,66.4,48.1,35.7,66.8,4.2,14.094,76.8939,20.4
Jute,Sandy,Rainy,High,Anthracnose,Low,No,0.579,62.5,20.4,73.8,169.8,6.69,63.1,37.2,42.2,68.5,3.69,32.1329,77.6954,13.8
Watermelon,Clayey,Normal,High,Anthracnose,Moderate,Yes,0.622,28.2,21.2,82.3,55.9,6.71,119.6,5.1,46.8,64.9,3.0,32.9428,89.7717,0.0
Pomegranate,Loamy,Normal,High,Bacterial Blight,Low,No,0.291,41.5,24.4,93.0,112.5,6.89,9.2,14.6,44.1,55.1,3.42,34.8638,83.2392,13.6
Maize,Clayey,Normal,Low,None,Moderate,Yes,0.561,37.9,22.7,61.7,91.6,5.61,77.7,59.9,18.6,51.8,3.93,17.8007,69.9539,3.5
Cotton,Loamy,Normal,High,Bacterial Blight,Moderate,Yes,0.533,19.9,22.6,84.5,64.9,6.17,113.5,41.3,23.3,66.5,3.46,25.3212,94.7097,5.5
Watermelon,Clayey,Normal,High,Anthracnose,Moderate,Yes,0.572,23.7,24.4,86.1,54.5,6.67,107.9,27.0,50.5,72.8,3.44,12.9353,91.6188,4.0
Jute,Sandy,Rainy,High,Stem Rot,Low,No,0.571,56.0,25.8,82.2,164.5,6.76,87.4,51.3,36.6,65.4,4.08,24.8513,84.8341,0.0
Mothbeans,Sandy,Normal,High,None,Moderate,Yes,0.375,11.1,30.6,62.8,50.3,3.7,16.5,38.8,24.1,21.1,1.54,22.5927,95.8503,3.5
Mango,Loamy,Normal,Medium,None,Moderate,Yes,0.391,29.2,26.5,46.9,87.5,6.5,25.0,28.6,31.9,62.3,4.91,26.5387,71.5889,4.4
Banana,Silty,Normal,High,None,Moderate,Yes,0.505,23.1,28.3,83.9,91.8,5.6,87.7,73.7,46.1,59.1,4.19,14.8389,73.3079,9.6
Rice,Clayey,Rainy,High,Rice Blast,Low,No,0.772,61.0,34.7,81.3,209.0,5.44,103.6,38.7,42.3,62.9,3.47,35.1815,96.0582,4.2
Mothbeans,Silty,Hot & Dry,High,Root Rot,Moderate,Yes,0.316,26.7,30.5,49.0,64.8,3.69,9.7,45.6,23.0,21.2,1.37,28.5415,94.3887,8.4
Papaya,Clayey,Normal,High,Papaya Ring Spot Virus,Low,No,0.535,37.6,37.7,90.4,111.0,6.72,58.0,57.4,50.0,63.0,3.93,18.7408,70.1182,2.8
Cotton,Silty,Normal,High,Bacterial Blight,Moderate,Yes,0.578,25.9,21.4,79.6,73.8,7.45,128.6,47.3,24.2,65.3,3.42,25.1857,74.0137,0.0
Watermelon,Clayey,Normal,High,Anthracnose,High,Yes,0.59,26.8,22.3,85.5,44.4,6.7,110.1,28.8,52.1,67.7,2.37,26.1702,90.5349,1.2
Jute,Clayey,Rainy,Low,None,Low,No,0.584,66.3,27.4,70.8,193.8,6.27,77.1,35.5,43.8,69.0,7.08,24.7856,70.0525,0.9
Watermelon,Loamy,Normal,High,None,High,Yes,0.467,10.0,26.5,83.2,49.4,6.31,107.3,19.8,51.7,69.4,2.48,24.1991,94.646,4.3
Coconut,Loamy,Rainy,High,Root Wilt,Low,No,0.381,58.6,29.6,92.0,165.9,5.85,11.3,19.4,31.1,44.7,2.21,17.4353,84.7852,5.5
Lentil,Loamy,Normal,High,None,High,Yes,0.244,28.0,20.1,69.0,41.7,6.67,22.1,73.5,17.8,58.7,2.1,16.5302,84.8732,0.0
Mango,Silty,Normal,Low,None,Moderate,Yes,0.339,41.0,26.0,51.0,91.9,5.74,4.4,33.7,34.2,51.3,4.09,25.5568,95.3407,12.8
Rice,Silty,Rainy,High,Rice Blast,Low,No,0.658,45.9,38.4,80.7,170.1,5.59,75.1,47.3,40.0,57.4,3.07,35.7195,87.6745,11.4
Papaya,Sandy,Rainy,High,Papaya Ring Spot Virus,Low,No,0.49,42.8,38.1,94.4,177.3,6.91,34.5,47.9,49.4,65.1,3.89,29.7247,93.4425,17.1
Kidneybeans,Clayey,Normal,Low,None,Low,No,0.376,27.1,24.5,19.2,104.8,6.26,2.8,59.0,22.5,55.1,5.3,8.4683,83.5161,14.6
Blackgram,Loamy,Normal,High,Powdery Mildew,Moderate,Yes,0.241,29.2,32.8,65.8,72.5,6.76,22.2,65.8,22.7,60.4,2.65,35.6032,88.7426,17.0
Maize,Silty,Normal,High,None,Moderate,Yes,0.452,32.8,26.5,55.5,62.3,5.63,65.2,47.5,18.0,49.6,3.51,13.5552,90.0252,11.8
Cotton,Clayey,Normal,Medium,Bacterial Blight,Moderate,Yes,0.581,27.4,21.0,76.3,67.5,5.54,123.0,56.5,23.5,58.8,3.08,19.9294,69.924,0.0
Rice,Clayey,Rainy,High,Rice Blast,Low,No,0.589,62.1,32.6,80.6,200.4,5.3,77.7,44.9,35.7,53.4,3.3,36.9567,87.8543,8.8
Blackgram,Silty,Normal,High,Powdery Mildew,Moderate,Yes,0.452,12.0,35.0,64.6,67.3,7.16,43.9,63.9,22.6,57.1,2.94,21.1647,80.2821,3.1
Mango,Clayey,Hot & Dry,Low,Powdery Mildew,Moderate,Yes,0.401,31.2,31.6,46.3,95.7,5.03,34.6,20.4,29.8,40.8,2.37,9.1262,78.4761,2.1
Banana,Loamy,Normal,High,None,Low,No,0.616,28.7,29.0,75.8,103.7,6.24,93.7,82.5,54.3,75.4,6.2,19.6795,77.0393,7.8
Blackgram,Sandy,Normal,Low,None,Moderate,Yes,0.405,27.2,29.8,63.2,62.9,6.83,45.1,74.9,18.5,63.0,5.31,8.9561,94.1153,3.8
Cotton,Silty,Normal,Low,Bacterial Blight,Moderate,Yes,0.551,32.1,20.4,80.6,97.7,6.0,107.6,40.9,16.8,62.8,3.26,21.5796,86.4117,13.3
Mungbean,Sandy,Normal,High,None,High,Yes,0.263,11.5,29.1,83.5,43.7,7.02,18.3,51.4,16.9,51.5,2.51,22.9683,85.211,2.2
Muskmelon,Loamy,Normal,High,None,High,Yes,0.614,10.0,29.9,92.9,26.4,6.44,107.9,17.6,50.3,75.8,3.1,12.0553,87.3164,4.5
Rice,Loamy,Rainy,High,Rice Blast,Low,No,0.619,51.0,39.4,84.9,194.3,6.96,106.1,50.5,39.9,69.7,4.32,35.6244,96.5816,1.9
Watermelon,Sandy,Normal,High,Anthracnose,Moderate,Yes,0.594,30.1,22.7,89.6,45.8,6.13,99.3,18.0,47.6,60.9,2.8,11.3344,68.4545,0.0
Muskmelon,Clayey,Normal,High,None,High,Yes,0.453,18.9,26.6,93.9,26.6,6.35,98.6,5.3,47.4,66.4,2.88,30.4077,84.4225,3.4
Apple,Silty,Normal,High,Apple Scab,Low,No,0.436,29.9,23.4,93.8,101.4,6.14,26.3,126.4,203.1,94.1,4.88,22.5061,85.1068,0.0
Grapes,Sandy,Cool,Low,Anthracnose,Moderate,Yes,0.309,23.2,17.0,82.6,74.3,5.61,33.7,124.0,199.7,81.1,4.25,15.6643,78.3609,0.7
Mango,Sandy,Normal,Low,None,Moderate,Yes,0.246,23.5,28.7,45.8,86.1,6.54,3.9,34.7,26.7,60.1,4.63,33.7607,91.3759,14.2
Rice,Sandy,Rainy,High,Rice Blast,Low,No,0.854,75.8,26.6,81.9,281.3,5.79,118.4,54.8,42.8,62.6,3.26,25.1643,94.6846,0.0
Pigeonpeas,Sandy,Rainy,High,Fusarium Wilt,Low,No,0.352,42.5,34.2,56.0,176.2,5.11,1.1,55.3,16.0,35.0,2.35,30.7411,80.6944,20.0
Blackgram,Sandy,Normal,Medium,None,Moderate,Yes,0.471,14.8,27.7,61.4,61.8,7.27,49.9,64.1,17.0,57.2,4.6,28.3515,83.4842,4.0
Banana,Loamy,Normal,High,Panama Wilt,Low,No,0.614,36.0,29.4,80.4,105.9,5.65,92.6,81.0,52.7,61.8,3.63,32.7109,77.0174,4.2
Mungbean,Clayey,Normal,High,None,High,Yes,0.289,25.5,27.7,83.5,40.2,6.08,5.3,43.7,18.7,50.9,2.0,34.8557,82.3793,10.0
Apple,Clayey,Normal,High,Apple Scab,Low,No,0.339,41.7,24.4,93.2,105.3,5.95,28.6,132.7,200.9,85.4,4.74,21.7275,82.1711,0.0
Lentil,Clayey,Cool,Medium,None,High,Yes,0.202,21.8,18.4,64.3,36.0,7.11,22.6,61.6,20.9,58.1,2.95,35.8482,87.4763,0.5
Mango,Loamy,Normal,Low,Powdery Mildew,Low,No,0.468,34.1,32.9,53.2,103.1,5.91,32.1,27.4,30.9,51.6,4.02,15.3707,81.5659,4.0
Lentil,Clayey,Normal,High,None,High,Yes,0.437,27.9,23.2,60.9,46.5,6.37,32.4,63.9,17.0,65.4,2.69,20.7704,72.1564,4.7
Mango,Clayey,Normal,High,None,Low,No,0.32,29.3,29.8,47.0,100.5,6.21,26.7,37.3,26.0,58.7,4.95,24.9502,75.1492,2.4
Orange,Sandy,Cool,High,Citrus Canker,Low,No,0.369,35.2,13.9,92.8,113.7,6.54,37.4,11.5,7.7,60.1,3.27,34.8672,76.8825,2.9
Mango,Clayey,Hot & Dry,Medium,Powdery Mildew,Moderate,Yes,0.292,32.9,30.1,46.2,88.9,5.62,28.5,23.9,29.6,45.6,2.67,11.849,72.2069,2.8
Rice,Sandy,Rainy,High,Rice Blast,Low,No,0.546,51.8,37.2,84.6,165.4,6.19,69.7,50.0,37.1,67.3,4.21,17.7543,78.6309,14.8
Papaya,Loamy,Rainy,High,Papaya Ring Spot Virus,Low,No,0.578,51.2,39.4,91.8,188.5,6.97,45.1,47.6,54.6,62.7,3.45,26.4565,85.0422,3.1
Orange,Clayey,Normal,High,Citrus Canker,Low,No,0.358,25.7,33.3,92.1,105.5,6.72,39.1,28.7,9.4,58.5,3.77,21.2474,89.2109,0.0
Muskmelon,Silty,Normal,High,None,High,Yes,0.42,10.0,28.7,90.9,23.4,6.41,100.8,10.4,49.2,63.8,2.41,26.2129,75.29,5.0
Orange,Clayey,Cool,High,Citrus Canker,Low,No,0.348,35.3,19.6,94.0,104.3,7.25,15.4,26.9,11.7,44.6,2.48,8.1247,84.466,3.0
Papaya,Loamy,Rainy,High,Papaya Ring Spot Virus,Low,No,0.548,64.9,39.8,90.3,216.7,6.81,48.1,35.8,53.1,66.7,4.23,33.7836,75.9796,0.1
Pomegranate,Clayey,Cool,Medium,Bacterial Blight,Low,No,0.395,47.7,19.1,91.9,115.0,6.5,20.7,6.3,44.8,60.9,3.98,25.6174,81.69,0.0
Papaya,Sandy,Rainy,High,Papaya Ring Spot Virus,Low,No,0.514,46.9,39.0,90.6,198.0,6.79,56.2,46.9,53.7,66.4,3.45,14.8027,70.1862,0.3
Cotton,Loamy,Normal,Medium,Bacterial Blight,Moderate,Yes,0.691,23.5,22.3,78.5,77.8,6.42,136.3,57.3,20.2,72.6,4.47,16.2073,69.9441,0.4
Mothbeans,Silty,Normal,Medium,None,Moderate,Yes,0.352,25.6,25.8,31.0,58.1,6.38,38.2,53.4,16.2,62.0,5.09,35.5353,68.1417,0.4
Kidneybeans,Silty,Normal,Low,None,Moderate,Yes,0.29,31.7,24.1,16.8,97.1,5.75,12.1,56.1,21.2,49.9,4.42,16.3529,88.0042,4.6
Blackgram,Clayey,Normal,High,Powdery Mildew,Moderate,Yes,0.334,22.3,34.1,66.8,73.6,7.19,46.1,61.8,21.6,55.2,2.33,24.6458,76.3095,1.0
Grapes,Sandy,Normal,High,Powdery Mildew,Moderate,Yes,0.323,26.8,36.6,82.8,69.2,6.38,18.0,144.2,199.4,97.8,3.5,10.1859,89.7917,0.0
Jute,Sandy,Rainy,High,None,Low,No,0.584,52.7,29.8,75.8,172.4,6.14,92.4,45.9,41.4,67.7,5.16,36.0434,76.0834,0.0
Kidneybeans,Sandy,Normal,Low,Angular Leaf Spot,Moderate,Yes,0.282,40.5,21.0,25.0,83.3,6.43,17.2,61.6,21.8,62.0,3.56,25.0862,79.2804,0.7
Orange,Clayey,Cool,High,Citrus Canker,Low,No,0.459,49.3,14.5,92.2,111.8,7.05,33.5,14.3,12.9,52.5,3.22,21.6191,74.0419,0.4
Apple,Sandy,Normal,High,Apple Scab,Low,No,0.225,41.5,25.0,94.9,106.2,5.65,4.7,129.1,203.9,79.7,4.35,28.4635,73.2672,15.7
Grapes,Clayey,Normal,High,Powdery Mildew,Moderate,Yes,0.28,19.1,35.3,84.4,69.9,5.83,0.8,134.5,202.8,83.8,4.01,10.1221,94.3962,15.1
Jute,Silty,Rainy,High,None,Low,No,0.659,53.0,25.2,78.7,163.3,7.4,76.2,51.4,36.3,61.2,5.23,20.3595,68.7219,2.9
Grapes,Sandy,Normal,High,Powdery Mildew,Moderate,Yes,0.297,24.7,35.9,80.2,67.8,5.55,4.0,126.9,197.4,79.1,3.69,10.391,89.1181,16.6
Grapes,Sandy,Cool,Medium,Anthracnose,Moderate,Yes,0.295,27.6,14.0,80.4,69.8,5.86,9.5,142.8,199.6,79.9,4.84,20.6767,71.5362,7.4
Papaya,Silty,Normal,High,None,Moderate,Yes,0.344,23.2,31.3,91.8,53.3,6.62,59.0,42.7,47.7,67.0,4.56,27.8954,72.9887,2.4
Pigeonpeas,Silty,Rainy,High,Fusarium Wilt,Low,No,0.339,54.0,36.4,51.0,191.0,7.02,8.2,60.5,23.7,49.3,2.63,36.1253,87.1927,7.5
Lentil,Silty,Normal,High,None,High,Yes,0.416,15.1,23.0,69.2,42.3,6.47,37.9,61.5,22.8,67.1,2.7,16.6043,80.113,2.1
Blackgram,Silty,Normal,High,Powdery Mildew,Moderate,Yes,0.473,27.4,33.2,63.1,66.0,6.94,43.1,77.3,19.0,65.6,3.21,19.1611,92.9785,1.4
Grapes,Clayey,Normal,High,None,Moderate,Yes,0.259,19.6,29.5,84.6,66.4,6.35,1.9,128.8,195.1,86.8,4.87,24.6236,83.5813,16.0
Pigeonpeas,Loamy,Normal,Medium,None,Low,No,0.362,38.5,28.3,42.0,108.3,5.33,23.7,67.5,25.0,48.3,4.67,31.9792,81.555,2.8
Jute,Clayey,Rainy,Low,Stem Rot,Low,No,0.694,49.3,20.6,86.0,170.7,6.21,81.0,54.6,37.8,62.9,4.15,10.5799,88.1926,5.0
Blackgram,Sandy,Normal,High,Powdery Mildew,Moderate,Yes,0.335,16.6,34.2,68.0,70.0,7.01,29.7,55.5,15.8,55.7,2.49,28.1994,78.3089,10.2
Kidneybeans,Clayey,Cool,Low,None,Low,No,0.327,40.6,19.6,17.5,145.8,5.95,13.7,61.9,19.1,53.6,5.63,10.5808,75.0045,5.4
Grapes,Silty,Normal,High,Powdery Mildew,Moderate,Yes,0.425,23.1,36.1,83.3,73.4,5.7,38.2,142.8,199.3,88.3,3.66,23.4827,72.0851,4.6
Grapes,Sandy,Normal,High,Powdery Mildew,Moderate,Yes,0.364,19.1,32.0,85.0,74.2,6.27,36.2,137.3,201.0,92.8,3.85,12.8755,73.6819,3.6
Coffee,Loamy,Rainy,Low,None,Low,No,0.637,48.8,28.6,66.7,163.1,6.73,117.4,22.1,29.3,70.1,6.72,26.9944,94.9859,3.9
Chickpea,Silty,Normal,Low,None,Moderate,Yes,0.485,25.9,24.3,18.6,90.9,7.72,44.3,56.5,82.9,60.0,4.6,30.4995,91.2479,2.5
Coconut,Loamy,Rainy,High,Root Wilt,Low,No,0.383,68.9,29.0,91.7,223.7,5.8,1.7,11.9,28.5,41.8,2.37,26.3329,74.8388,14.2
Coffee,Silty,Rainy,Medium,None,Low,No,0.558,47.4,27.3,57.7,170.6,6.48,94.1,28.0,27.9,65.9,6.97,29.9448,92.3073,3.2
Lentil,Clayey,Normal,High,None,High,Yes,0.294,10.0,24.4,61.9,36.0,7.4,35.8,56.5,23.8,56.3,2.7,22.9493,92.7941,2.5
Coconut,Clayey,Normal,High,Root Wilt,Low,No,0.489,33.9,26.3,93.0,138.2,6.29,24.3,16.6,26.4,55.2,3.35,15.0043,94.9299,3.3
Apple,Sandy,Normal,High,Apple Scab,Low,No,0.354,38.2,21.8,91.3,110.9,5.9,19.0,136.1,199.9,83.0,4.27,21.5764,70.8224,5.2
Watermelon,Clayey,Normal,High,None,Moderate,Yes,0.556,16.0,25.8,88.0,57.4,6.58,97.1,13.5,51.8,71.3,5.01,10.8484,93.6564,6.1
Blackgram,Silty,Normal,High,None,Moderate,Yes,0.476,23.7,29.7,68.5,69.2,7.04,45.5,69.2,19.4,63.0,4.29,32.1348,70.0263,0.0
Cotton,Silty,Normal,High,Bacterial Blight,Moderate,Yes,0.607,31.9,23.4,76.1,73.9,7.47,134.6,40.5,24.2,59.6,3.13,31.2592,70.444,3.2
Watermelon,Sandy,Normal,High,None,Moderate,Yes,0.556,12.1,28.3,87.1,54.4,6.86,117.6,9.7,46.8,61.7,3.85,14.2521,75.7443,0.0
Mothbeans,Clayey,Normal,Low,None,Moderate,Yes,0.434,12.9,28.7,40.1,64.2,4.52,29.9,49.1,22.9,30.0,2.86,19.5412,82.5066,0.2
Muskmelon,Sandy,Normal,High,Powdery Mildew,High,Yes,0.435,14.4,29.4,92.2,26.7,6.27,100.3,26.2,50.1,66.0,2.02,34.0859,87.3024,0.0
Pigeonpeas,Sandy,Normal,High,Fusarium Wilt,Low,No,0.334,31.1,39.1,67.3,121.2,7.15,13.7,73.3,19.2,53.7,2.9,15.9523,80.2136,4.6
Mothbeans,Sandy,Normal,High,Root Rot,Moderate,Yes,0.307,29.7,30.3,60.4,68.9,6.19,28.5,55.5,18.5,54.0,2.28,11.5115,77.0657,0.0
Chickpea,Silty,Normal,Medium,None,Moderate,Yes,0.408,36.1,25.9,19.9,85.2,6.69,52.7,67.9,76.1,70.5,5.35,30.7836,86.5764,3.4
Blackgram,Clayey,Normal,Low,None,Moderate,Yes,0.433,16.4,26.8,68.4,67.7,7.24,48.2,66.2,18.1,56.7,4.82,17.8168,81.9188,2.1
Mango,Clayey,Normal,High,None,Moderate,Yes,0.311,28.0,27.3,49.0,86.4,4.61,33.6,19.9,31.4,30.8,1.71,10.2469,90.9122,0.0
Coconut,Sandy,Rainy,High,Root Wilt,Low,No,0.513,66.4,26.0,96.4,214.8,5.65,22.4,8.0,31.2,42.2,2.85,27.3444,95.1233,2.0
Pigeonpeas,Clayey,Normal,High,Fusarium Wilt,Low,No,0.286,34.3,32.9,56.7,111.8,6.93,22.3,55.6,23.1,56.9,3.12,22.466,81.2793,2.4
Maize,Loamy,Normal,High,None,Moderate,Yes,0.608,27.7,21.6,63.6,90.4,6.09,98.0,46.0,16.6,68.5,4.59,14.1005,79.8458,0.0
Coffee,Silty,Rainy,High,None,Low,No,0.614,52.4,23.3,61.6,167.0,6.5,109.7,37.6,25.2,68.4,5.29,31.4086,90.5638,0.3
Mothbeans,Sandy,Hot & Dry,Medium,Root Rot,Moderate,Yes,0.36,20.8,30.6,46.5,62.3,7.01,19.5,50.8,18.0,49.3,3.08,27.7182,75.3461,0.1
Watermelon,Silty,Normal,High,None,High,Yes,0.533,27.6,29.4,83.0,47.7,6.73,96.6,7.6,48.5,69.5,2.92,29.9748,89.6401,5.5
Apple,Sandy,Normal,High,Apple Scab,Low,No,0.481,43.8,24.9,93.0,122.2,6.48,37.7,135.4,196.7,99.0,4.52,28.511,80.0955,0.0
Coffee,Clayey,Normal,Medium,None,Low,No,0.531,29.6,25.4,63.9,119.1,6.35,92.0,16.2,30.6,64.2,6.59,31.3305,86.7166,9.9
Mungbean,Loamy,Normal,High,None,High,Yes,0.347,23.0,27.7,89.7,35.1,6.83,19.8,47.3,24.7,53.4,1.91,30.1671,73.231,0.0
Pigeonpeas,Loamy,Cool,High,None,Low,No,0.413,40.1,19.6,37.8,133.4,6.94,9.6,57.5,16.5,49.8,3.75,22.066,73.3241,7.2
Cotton,Silty,Normal,High,Bacterial Blight,Moderate,Yes,0.776,27.2,20.6,81.2,95.9,6.71,136.6,47.1,15.3,74.6,3.77,28.2271,68.3985,2.9
Kidneybeans,Sandy,Cool,Low,None,Low,No,0.488,54.8,15.8,19.6,135.9,6.37,26.2,71.0,22.5,59.8,5.89,14.3428,93.0522,4.4
Apple,Silty,Normal,High,Apple Scab,Low,No,0.411,26.8,23.6,91.5,102.8,6.12,4.5,142.8,198.1,89.9,4.29,36.0535,94.2773,16.3
Maize,Loamy,Normal,Low,None,Low,No,0.424,37.7,26.6,55.2,106.7,6.8,61.9,40.9,24.9,62.3,6.06,19.0327,87.7566,12.7
Cotton,Clayey,Normal,High,Bacterial Blight,Moderate,Yes,0.613,32.9,20.4,77.3,90.2,6.87,134.8,40.4,17.7,65.5,3.34,10.5595,71.2394,1.1
Coconut,Silty,Rainy,High,Root Wilt,Low,No,0.322,57.4,29.5,92.2,176.9,6.39,13.9,12.3,30.3,51.3,3.22,36.6293,81.5802,8.7
Papaya,Loamy,Normal,High,Papaya Ring Spot Virus,Low,No,0.407,33.3,26.1,90.5,123.4,6.59,46.5,38.4,51.0,65.1,3.83,16.6671,82.0165,6.5
Banana,Loamy,Normal,High,None,Low,No,0.517,26.2,28.4,78.6,108.3,5.7,88.3,91.4,47.8,68.6,5.45,23.3009,82.5522,8.5
Pomegranate,Clayey,Normal,High,Bacterial Blight,Low,No,0.266,27.5,23.5,90.0,109.1,6.15,16.5,17.2,35.6,55.3,3.11,27.1365,92.0926,3.2
Orange,Clayey,Cool,High,Citrus Canker,Low,No,0.355,41.9,12.1,94.5,109.1,6.66,9.3,13.2,14.0,56.5,2.89,32.5558,83.8672,8.2
Rice,Loamy,Rainy,High,None,Low,No,0.589,40.2,36.5,81.3,179.3,6.07,81.7,37.2,36.6,67.1,5.31,19.6357,69.8623,9.4
Jute,Silty,Rainy,High,Stem Rot,Low,No,0.591,51.9,28.0,84.4,183.4,6.69,88.5,41.8,44.5,72.2,4.15,19.7606,73.662,2.6
Mothbeans,Loamy,Normal,High,None,High,Yes,0.306,23.2,24.4,59.5,43.9,7.43,35.8,54.6,17.5,54.7,1.99,36.907,95.5161,0.0
Banana,Loamy,Normal,High,Panama Wilt,Low,No,0.55,38.5,27.3,79.2,115.8,5.57,107.9,82.5,52.0,69.4,4.22,21.0457,76.8863,0.0
Apple,Silty,Normal,High,Apple Scab,Low,No,0.44,33.4,20.6,90.8,100.1,5.71,34.8,131.7,203.0,82.1,4.53,27.0564,77.3553,0.0
Pigeonpeas,Silty,Rainy,Low,Fusarium Wilt,Low,No,0.354,39.2,32.2,37.3,152.0,5.3,2.4,77.9,21.4,47.7,3.8,25.9626,93.4158,13.4
Jute,Silty,Rainy,Low,None,Low,No,0.669,42.1,26.3,73.3,151.5,7.35,89.0,52.5,43.9,61.0,6.44,16.9417,79.1396,1.7
Lentil,Silty,Normal,High,None,High,Yes,0.19,17.3,20.8,67.2,48.5,6.29,5.4,66.4,20.9,54.3,2.0,36.1652,81.7263,12.0
Blackgram,Loamy,Normal,High,Powdery Mildew,Moderate,Yes,0.398,14.1,34.4,66.3,61.6,6.56,53.2,76.4,23.9,71.2,3.0,18.8576,88.0017,0.0
Banana,Sandy,Normal,High,None,Moderate,Yes,0.488,29.8,25.9,83.7,95.5,6.06,87.1,91.8,47.1,67.2,4.64,11.3986,94.325,12.9
Pomegranate,Sandy,Cool,Low,Bacterial Blight,Low,No,0.29,50.8,18.6,86.1,113.3,6.01,8.1,26.8,44.3,51.2,3.35,24.0722,88.8392,8.7
Jute,Clayey,Rainy,High,None,Low,No,0.697,42.6,29.0,71.5,156.2,6.94,90.7,44.5,40.1,65.6,5.18,25.0124,93.4748,4.9
Mothbeans,Clayey,Normal,Low,None,Moderate,Yes,0.334,20.7,29.2,54.9,52.3,6.93,10.1,53.2,18.2,50.2,3.97,11.4577,78.6889,12.5
Chickpea,Clayey,Normal,Medium,None,Moderate,Yes,0.388,24.4,28.3,11.8,72.0,7.56,51.9,60.5,77.8,62.5,4.86,10.2104,89.0023,0.0
Lentil,Loamy,Normal,Medium,None,Moderate,Yes,0.389,17.3,26.9,65.4,54.6,6.86,16.2,62.5,24.5,60.2,4.53,20.2008,89.5599,3.8
Rice,Silty,Rainy,High,Rice Blast,Low,No,0.664,57.7,24.8,82.2,165.4,5.77,82.7,56.6,41.3,65.2,3.85,19.187,68.2597,4.4
Lentil,Sandy,Cool,Low,None,High,Yes,0.238,21.9,19.3,61.6,49.5,5.5,17.5,63.7,15.1,42.8,2.63,12.7867,94.9223,4.3
Watermelon,Sandy,Normal,Low,Anthracnose,High,Yes,0.538,11.5,22.3,81.3,41.2,6.93,111.6,29.1,50.1,70.2,2.84,25.9358,90.1229,2.3
Jute,Loamy,Rainy,High,Stem Rot,Low,No,0.577,48.4,21.6,88.6,164.3,6.97,90.1,46.3,43.8,63.4,3.92,12.9178,88.4611,1.7
Watermelon,Sandy,Normal,High,Anthracnose,Moderate,Yes,0.533,25.8,21.7,87.0,54.8,6.84,82.7,29.5,50.8,65.0,2.96,33.9663,94.0324,16.7
Cotton,Silty,Normal,Medium,None,Moderate,Yes,0.664,40.9,21.6,79.8,92.8,6.44,120.2,49.8,15.3,69.4,5.5,26.1463,69.1705,2.1
Cotton,Loamy,Normal,Low,Bacterial Blight,Moderate,Yes,0.695,28.9,20.0,77.8,82.8,7.19,110.9,51.8,16.0,65.5,3.98,26.3475,85.9502,12.0
Watermelon,Clayey,Normal,High,Anthracnose,High,Yes,0.64,17.5,23.6,86.8,47.9,6.91,108.7,26.4,49.2,63.0,1.87,11.7564,72.7906,0.0
Pomegranate,Clayey,Cool,Medium,Bacterial Blight,Low,No,0.36,39.0,18.2,92.9,105.2,6.78,33.5,12.1,36.0,61.0,4.16,12.5668,76.0162,0.0
Muskmelon,Clayey,Normal,High,None,High,Yes,0.515,18.1,29.1,93.6,26.8,6.21,110.6,28.6,48.3,68.9,2.66,31.5601,91.1682,0.5
Pigeonpeas,Silty,Normal,High,Fusarium Wilt,Low,No,0.432,43.9,38.6,59.8,136.1,6.99,13.2,59.3,24.4,50.7,3.22,32.7056,85.0807,7.9
Mothbeans,Loamy,Hot & Dry,Low,Root Rot,Moderate,Yes,0.316,16.6,31.9,43.1,65.4,4.55,24.8,49.1,22.6,38.0,2.01,22.9932,75.8069,1.1
Maize,Sandy,Normal,High,None,Moderate,Yes,0.564,27.6,26.6,73.8,80.7,5.92,82.4,54.0,18.4,59.3,3.66,35.3061,93.2517,0.6
Blackgram,Clayey,Normal,Low,None,Moderate,Yes,0.268,19.1,28.1,67.2,60.3,7.25,33.3,70.4,19.2,49.9,4.02,9.9995,85.3657,7.0
Mungbean,Loamy,Normal,High,None,High,Yes,0.235,15.9,29.7,90.0,39.7,7.34,18.0,48.0,21.5,46.8,2.28,19.1532,96.7791,1.1
Coffee,Loamy,Normal,High,None,Low,No,0.664,46.6,22.8,60.6,147.8,6.45,89.3,27.6,28.7,69.2,5.39,14.453,94.4072,10.4
Mothbeans,Clayey,Hot & Dry,Medium,Root Rot,Moderate,Yes,0.35,22.6,31.4,49.4,71.9,9.85,27.4,36.7,20.8,12.4,1.58,18.9468,78.3553,0.1
Cotton,Loamy,Normal,Low,Bacterial Blight,Moderate,Yes,0.615,37.6,22.5,81.1,87.8,7.11,135.4,40.2,24.0,68.4,4.03,24.6518,78.7725,0.0
Maize,Sandy,Normal,Medium,None,Moderate,Yes,0.47,28.9,26.3,58.8,64.1,6.92,81.5,53.3,16.4,58.6,4.41,8.6623,78.919,0.0
Pigeonpeas,Silty,Normal,Low,None,Low,No,0.46,31.6,24.2,34.2,103.6,6.4,32.0,65.6,18.9,63.1,6.76,36.3788,95.8163,1.9
Blackgram,Sandy,Normal,High,Powdery Mildew,Moderate,Yes,0.34,16.6,32.0,68.4,63.7,7.08,49.4,61.4,16.4,57.0,2.53,27.3342,72.5728,3.2
Mango,Sandy,Normal,High,None,Moderate,Yes,0.446,32.2,26.1,48.7,90.3,4.95,20.3,20.2,29.6,40.6,2.36,27.6823,77.6806,2.1
Coconut,Sandy,Rainy,High,Root Wilt,Low,No,0.363,65.6,30.0,100.0,202.9,5.93,11.1,25.9,28.9,45.2,2.37,33.3176,96.3705,11.3
Orange,Loamy,Normal,High,Citrus Canker,Low,No,0.407,40.6,22.3,90.0,111.8,6.1,15.0,18.5,8.3,48.0,2.63,21.0914,69.2612,8.5
Coffee,Sandy,Normal,High,None,Low,No,0.637,29.8,26.4,56.9,121.5,6.07,110.1,25.6,26.4,67.1,5.45,28.6215,92.031,1.5
Lentil,Loamy,Cool,Medium,None,High,Yes,0.313,22.1,19.3,61.0,35.3,6.83,28.0,65.6,21.7,62.8,3.12,17.3848,73.1471,0.4
Jute,Loamy,Rainy,High,Stem Rot,Low,No,0.578,63.7,28.7,87.4,187.7,7.14,67.2,47.6,44.2,59.1,3.35,33.6508,83.111,11.8
Mango,Loamy,Normal,High,None,Low,No,0.326,42.6,28.6,49.2,102.2,5.54,14.3,26.7,31.9,49.3,4.39,14.9305,75.2756,7.0
Banana,Sandy,Normal,High,None,Moderate,Yes,0.557,41.8,27.1,83.6,96.2,5.57,102.7,79.3,46.2,62.1,4.09,18.8226,85.6028,0.0
Pigeonpeas,Silty,Hot & Dry,High,Fusarium Wilt,Low,No,0.402,38.2,37.9,48.0,124.3,6.72,3.3,58.6,22.1,56.3,3.24,29.8563,82.7166,15.6
Watermelon,Clayey,Normal,Low,Anthracnose,High,Yes,0.596,17.6,22.2,83.5,41.0,6.49,109.6,7.1,49.2,74.4,2.96,29.2215,80.2367,0.0
Rice,Silty,Rainy,High,Rice Blast,Low,No,0.697,55.8,31.7,83.6,223.2,5.02,116.5,38.4,37.8,54.1,3.27,8.4924,83.2008,2.7
Blackgram,Sandy,Normal,Medium,None,Moderate,Yes,0.357,29.0,26.7,60.1,66.3,6.69,52.5,55.1,22.9,63.5,5.01,30.2242,83.1043,3.6
Rice,Clayey,Rainy,High,Rice Blast,Low,No,0.632,66.7,34.2,81.1,220.3,6.86,108.0,57.0,43.4,69.0,4.25,36.6218,74.0035,3.6
Pigeonpeas,Loamy,Rainy,High,None,Low,No,0.353,47.4,27.1,34.6,172.8,6.04,27.3,60.7,18.4,61.6,5.31,27.5054,88.8764,0.3
Coffee,Clayey,Rainy,High,None,Low,No,0.624,44.5,25.6,54.0,169.8,6.97,119.4,39.2,31.6,68.6,5.56,31.0599,68.8706,4.6
Jute,Sandy,Rainy,High,Stem Rot,Low,No,0.49,44.0,26.5,88.8,158.8,6.46,75.7,44.6,37.3,68.2,3.79,13.5823,96.3382,4.9
Maize,Loamy,Normal,High,None,Moderate,Yes,0.5,29.7,29.9,55.6,78.1,5.84,88.7,51.7,21.0,62.4,4.26,29.4495,71.6582,2.8
Banana,Loamy,Normal,High,Panama Wilt,Low,No,0.499,34.6,26.7,83.1,111.9,6.33,96.6,90.8,50.8,76.9,4.11,32.8856,79.5425,1.8
Cotton,Loamy,Normal,Medium,Bacterial Blight,Moderate,Yes,0.601,38.5,21.8,83.0,80.2,6.7,111.7,48.5,15.7,73.2,4.27,20.8098,79.996,8.7
Blackgram,Silty,Normal,High,None,Moderate,Yes,0.31,17.6,29.4,68.4,73.5,6.64,36.0,57.1,23.6,67.1,4.52,27.0399,88.5446,5.1
Rice,Sandy,Rainy,High,Rice Blast,Low,No,0.773,58.3,31.2,81.3,178.5,6.95,113.4,58.9,40.6,72.6,4.41,19.8691,79.4575,3.1
Blackgram,Sandy,Normal,High,Powdery Mildew,Moderate,Yes,0.342,31.8,31.3,60.2,73.2,7.24,56.7,68.4,19.4,61.0,2.76,20.8644,73.4377,4.6
Coconut,Sandy,Normal,High,Root Wilt,Low,No,0.489,54.5,26.8,99.4,147.9,6.09,27.9,29.3,32.8,56.2,3.22,20.037,71.0762,3.4
Coffee,Clayey,Normal,High,None,Low,No,0.493,44.7,25.3,69.9,110.1,6.66,89.2,15.9,30.3,68.7,5.28,9.9341,68.3308,13.0
Cotton,Silty,Normal,Medium,Bacterial Blight,Moderate,Yes,0.565,37.8,21.1,76.6,85.9,5.53,117.1,56.3,19.3,60.3,3.08,26.5774,84.7999,5.2
Mango,Silty,Normal,Low,None,Moderate,Yes,0.335,27.3,27.9,53.6,93.2,4.98,16.2,36.4,29.9,37.6,2.77,15.2865,85.3128,5.2
Banana,Loamy,Normal,High,Panama Wilt,Low,No,0.62,35.8,27.7,82.5,109.8,5.74,90.8,80.6,50.5,66.9,3.71,36.4496,71.9614,9.5
Mothbeans,Loamy,Normal,Low,None,High,Yes,0.187,12.1,26.2,49.8,32.2,6.8,16.9,57.1,16.3,52.4,2.63,32.1275,85.6435,3.8
Rice,Clayey,Rainy,High,Rice Blast,Low,No,0.561,54.2,21.1,84.4,181.4,5.09,62.5,36.8,40.8,46.2,2.69,15.0763,79.6547,24.0
Coconut,Loamy,Rainy,High,Root Wilt,Low,No,0.468,57.2,25.5,91.1,219.9,6.03,25.4,5.8,31.0,48.3,2.68,11.6497,87.1486,2.5
Jute,Loamy,Rainy,High,Stem Rot,Low,No,0.665,52.1,21.0,89.3,152.1,6.87,91.7,39.4,41.3,69.8,4.14,16.1979,91.9451,0.2
Muskmelon,Silty,Normal,High,None,High,Yes,0.531,10.6,28.6,91.1,22.5,6.39,104.9,23.5,50.9,70.0,2.53,26.3499,92.1103,3.9
Orange,Silty,Cool,High,Citrus Canker,Low,No,0.402,43.7,11.8,91.0,106.2,7.42,23.1,13.0,15.0,46.4,2.67,16.4157,88.2919,0.0
Orange,Silty,Normal,High,Citrus Canker,Low,No,0.361,35.3,27.3,92.8,112.5,6.31,4.0,9.9,7.4,45.0,2.35,8.128,71.5498,17.3
Papaya,Silty,Normal,High,Papaya Ring Spot Virus,Low,No,0.353,39.4,37.0,90.5,147.0,6.91,33.2,43.1,47.2,59.1,3.12,28.426,93.3418,16.1
Papaya,Clayey,Rainy,High,Papaya Ring Spot Virus,Low,No,0.567,72.9,24.0,90.8,248.1,6.99,54.3,54.1,53.7,58.7,3.0,20.1117,78.9641,1.4
Apple,Silty,Normal,High,Apple Scab,Low,No,0.29,44.9,23.8,92.4,109.5,6.43,4.4,141.8,196.7,87.5,4.51,35.4927,88.2424,11.1
Pomegranate,Sandy,Normal,High,Bacterial Blight,Low,No,0.403,44.1,20.5,92.2,104.5,6.96,12.7,16.3,42.7,52.7,3.18,35.4961,84.6299,4.2
Kidneybeans,Sandy,Normal,Low,None,Moderate,Yes,0.471,40.0,24.3,23.2,99.0,5.81,32.7,64.1,16.0,54.7,4.42,29.3448,82.3389,0.0
Mango,Clayey,Hot & Dry,Medium,Powdery Mildew,Moderate,Yes,0.343,36.1,34.9,45.1,89.0,6.02,2.4,25.3,33.7,54.4,3.31,13.1468,82.0612,15.6
Watermelon,Sandy,Normal,High,None,High,Yes,0.421,19.0,27.5,83.4,44.8,6.2,82.1,28.0,48.0,62.0,2.47,16.088,77.3097,12.7
Chickpea,Clayey,Normal,Low,None,Moderate,Yes,0.301,28.3,22.1,15.3,69.0,8.36,32.7,77.0,78.4,50.2,4.51,29.4306,94.3319,7.1
Grapes,Sandy,Normal,High,Powdery Mildew,Moderate,Yes,0.262,32.1,32.7,83.6,74.1,6.19,4.4,133.1,201.7,92.5,3.93,35.6276,96.932,14.9
Rice,Clayey,Rainy,High,Rice Blast,Low,No,0.625,82.6,25.6,82.8,280.5,6.11,72.5,48.9,41.5,65.5,3.49,28.9932,95.5913,12.6
Mothbeans,Sandy,Hot & Dry,High,Root Rot,Moderate,Yes,0.36,21.9,30.0,30.0,74.9,9.6,37.3,52.5,16.4,20.8,1.03,15.9627,78.6737,0.0
Papaya,Loamy,Rainy,High,Papaya Ring Spot Virus,Low,No,0.467,49.2,38.1,94.6,200.8,6.54,54.5,43.0,54.0,67.3,3.6,12.3692,81.7705,0.3
Pomegranate,Silty,Normal,High,Bacterial Blight,Low,No,0.325,43.6,22.1,92.6,105.4,6.93,34.8,5.2,44.8,54.6,2.91,30.6044,91.0189,0.0
Watermelon,Clayey,Normal,High,None,High,Yes,0.472,24.4,23.1,82.9,46.0,6.63,86.9,18.5,54.1,68.4,2.57,18.4835,80.7415,12.1
Jute,Loamy,Rainy,High,None,Low,No,0.508,50.5,26.6,77.9,160.1,6.12,85.6,44.9,44.3,65.3,5.24,33.8727,82.9103,0.0
Mungbean,Clayey,Normal,High,None,Moderate,Yes,0.288,11.1,28.5,88.1,51.7,7.17,28.0,45.1,21.1,48.1,3.34,32.895,87.7146,0.0
Kidneybeans,Sandy,Cool,Low,None,Low,No,0.45,50.6,19.1,22.7,148.6,5.93,2.4,78.8,16.0,52.7,5.57,23.4692,77.6074,16.4
Grapes,Silty,Normal,High,None,Moderate,Yes,0.271,12.7,32.4,80.5,68.1,5.5,6.1,142.4,198.5,81.4,5.35,9.7439,93.1228,15.4
Pomegranate,Clayey,Cool,High,Bacterial Blight,Low,No,0.385,48.2,19.8,91.6,112.4,5.8,16.8,5.4,36.0,49.5,3.24,20.076,86.1681,4.4
Pomegranate,Clayey,Normal,High,Bacterial Blight,Low,No,0.417,44.3,23.9,86.5,105.2,5.61,12.8,16.8,44.3,44.3,2.46,29.5335,92.567,3.9
Chickpea,Loamy,Normal,Low,None,Moderate,Yes,0.363,29.7,22.0,11.7,65.7,7.05,52.0,71.1,75.2,71.9,5.52,23.6858,74.7856,0.0
Mungbean,Clayey,Normal,High,None,Moderate,Yes,0.255,21.3,28.4,87.6,53.4,6.54,31.0,47.5,15.8,64.3,4.28,12.5418,91.8,0.0
Coffee,Loamy,Rainy,Low,None,Low,No,0.63,61.6,21.8,60.2,171.2,7.29,116.0,16.8,32.9,63.2,6.14,25.611,72.8211,4.8
Banana,Clayey,Normal,High,Panama Wilt,Moderate,Yes,0.685,26.1,28.6,77.8,91.9,6.42,110.4,81.9,47.3,74.3,3.42,25.4103,91.6084,3.5
Blackgram,Sandy,Normal,Low,None,Moderate,Yes,0.464,26.8,25.5,69.1,74.5,7.45,42.4,67.6,17.8,51.4,4.28,12.4764,89.2089,3.3
Orange,Loamy,Normal,High,Citrus Canker,Low,No,0.344,46.1,20.3,91.3,111.1,6.14,0.8,10.6,5.3,47.9,2.4,36.2633,89.8645,15.3
Coffee,Loamy,Normal,Medium,None,Low,No,0.551,39.2,25.8,66.7,121.3,6.18,100.4,27.4,26.1,60.7,5.97,24.5992,74.7136,0.0
Chickpea,Silty,Normal,Low,None,Moderate,Yes,0.392,35.1,25.7,10.3,75.7,7.63,38.9,67.1,77.5,58.7,4.78,14.0351,76.5194,0.9
Grapes,Loamy,Cool,High,Anthracnose,Moderate,Yes,0.391,30.0,15.0,81.9,67.9,5.56,16.2,143.6,199.4,77.5,3.17,20.6543,85.2321,4.6
Pigeonpeas,Loamy,Normal,Low,Fusarium Wilt,Low,No,0.38,42.0,32.9,53.4,123.7,5.35,14.2,76.4,22.9,43.9,3.39,17.5297,96.2539,5.2
Watermelon,Sandy,Normal,High,Anthracnose,High,Yes,0.514,12.8,20.5,86.7,43.9,6.1,96.7,12.2,50.6,62.4,1.65,15.079,79.1787,2.5
Cotton,Silty,Normal,Low,Bacterial Blight,Moderate,Yes,0.643,34.6,23.1,75.1,90.5,7.41,133.2,58.7,17.3,59.5,3.46,18.0261,73.2444,3.6
Muskmelon,Silty,Normal,High,None,High,Yes,0.598,13.0,25.5,91.3,24.9,6.4,115.2,12.3,53.7,69.6,3.01,32.8302,69.0713,3.3
Cotton,Clayey,Normal,High,Bacterial Blight,Moderate,Yes,0.638,31.5,20.3,78.1,75.6,7.15,101.6,59.6,19.6,67.8,3.36,8.9083,73.8165,17.5
Rice,Loamy,Rainy,High,Rice Blast,Low,No,0.722,86.4,30.8,84.2,288.4,6.45,80.6,40.1,44.0,67.8,4.27,17.0994,86.1221,7.5
Mungbean,Silty,Normal,High,None,Moderate,Yes,0.25,19.0,29.4,89.0,54.8,6.75,1.3,56.4,24.1,52.3,3.36,22.6827,73.2501,15.9
Pomegranate,Silty,Normal,High,Bacterial Blight,Low,No,0.388,45.8,24.0,89.4,110.7,6.33,30.5,8.0,37.6,61.6,3.7,23.9273,69.9336,4.8
Coconut,Loamy,Rainy,High,Root Wilt,Low,No,0.491,45.2,27.8,96.4,164.9,6.03,33.6,9.2,29.9,57.0,2.91,23.365,70.8977,2.9
Coffee,Sandy,Rainy,Medium,None,Low,No,0.667,65.4,21.9,64.3,181.5,6.09,120.0,34.5,33.8,64.7,6.95,8.6322,91.8258,1.0
Cotton,Sandy,Normal,Medium,None,Moderate,Yes,0.691,19.4,24.2,77.7,60.2,6.11,133.4,41.4,22.1,71.9,5.64,32.9821,71.5681,3.1
Pomegranate,Sandy,Normal,High,Bacterial Blight,Low,No,0.357,39.7,22.3,86.6,111.1,6.12,38.8,6.0,42.7,57.1,3.02,34.794,89.5366,0.0
Coconut,Silty,Rainy,High,Root Wilt,Low,No,0.576,63.0,25.7,98.6,211.0,5.61,28.4,19.4,32.4,44.3,2.88,36.7618,80.9153,4.6
Orange,Sandy,Normal,High,Citrus Canker,Low,No,0.419,25.9,34.5,93.3,119.1,7.09,36.1,16.5,10.6,45.1,2.82,12.1434,86.7792,2.1
Watermelon,Sandy,Normal,High,Anthracnose,Moderate,Yes,0.556,31.0,23.2,87.1,52.7,6.0,107.7,17.4,46.2,66.3,2.8,18.9336,91.0048,0.0
Kidneybeans,Silty,Normal,Low,None,Low,No,0.253,35.1,23.5,19.6,129.9,5.65,8.0,57.5,21.8,45.3,4.82,21.5927,80.7333,9.1
Banana,Loamy,Normal,High,Panama Wilt,Low,No,0.625,40.6,25.9,82.0,111.6,5.66,80.4,91.8,52.6,63.2,3.56,19.5315,95.0548,14.9
Muskmelon,Sandy,Normal,High,None,High,Yes,0.368,11.3,29.8,92.0,22.3,6.49,81.4,23.5,48.1,74.0,2.99,31.9587,79.1346,16.2
Orange,Clayey,Normal,High,Citrus Canker,Low,No,0.362,40.9,20.9,90.1,102.1,7.04,6.3,21.3,11.8,42.5,2.27,8.8558,86.0911,15.9
Blackgram,Loamy,Normal,High,Powdery Mildew,Moderate,Yes,0.321,31.1,31.7,68.2,65.8,7.21,23.7,58.4,22.9,50.8,2.48,16.0538,86.1891,15.6
Watermelon,Loamy,Normal,High,None,High,Yes,0.504,20.5,27.0,89.5,48.7,6.5,119.1,11.9,48.3,67.5,2.82,35.6536,81.1394,0.0
Blackgram,Sandy,Normal,High,None,Moderate,Yes,0.331,18.3,32.6,69.1,64.4,7.06,35.1,75.2,23.6,57.8,3.41,29.3171,87.3022,8.8
Rice,Sandy,Rainy,High,Rice Blast,Low,No,0.671,73.7,27.5,82.8,283.4,6.33,81.9,58.9,41.2,73.0,4.46,36.0522,83.8387,7.6
Mothbeans,Loamy,Normal,Medium,None,High,Yes,0.314,10.0,25.2,46.0,31.1,5.54,37.3,42.9,19.0,50.3,2.86,35.5928,93.3041,1.1
Mango,Sandy,Normal,Medium,Powdery Mildew,Low,No,0.245,38.1,30.2,50.9,101.7,5.04,3.0,29.6,29.7,34.7,2.14,9.918,96.814,14.5
Mothbeans,Sandy,Normal,Low,None,High,Yes,0.345,25.6,24.7,41.1,44.4,5.95,4.5,58.4,19.2,51.7,2.4,32.5587,90.9351,16.7
Muskmelon,Sandy,Normal,High,None,High,Yes,0.471,10.0,29.9,90.5,21.1,6.26,81.6,21.9,45.9,66.5,2.8,33.5119,87.0906,14.5
Pomegranate,Clayey,Normal,High,Bacterial Blight,Low,No,0.346,27.9,23.1,92.3,102.0,5.68,22.2,24.1,43.6,52.1,3.03,8.5254,82.9346,3.6
Cotton,Loamy,Normal,High,Bacterial Blight,Moderate,Yes,0.589,27.9,24.9,75.4,60.6,5.74,134.9,43.2,21.5,59.4,2.45,28.9297,69.3985,0.6
Blackgram,Loamy,Normal,High,Powdery Mildew,Moderate,Yes,0.294,12.5,31.6,68.1,60.6,7.09,33.7,71.0,22.2,54.8,2.49,16.8004,68.6392,4.0
Jute,Sandy,Rainy,High,Stem Rot,Low,No,0.498,48.1,29.1,89.3,188.8,7.24,63.0,57.8,43.8,62.0,3.32,30.5424,69.4957,17.3
Lentil,Clayey,Normal,Low,None,High,Yes,0.387,19.7,21.2,69.0,47.0,6.95,24.9,75.6,22.8,62.6,2.89,32.4594,89.6075,0.6
Coffee,Sandy,Rainy,Low,None,Low,No,0.659,48.1,27.6,57.8,187.5,6.74,94.2,32.9,33.7,61.9,6.64,24.5245,89.8602,4.7
Kidneybeans,Clayey,Cool,Low,None,Low,No,0.322,56.6,16.4,22.2,139.0,6.43,15.9,63.8,20.3,64.2,6.24,15.8653,89.0966,8.1
Apple,Sandy,Normal,High,Apple Scab,Low,No,0.421,44.4,20.5,91.1,109.1,6.37,15.4,122.4,196.9,89.8,4.58,8.3863,77.3644,5.2
Coconut,Sandy,Rainy,High,Root Wilt,Low,No,0.313,51.5,26.1,92.7,156.5,6.32,9.8,27.1,25.4,55.3,3.2,25.0958,68.4402,10.4
Mango,Clayey,Hot & Dry,Low,Powdery Mildew,Moderate,Yes,0.375,20.8,34.2,49.1,94.2,4.86,15.2,19.9,28.7,33.6,1.96,14.6902,75.3752,5.5
Cotton,Clayey,Normal,High,None,Moderate,Yes,0.702,38.6,24.8,81.3,82.4,6.44,129.6,52.6,25.0,71.7,4.97,22.4169,87.6604,0.0
Pigeonpeas,Sandy,Normal,Low,None,Low,No,0.377,47.5,20.9,45.5,121.5,6.78,22.6,64.1,24.1,61.6,6.53,16.1744,75.1545,0.0
Mungbean,Silty,Normal,High,None,High,Yes,0.261,18.9,29.5,84.3,45.7,6.99,7.5,41.0,22.0,47.2,2.36,15.4532,81.98,12.5
Maize,Loamy,Cool,Low,None,Moderate,Yes,0.574,36.9,18.7,55.0,72.5,5.85,88.5,37.4,21.6,55.8,4.52,28.6355,90.7896,3.3
Jute,Silty,Rainy,Medium,Anthracnose,Low,No,0.581,44.3,22.8,72.7,161.3,6.32,68.9,56.7,42.5,64.7,4.37,21.2294,78.5012,11.6
Maize,Clayey,Normal,High,None,Low,No,0.453,32.5,24.3,61.9,106.8,5.64,66.6,37.7,23.0,58.6,4.81,24.8906,79.4908,14.1
Apple,Clayey,Normal,High,Apple Scab,Low,No,0.371,47.1,24.1,90.1,116.7,6.25,21.7,132.6,198.0,91.7,4.81,17.0211,89.8317,0.0
Grapes,Sandy,Normal,High,None,Moderate,Yes,0.36,15.8,29.8,80.9,66.3,5.84,23.0,143.8,203.3,91.6,5.5,28.668,88.4182,1.3
Pomegranate,Loamy,Normal,High,Bacterial Blight,Low,No,0.362,37.6,21.7,92.9,111.4,6.28,16.5,29.7,41.4,60.0,3.32,28.8408,90.6278,3.1
Coconut,Sandy,Rainy,High,Root Wilt,Low,No,0.402,67.5,27.8,97.5,220.5,5.67,5.4,29.3,26.1,41.7,2.42,20.2531,79.6298,11.1
Coconut,Clayey,Rainy,High,None,Low,No,0.452,61.1,29.8,99.4,194.5,6.38,15.2,25.8,27.9,57.4,4.73,26.6993,68.674,2.1
Lentil,Loamy,Normal,High,None,High,Yes,0.226,15.3,25.2,64.0,41.4,6.14,7.1,75.4,21.7,55.4,2.27,26.3415,90.7506,15.2
Rice,Sandy,Rainy,High,Rice Blast,Low,No,0.725,82.9,32.6,81.8,285.0,6.74,99.8,35.2,42.1,68.6,4.31,20.2826,88.4093,0.0
Pomegranate,Sandy,Normal,High,Bacterial Blight,Low,No,0.449,27.3,25.0,86.1,107.0,5.69,32.6,10.0,35.4,49.7,2.67,14.7284,80.5286,0.6
Muskmelon,Loamy,Normal,High,None,High,Yes,0.588,13.3,29.5,93.9,28.0,6.07,107.2,17.4,47.1,65.1,2.31,28.5569,85.1184,2.2
Lentil,Loamy,Normal,Medium,None,High,Yes,0.293,10.0,28.7,66.3,35.6,7.23,0.0,77.8,15.8,52.8,3.14,19.3981,88.5315,16.9
Apple,Silty,Normal,High,Apple Scab,Low,No,0.485,31.1,24.2,94.6,103.0,5.59,33.3,126.8,196.5,78.9,4.77,30.6964,89.325,0.0
Mango,Silty,Hot & Dry,Low,Powdery Mildew,Moderate,Yes,0.385,32.1,34.2,48.7,92.2,4.86,30.3,24.7,34.9,41.7,2.04,36.118,90.0188,3.2
Coffee,Loamy,Normal,Low,None,Low,No,0.665,47.8,26.0,66.2,134.1,7.26,100.0,28.1,27.2,63.2,6.09,25.6724,86.5313,2.3
Coffee,Loamy,Normal,High,None,Low,No,0.603,43.0,25.7,53.5,149.7,7.44,96.2,38.3,26.1,53.8,4.51,32.2683,79.4042,8.0
Mungbean,Silty,Normal,High,None,Moderate,Yes,0.346,13.4,28.2,87.1,59.8,6.18,40.0,36.5,18.9,54.9,3.81,35.843,88.6568,2.5
Pomegranate,Clayey,Normal,High,Bacterial Blight,Low,No,0.482,41.8,23.2,88.6,111.3,6.8,33.6,17.5,35.9,56.4,3.6,21.9992,86.2297,0.0
Cotton,Loamy,Normal,Low,Bacterial Blight,Moderate,Yes,0.612,32.3,22.3,82.0,71.9,6.17,112.7,53.7,18.9,63.8,4.01,19.1412,90.2018,10.4
Banana,Clayey,Normal,High,None,Low,No,0.513,37.6,29.7,75.1,107.2,6.16,91.7,83.7,54.7,69.9,5.45,31.6458,80.2001,5.7
Blackgram,Sandy,Normal,Low,None,Moderate,Yes,0.39,15.0,25.8,65.0,62.0,6.58,37.4,68.6,20.4,62.3,4.96,19.9966,70.4642,3.1
Mango,Silty,Hot & Dry,Low,None,Moderate,Yes,0.346,33.0,31.9,48.6,95.9,4.82,13.4,30.0,26.6,38.5,3.31,30.2656,83.8612,9.3
Mothbeans,Silty,Normal,Medium,None,Moderate,Yes,0.248,24.1,31.6,51.7,57.6,6.35,24.3,40.6,17.4,55.1,4.23,23.2612,76.9843,3.2
Lentil,Sandy,Normal,High,None,High,Yes,0.186,27.5,23.5,61.5,37.1,6.54,16.5,71.9,18.2,67.7,2.83,9.4244,83.6554,3.0
Pomegranate,Silty,Normal,High,Bacterial Blight,Low,No,0.4,27.3,23.2,88.4,100.2,5.67,32.8,28.5,42.5,51.7,3.24,15.5398,82.4869,0.0
Mungbean,Clayey,Normal,High,None,Moderate,Yes,0.265,24.9,29.9,83.8,54.6,7.25,17.9,55.3,22.3,48.7,3.17,16.0186,84.6482,6.5
Mungbean,Sandy,Normal,High,None,Moderate,Yes,0.301,14.0,27.5,88.7,58.0,7.04,38.1,49.4,23.6,60.4,3.96,13.9953,93.696,1.5
Pomegranate,Silty,Cool,High,Bacterial Blight,Low,No,0.373,32.4,18.8,87.9,109.5,5.98,39.5,6.3,44.6,53.0,2.8,10.205,78.3067,2.1
Muskmelon,Silty,Normal,High,None,High,Yes,0.503,10.0,27.9,93.8,25.8,6.47,89.4,29.3,48.8,73.0,2.97,13.9446,80.7954,10.1
Mango,Sandy,Normal,Medium,Powdery Mildew,Low,No,0.353,26.7,31.0,51.8,102.4,6.76,21.0,35.2,30.1,60.1,4.54,25.4269,79.3188,4.4
Blackgram,Silty,Normal,Medium,None,Moderate,Yes,0.352,16.8,27.5,64.8,66.6,6.78,53.8,63.0,18.4,63.0,5.46,10.1085,92.8588,2.3
Papaya,Loamy,Rainy,High,Papaya Ring Spot Virus,Low,No,0.534,68.1,29.3,93.0,218.2,6.83,60.2,55.8,49.7,69.1,4.3,17.3869,68.3566,0.0
Kidneybeans,Clayey,Cool,Low,None,Low,No,0.317,49.3,17.8,18.2,111.4,6.07,17.5,64.5,20.5,54.5,5.53,36.4396,73.4649,1.6
Maize,Loamy,Normal,High,Maize Rust,Moderate,Yes,0.578,34.7,20.4,72.5,95.7,5.79,91.0,54.1,18.4,64.6,3.24,22.6093,89.1768,0.0
Grapes,Clayey,Normal,High,Powdery Mildew,Moderate,Yes,0.387,28.4,32.4,81.6,71.5,5.97,36.6,133.1,200.6,91.6,3.62,9.3747,95.0271,1.2
Coconut,Sandy,Rainy,High,Root Wilt,Low,No,0.465,53.7,27.2,93.8,177.5,5.53,25.6,17.9,27.5,48.1,3.0,27.8974,76.4778,5.0
Coffee,Silty,Rainy,High,None,Low,No,0.688,52.8,21.6,62.2,199.1,7.46,81.9,32.6,31.0,50.3,3.87,35.5376,79.7381,13.6
Orange,Clayey,Cool,High,Citrus Canker,Low,No,0.325,30.7,18.3,91.5,107.0,6.12,6.3,12.2,7.4,47.2,2.96,29.0276,90.8646,10.1
Jute,Sandy,Rainy,High,Stem Rot,Low,No,0.56,46.5,27.9,86.9,151.7,6.69,72.6,37.3,43.8,61.6,3.31,23.968,68.0644,5.3
Grapes,Loamy,Normal,High,Anthracnose,Moderate,Yes,0.295,29.0,24.7,84.4,65.3,6.45,13.5,135.7,196.4,87.7,3.61,20.0468,73.2685,8.6
Papaya,Clayey,Normal,High,Papaya Ring Spot Virus,Low,No,0.528,51.2,30.6,90.1,141.5,6.97,34.3,44.7,47.4,56.4,3.63,24.6316,76.9952,12.1
Kidneybeans,Clayey,Normal,Low,None,Low,No,0.369,28.4,21.9,20.7,107.6,6.33,19.2,55.1,23.9,60.4,6.35,34.9371,80.2782,0.0
Papaya,Sandy,Rainy,High,Papaya Ring Spot Virus,Low,No,0.58,62.5,38.9,92.4,236.1,6.69,45.8,43.4,49.1,62.1,3.18,35.3598,89.9592,6.1
Muskmelon,Loamy,Normal,High,None,High,Yes,0.562,18.0,25.1,90.2,28.3,6.16,99.3,21.5,48.5,68.7,3.18,31.3718,83.3294,0.0
Banana,Sandy,Normal,High,None,Moderate,Yes,0.667,21.9,27.4,76.5,94.6,6.03,99.4,77.3,48.6,69.3,4.72,35.1533,76.7863,0.2
Grapes,Sandy,Normal,High,Powdery Mildew,Moderate,Yes,0.341,32.1,32.5,84.1,71.4,5.59,15.2,133.1,196.2,75.9,3.45,26.9777,69.3061,2.2
Pomegranate,Silty,Normal,High,Bacterial Blight,Low,No,0.414,37.2,21.9,86.4,100.3,6.44,13.4,12.5,44.5,59.8,3.29,15.0179,80.6757,5.7
Jute,Sandy,Rainy,Medium,Stem Rot,Low,No,0.585,44.6,22.3,83.1,160.9,6.32,93.0,58.6,44.2,68.5,5.23,10.8211,69.1131,3.1
Blackgram,Silty,Normal,High,Powdery Mildew,Moderate,Yes,0.441,24.0,33.7,66.7,69.7,6.76,34.0,74.6,22.7,66.0,3.19,9.0213,69.1782,3.1
Mango,Silty,Normal,High,None,Moderate,Yes,0.397,34.8,25.2,52.0,99.5,6.68,8.5,37.7,32.1,59.5,3.76,16.7461,87.9353,9.9
Muskmelon,Loamy,Normal,High,None,High,Yes,0.554,21.6,26.1,92.5,25.9,6.01,82.0,19.5,54.5,67.2,2.57,26.1745,76.5277,16.6
Coffee,Sandy,Normal,Low,None,Low,No,0.525,45.5,23.8,56.5,144.7,7.39,87.2,17.4,25.5,49.7,4.77,19.6706,82.5168,11.0
Mothbeans,Silty,Normal,High,Root Rot,Moderate,Yes,0.36,20.9,31.4,61.7,72.4,7.65,31.5,58.6,20.8,48.0,2.03,14.3937,89.9949,3.4
Kidneybeans,Sandy,Cool,Low,None,Low,No,0.496,45.6,18.8,24.4,135.1,5.58,37.3,55.9,17.8,54.7,5.38,11.0389,73.3753,0.0
Mango,Loamy,Normal,Low,Powdery Mildew,Moderate,Yes,0.466,23.8,31.0,52.9,90.7,6.35,27.3,27.5,31.3,60.2,3.72,24.1734,75.3744,1.5
Watermelon,Silty,Normal,High,None,Moderate,Yes,0.55,17.8,28.1,84.4,58.6,6.59,85.4,20.1,53.1,65.2,4.44,22.0894,87.137,10.5
Watermelon,Loamy,Normal,High,None,High,Yes,0.462,15.1,28.0,84.4,47.0,6.12,90.5,24.1,47.7,63.3,2.89,20.477,72.4206,6.2
Papaya,Clayey,Normal,High,Papaya Ring Spot Virus,Low,No,0.515,43.3,28.9,94.2,113.8,6.79,40.2,38.1,51.9,63.4,3.55,34.1759,82.5962,6.2
Lentil,Clayey,Cool,Medium,None,High,Yes,0.258,13.0,18.2,61.6,42.8,5.64,25.9,68.1,16.7,53.2,2.45,30.7075,72.3919,1.3
Muskmelon,Loamy,Normal,High,None,High,Yes,0.556,10.0,27.2,94.6,22.9,6.21,89.9,8.9,49.1,64.5,2.51,19.1593,96.1164,10.6
Muskmelon,Silty,Normal,High,None,High,Yes,0.483,13.3,27.9,91.3,27.9,6.31,110.1,19.6,46.5,70.6,3.19,29.7577,79.6953,1.5
Cotton,Silty,Normal,Low,Bacterial Blight,Moderate,Yes,0.624,26.1,21.1,81.5,85.8,7.3,138.6,35.1,21.9,60.0,3.63,13.9854,71.1118,1.2
Rice,Loamy,Rainy,High,None,Low,No,0.559,58.0,31.1,82.7,165.3,5.47,80.5,42.6,44.2,60.7,4.87,16.1069,91.7163,6.7
Watermelon,Loamy,Normal,High,None,Moderate,Yes,0.522,29.1,26.0,85.0,54.8,6.84,85.4,6.5,46.2,67.0,4.61,27.3764,74.9881,13.1
Kidneybeans,Clayey,Normal,Low,None,Low,No,0.417,30.6,23.6,20.8,120.6,5.58,14.4,61.2,23.1,48.5,4.83,16.4014,69.0983,3.5
Jute,Clayey,Rainy,High,Stem Rot,Low,No,0.68,52.1,24.9,82.8,196.7,6.2,67.0,38.6,43.6,67.2,3.54,30.9702,75.0967,8.7
Watermelon,Loamy,Normal,High,Anthracnose,Moderate,Yes,0.5,28.1,20.8,88.7,57.8,6.84,85.0,6.5,47.9,61.5,2.94,26.6345,73.3341,16.7
Orange,Sandy,Normal,High,Citrus Canker,Low,No,0.439,40.6,23.3,92.1,107.8,6.14,15.8,28.3,5.5,47.7,2.55,36.5835,69.5636,6.1
Muskmelon,Silty,Normal,High,None,High,Yes,0.373,10.0,25.1,93.1,29.5,6.3,83.3,12.0,47.0,68.4,2.47,8.2109,73.1409,15.9
Pomegranate,Clayey,Normal,High,Bacterial Blight,Low,No,0.392,30.0,22.6,91.2,112.6,6.57,19.7,17.8,38.3,55.1,3.05,13.0492,85.2856,4.0
Mothbeans,Sandy,Hot & Dry,Medium,None,High,Yes,0.293,19.2,31.7,43.1,43.4,3.74,5.4,46.3,21.8,20.3,1.01,14.807,70.4742,13.4
Pomegranate,Silty,Cool,Medium,Bacterial Blight,Low,No,0.397,35.2,18.4,93.1,108.6,6.75,14.4,11.7,40.5,54.1,4.15,15.0233,92.4259,5.0
Jute,Loamy,Rainy,High,Stem Rot,Low,No,0.516,55.1,29.2,80.9,168.0,6.81,86.0,51.2,37.8,69.9,4.2,11.3515,90.8968,0.0
Chickpea,Silty,Normal,Low,Ascochyta Blight,Moderate,Yes,0.481,23.9,25.6,10.0,72.1,6.08,51.7,74.1,84.9,69.5,3.66,19.7655,70.6284,2.3
Mungbean,Loamy,Normal,High,None,High,Yes,0.447,10.0,27.0,89.4,39.4,6.25,39.6,58.0,18.3,61.6,2.27,19.2035,92.2985,0.0
Kidneybeans,Sandy,Normal,Low,None,Low,No,0.384,27.6,24.5,16.9,102.8,5.51,15.2,62.3,24.0,51.5,5.44,9.3398,90.1099,6.1
Jute,Clayey,Rainy,High,None,Low,No,0.591,61.0,29.0,70.2,187.9,7.26,82.9,35.7,35.7,61.4,5.25,36.9346,78.5792,0.6
Apple,Silty,Normal,High,Apple Scab,Low,No,0.47,50.5,20.5,93.3,117.6,5.53,32.0,126.0,196.8,83.3,4.22,20.0122,89.5322,0.0
Pomegranate,Clayey,Normal,High,Bacterial Blight,Low,No,0.28,36.7,21.1,89.4,104.5,5.62,23.2,29.2,38.7,48.8,2.83,27.7858,94.9691,3.9
Apple,Loamy,Normal,High,Apple Scab,Low,No,0.407,46.0,22.0,90.6,123.6,6.03,27.8,136.9,198.5,92.1,4.62,15.229,81.8432,0.0
Kidneybeans,Clayey,Cool,Low,None,Moderate,Yes,0.272,31.5,16.2,17.9,88.1,6.31,3.7,61.5,22.2,57.3,5.03,20.8664,94.7696,14.3
Lentil,Loamy,Normal,Low,None,Moderate,Yes,0.295,23.8,22.9,66.0,53.9,6.12,3.7,77.3,15.0,56.3,4.92,26.8363,91.0564,17.6
Grapes,Loamy,Cool,High,Anthracnose,Moderate,Yes,0.292,26.2,11.3,83.3,66.0,5.54,35.3,122.2,195.3,77.6,3.68,26.8493,81.1972,0.0
Blackgram,Sandy,Normal,High,Powdery Mildew,Moderate,Yes,0.341,24.5,34.6,64.2,61.0,6.51,58.6,66.8,18.8,69.3,3.43,28.9612,88.5786,4.1
Papaya,Loamy,Rainy,High,Papaya Ring Spot Virus,Low,No,0.514,70.0,25.1,94.4,200.1,6.6,62.8,38.7,47.9,69.3,4.38,17.196,76.4576,0.8
Watermelon,Loamy,Normal,High,Anthracnose,High,Yes,0.592,18.2,21.3,89.5,48.5,6.06,85.8,27.7,50.3,66.6,1.78,9.5896,83.0371,16.0
Cotton,Sandy,Normal,Medium,Bacterial Blight,Moderate,Yes,0.619,20.3,23.1,77.4,76.9,7.34,132.4,37.4,22.0,64.5,3.46,34.8375,70.8579,1.0
Lentil,Loamy,Normal,Low,None,High,Yes,0.38,15.7,27.3,66.5,36.9,6.08,23.2,62.9,19.3,62.1,3.04,20.3335,93.6591,0.0
Kidneybeans,Silty,Normal,Low,None,Low,No,0.41,42.0,21.0,21.8,108.2,6.14,30.3,55.3,20.0,56.2,5.97,23.2798,96.5339,0.0
Coffee,Silty,Normal,Low,None,Low,No,0.637,41.1,22.8,56.1,131.4,6.75,92.9,36.5,27.8,67.7,6.95,8.9984,87.2808,7.2
Mango,Clayey,Normal,Medium,Bacterial Canker,Low,No,0.283,29.1,25.8,53.1,100.9,6.26,6.2,38.8,33.4,51.4,3.39,17.4967,79.537,13.0
Muskmelon,Clayey,Normal,High,None,High,Yes,0.457,16.1,25.8,90.1,26.6,6.36,90.7,5.4,51.2,66.3,2.56,29.1677,79.3266,8.9
Grapes,Loamy,Normal,High,None,Moderate,Yes,0.302,27.6,28.3,80.9,74.4,5.58,37.9,138.5,201.1,87.6,5.56,26.4515,94.9785,0.7
Apple,Loamy,Normal,High,Apple Scab,Low,No,0.354,45.7,22.6,92.7,116.4,6.24,20.5,142.3,201.1,87.6,4.84,21.3501,84.8945,2.2
Papaya,Clayey,Normal,High,Papaya Ring Spot Virus,Low,No,0.372,34.4,27.1,90.4,142.1,6.66,35.9,55.6,46.6,66.8,4.2,33.8657,71.5753,10.5
Muskmelon,Clayey,Normal,High,None,High,Yes,0.473,10.0,25.9,94.0,27.1,6.25,108.0,28.9,47.6,71.0,2.74,34.3379,70.9357,4.3
Pigeonpeas,Sandy,Normal,High,Fusarium Wilt,Low,No,0.334,30.6,31.1,65.9,130.7,5.28,0.5,61.3,15.3,44.3,2.97,27.2128,96.8949,14.6
Banana,Clayey,Normal,High,Panama Wilt,Low,No,0.625,35.8,29.5,83.6,100.8,6.07,89.0,91.7,51.4,72.9,4.41,22.1683,81.3496,9.2
Pigeonpeas,Loamy,Rainy,High,Fusarium Wilt,Low,No,0.297,37.9,39.1,61.4,154.1,4.71,8.9,73.0,16.0,32.8,1.57,8.8521,77.517,9.5
Coffee,Clayey,Rainy,High,None,Low,No,0.659,63.5,25.8,69.1,183.1,7.25,81.8,36.7,29.1,54.5,4.24,12.9337,68.968,16.0
Blackgram,Loamy,Normal,High,Powdery Mildew,Moderate,Yes,0.404,16.7,33.1,60.6,71.5,7.27,40.9,63.0,22.0,58.1,3.09,36.2734,84.2939,1.1
Orange,Loamy,Normal,High,Citrus Canker,Low,No,0.275,31.3,33.7,90.6,114.8,7.22,8.2,20.4,6.2,39.6,2.39,20.9448,78.7989,11.8
Chickpea,Silty,Normal,Low,None,Moderate,Yes,0.46,24.9,25.7,15.4,89.1,7.86,57.0,76.1,78.0,58.3,4.8,10.7758,90.9962,1.1
Coffee,Clayey,Rainy,Medium,None,Low,No,0.721,46.0,28.4,56.3,187.1,6.05,90.0,21.7,26.7,59.0,6.36,23.0447,92.7676,12.4
Papaya,Clayey,Rainy,High,Papaya Ring Spot Virus,Low,No,0.492,65.3,23.5,92.8,176.9,6.59,58.9,51.7,52.8,64.7,3.55,21.9561,96.2833,3.3
Banana,Loamy,Normal,High,None,Moderate,Yes,0.657,38.3,25.4,78.7,93.0,6.27,100.6,88.4,47.2,73.6,4.71,20.0667,93.8594,0.0
Coffee,Sandy,Rainy,Medium,None,Low,No,0.722,66.1,20.9,61.5,174.7,7.48,107.9,20.3,34.1,61.2,5.84,15.1022,73.9613,0.0
Mungbean,Silty,Normal,High,None,Moderate,Yes,0.285,23.8,28.9,89.7,58.7,6.01,10.2,36.4,19.9,48.5,3.27,33.4945,93.9885,7.8
Mango,Silty,Normal,Low,None,Low,No,0.323,30.8,26.0,46.8,104.5,5.18,20.7,16.1,26.4,39.6,4.36,34.7085,69.758,1.0
Banana,Silty,Normal,High,Panama Wilt,Low,No,0.63,40.7,26.7,83.9,117.5,5.88,113.4,84.4,51.1,68.6,4.14,8.992,78.0219,1.8
Coffee,Silty,Rainy,High,None,Low,No,0.657,61.4,27.0,64.0,198.1,6.02,118.8,15.6,27.3,66.3,5.76,29.6763,76.0527,1.0
Muskmelon,Sandy,Normal,High,None,High,Yes,0.503,21.1,28.9,94.1,22.9,6.22,120.0,23.6,52.2,68.1,3.16,34.774,87.3135,0.9
Lentil,Loamy,Normal,Low,None,High,Yes,0.267,14.0,26.8,66.5,47.0,7.1,0.4,74.7,15.5,57.0,2.76,26.2025,76.7934,13.9
Jute,Loamy,Rainy,High,None,Low,No,0.583,47.0,25.7,86.9,163.6,7.18,81.6,44.7,39.8,58.7,4.63,8.6525,88.6831,0.0
Mango,Clayey,Normal,Medium,None,Moderate,Yes,0.257,29.6,27.1,52.3,93.8,5.84,10.1,26.5,30.3,46.7,3.55,20.861,69.755,12.7
Orange,Sandy,Cool,Low,Citrus Canker,Low,No,0.239,50.5,12.0,94.9,113.4,6.17,1.6,16.8,8.3,47.1,3.09,24.4182,85.4482,14.9
Kidneybeans,Silty,Normal,Low,None,Moderate,Yes,0.292,21.0,24.3,15.7,66.4,6.0,13.5,55.5,23.7,58.9,5.11,31.7382,92.1614,3.9
Maize,Loamy,Cool,Medium,None,Moderate,Yes,0.442,28.7,19.9,60.0,80.1,6.38,87.6,57.3,22.8,73.8,6.34,16.0638,85.2177,0.0
Jute,Clayey,Rainy,Medium,None,Low,No,0.592,55.1,26.8,71.7,161.4,7.0,80.2,57.6,36.8,68.4,6.76,29.6305,87.7402,3.4
Cotton,Sandy,Normal,Low,Bacterial Blight,Moderate,Yes,0.621,38.5,23.7,78.2,88.7,6.65,132.7,38.9,20.8,76.6,4.45,16.9765,77.853,3.3
Papaya,Silty,Rainy,High,Papaya Ring Spot Virus,Low,No,0.541,43.8,36.5,90.8,157.7,6.87,40.2,45.1,53.8,62.6,3.74,27.5336,81.8429,11.5
Coconut,Clayey,Normal,High,Root Wilt,Low,No,0.314,44.9,26.6,92.7,140.6,5.65,18.8,10.1,30.3,41.5,2.27,20.6213,81.2742,1.9
Grapes,Clayey,Cool,Low,Anthracnose,Moderate,Yes,0.306,29.3,11.9,80.9,68.8,5.86,30.1,137.3,195.8,87.9,4.87,22.3903,94.9221,0.0
Mango,Silty,Normal,Medium,Powdery Mildew,Moderate,Yes,0.399,37.8,26.2,51.3,93.7,6.61,16.8,36.4,28.2,60.9,3.79,30.7678,81.8466,3.9
Kidneybeans,Sandy,Normal,Medium,None,Low,No,0.477,52.5,23.5,24.4,147.2,5.56,10.9,63.9,19.5,50.3,4.93,16.1831,86.5571,10.8
Cotton,Sandy,Normal,Medium,Bacterial Blight,Moderate,Yes,0.756,26.2,20.7,78.9,79.6,6.76,135.1,43.0,23.1,73.9,4.11,27.404,81.7286,4.6
Coffee,Clayey,Rainy,Low,None,Low,No,0.579,62.9,22.7,53.7,198.5,7.06,96.4,21.1,28.4,58.6,5.69,34.9275,81.6343,4.6
Pigeonpeas,Silty,Rainy,High,None,Low,No,0.504,48.4,37.4,49.9,151.1,7.34,19.0,69.3,21.7,55.4,4.46,20.2864,85.6937,0.0
Jute,Sandy,Rainy,Low,Stem Rot,Low,No,0.674,64.8,23.1,80.8,188.5,6.96,67.5,46.6,41.8,60.7,4.34,32.1003,91.2571,11.0
Blackgram,Silty,Normal,Low,Powdery Mildew,Moderate,Yes,0.336,32.5,30.3,61.4,66.3,6.99,39.1,76.8,19.7,60.8,3.45,17.6765,92.7814,3.5
Mothbeans,Loamy,Normal,Medium,None,Moderate,Yes,0.203,22.7,27.1,33.0,51.4,6.28,13.7,39.4,15.4,51.8,3.86,9.8361,74.257,9.0
Pomegranate,Sandy,Normal,High,Bacterial Blight,Low,No,0.393,44.9,24.6,89.8,112.5,5.85,33.0,19.5,36.4,48.5,2.86,10.6183,79.0007,2.0
Mango,Clayey,Normal,High,Powdery Mildew,Low,No,0.315,22.9,31.9,50.7,103.0,5.25,36.3,30.3,26.2,39.8,2.41,10.7385,80.6047,0.5
Mango,Silty,Normal,Medium,Powdery Mildew,Low,No,0.41,40.8,33.1,53.3,103.1,5.91,3.8,17.1,26.5,48.5,3.61,15.3604,74.2884,17.6
Pomegranate,Silty,Normal,High,Bacterial Blight,Low,No,0.365,32.7,21.4,93.8,113.3,6.51,33.1,18.9,37.1,60.9,3.5,16.8882,83.9469,3.4
Maize,Loamy,Normal,Medium,None,Moderate,Yes,0.465,34.1,20.2,64.0,94.2,6.69,89.4,35.2,24.8,63.1,4.78,32.4016,78.2225,0.0
Muskmelon,Silty,Normal,High,None,High,Yes,0.562,10.0,28.3,91.5,25.1,6.39,104.7,8.6,53.6,73.8,3.36,29.2803,93.5109,1.7
Lentil,Loamy,Normal,Low,None,High,Yes,0.295,25.5,24.3,64.4,44.8,5.83,34.4,57.0,16.7,52.8,2.69,28.4438,92.851,0.0
Grapes,Loamy,Cool,Medium,None,Moderate,Yes,0.311,34.6,13.8,83.7,68.2,5.6,34.6,143.9,198.8,79.8,6.15,33.9787,81.3456,0.0
Chickpea,Sandy,Normal,Low,None,Moderate,Yes,0.35,30.1,26.8,12.5,92.8,5.67,25.4,74.4,77.8,64.6,5.5,17.2177,70.2895,11.2
Mungbean,Clayey,Normal,High,None,High,Yes,0.417,27.4,27.3,83.2,44.9,6.45,36.1,51.5,15.3,58.1,2.06,28.2232,69.9025,2.6
Muskmelon,Silty,Normal,High,None,High,Yes,0.432,10.0,27.3,92.1,25.0,6.01,91.0,9.8,54.1,58.4,2.23,25.2714,91.5273,9.8
Chickpea,Clayey,Normal,Low,None,Moderate,Yes,0.488,34.1,28.2,12.9,69.7,6.02,53.7,76.9,76.0,70.1,5.85,15.5712,96.5019,0.9
Mungbean,Clayey,Normal,High,None,Moderate,Yes,0.28,12.7,28.8,89.3,57.9,6.08,21.0,43.4,23.5,59.5,3.54,16.0257,81.6579,0.0
Papaya,Sandy,Normal,High,Papaya Ring Spot Virus,Low,No,0.422,20.1,39.3,91.7,106.3,6.54,58.4,35.8,52.9,63.9,3.99,34.709,86.187,0.0
Pigeonpeas,Loamy,Rainy,High,Fusarium Wilt,Low,No,0.452,53.7,37.6,64.5,197.9,6.89,19.3,70.0,16.9,57.1,3.3,33.8376,78.9047,0.8
Mango,Loamy,Normal,High,None,Moderate,Yes,0.25,36.2,29.0,47.6,96.8,4.64,0.3,21.8,26.8,29.6,1.86,15.4777,71.0709,17.4
Apple,Silty,Normal,High,Apple Scab,Low,No,0.483,26.1,22.8,94.1,101.4,5.6,31.1,122.7,196.2,76.6,4.25,34.4042,69.2191,0.0
Apple,Sandy,Normal,High,Apple Scab,Low,No,0.346,44.7,24.4,91.3,102.3,6.23,29.5,129.5,204.6,94.1,4.57,26.2455,83.371,0.0
Mango,Silty,Normal,Low,None,Low,No,0.478,32.5,27.3,51.7,104.6,6.14,33.9,16.6,33.2,52.9,5.2,19.9184,84.3398,1.5
Pomegranate,Clayey,Normal,High,Bacterial Blight,Low,No,0.236,37.6,24.8,91.6,109.8,5.62,6.0,27.7,35.1,50.0,2.88,27.4791,74.5433,14.4
Muskmelon,Loamy,Normal,High,None,High,Yes,0.402,18.2,26.6,90.6,20.8,6.23,95.7,23.4,51.8,66.8,2.74,29.9754,71.2156,6.7
Rice,Silty,Rainy,High,Rice Blast,Low,No,0.564,62.6,25.0,82.5,204.4,7.43,60.3,46.2,39.7,54.2,3.08,22.155,87.9537,26.0
Mothbeans,Clayey,Normal,Medium,None,High,Yes,0.349,20.8,26.4,64.6,30.5,5.18,31.9,39.4,22.6,39.0,2.25,26.0426,83.5073,0.0
Muskmelon,Sandy,Normal,High,None,High,Yes,0.469,14.3,29.5,93.4,26.9,6.05,116.5,12.0,51.9,69.2,3.17,19.3413,89.3009,1.7
Papaya,Loamy,Rainy,High,Papaya Ring Spot Virus,Low,No,0.424,50.9,28.8,92.0,151.7,6.56,31.2,39.4,52.7,68.1,4.17,9.1161,70.026,15.9
Jute,Loamy,Rainy,High,None,Low,No,0.527,48.4,27.2,79.2,168.6,6.34,66.7,36.2,41.5,69.6,5.62,18.9848,70.2298,13.5
Pigeonpeas,Sandy,Rainy,Low,None,Low,No,0.462,62.8,25.6,64.4,172.1,7.27,39.3,65.1,23.1,51.2,5.13,22.1571,94.8577,3.7
Cotton,Silty,Normal,Low,Bacterial Blight,Moderate,Yes,0.586,16.5,20.2,80.5,60.8,7.39,105.9,43.2,17.8,57.5,3.65,33.0007,82.4425,9.9
Papaya,Clayey,Normal,High,Anthracnose,High,Yes,0.409,19.2,25.0,90.3,40.9,6.53,66.6,50.9,47.9,70.5,2.3,14.7117,68.7923,0.0
Watermelon,Silty,Normal,High,None,Moderate,Yes,0.558,23.2,26.5,84.1,52.2,6.71,82.5,22.5,48.1,70.0,4.86,15.1043,78.8159,17.6
Pomegranate,Loamy,Normal,High,Bacterial Blight,Low,No,0.256,38.1,22.4,94.5,112.3,6.62,11.3,27.1,44.8,54.9,3.12,18.6815,96.9358,5.0
Maize,Loamy,Normal,High,None,Low,No,0.599,31.1,28.3,72.9,107.5,6.32,72.8,50.8,15.5,64.6,5.26,8.7065,72.6375,4.9
Banana,Loamy,Normal,High,None,Low,No,0.609,35.0,26.1,75.1,118.9,6.19,111.4,81.1,48.4,74.4,5.78,21.5753,70.6643,1.1
Orange,Sandy,Cool,Low,Citrus Canker,Low,No,0.421,38.5,10.3,91.8,117.3,6.31,19.0,24.0,12.7,54.6,3.81,10.6851,76.3953,0.0
Rice,Clayey,Rainy,High,Rice Blast,Low,No,0.691,71.1,25.5,84.9,214.2,5.17,89.6,50.8,35.4,50.1,3.01,30.7532,79.0975,2.4
Coconut,Loamy,Rainy,High,Root Wilt,Low,No,0.36,51.8,28.1,90.4,194.1,6.44,10.6,10.7,29.7,50.9,2.88,9.3156,70.3477,7.6
Kidneybeans,Sandy,Normal,Low,None,Low,No,0.286,43.6,21.2,16.4,149.0,5.81,8.1,60.1,23.5,51.0,4.96,20.3981,87.6617,8.8
Coffee,Sandy,Rainy,High,None,Low,No,0.67,49.7,29.7,69.5,195.7,6.42,92.2,33.5,28.2,63.4,5.08,14.7486,86.9395,11.1
Papaya,Clayey,Rainy,High,Papaya Ring Spot Virus,Low,No,0.462,48.4,30.0,91.1,199.5,6.99,47.9,48.8,49.8,57.9,3.5,23.2295,90.0081,0.4
Coconut,Silty,Normal,High,Root Wilt,Low,No,0.277,46.6,28.1,97.1,131.5,5.65,15.5,24.2,28.2,43.8,2.4,9.163,82.4897,2.7
Maize,Clayey,Normal,High,None,Moderate,Yes,0.442,23.6,24.1,63.4,80.7,6.14,89.5,46.6,19.8,69.3,4.58,23.25,95.8718,0.0
Maize,Silty,Normal,High,None,Moderate,Yes,0.547,27.0,29.9,65.8,85.0,5.94,82.6,35.7,21.1,55.4,3.7,27.1466,93.4116,2.6
Watermelon,Loamy,Normal,High,None,High,Yes,0.551,25.1,29.9,81.7,41.4,6.65,113.6,15.1,50.3,69.1,3.18,32.7521,82.6218,4.4
Chickpea,Silty,Cool,Low,None,Moderate,Yes,0.392,28.3,19.7,18.7,81.3,6.61,55.0,59.0,80.9,77.1,6.41,25.3067,72.5467,0.0
Coffee,Sandy,Normal,High,None,Low,No,0.556,39.8,24.4,54.3,115.6,6.06,104.4,34.7,34.9,60.5,5.27,36.5963,83.9784,0.0
Lentil,Loamy,Normal,Low,None,Moderate,Yes,0.347,27.5,23.0,68.0,53.4,6.58,35.9,68.3,16.9,60.4,4.59,36.8789,87.9445,1.0
Watermelon,Loamy,Normal,High,None,Moderate,Yes,0.527,22.3,29.2,86.1,52.7,6.58,109.9,15.4,45.6,70.6,4.63,34.748,86.63,0.3
Blackgram,Loamy,Normal,High,Powdery Mildew,Moderate,Yes,0.298,28.8,33.7,65.3,74.9,6.52,37.6,58.2,22.3,62.6,2.86,28.7178,76.2275,1.1
Kidneybeans,Clayey,Cool,Low,None,Low,No,0.393,44.9,16.4,19.8,146.9,6.1,33.6,71.7,18.9,56.0,5.94,18.2039,93.0566,1.3
Watermelon,Silty,Normal,High,None,Moderate,Yes,0.453,11.2,29.2,84.4,58.3,6.27,85.4,18.2,53.2,62.5,4.48,12.0285,85.3971,14.6
Orange,Silty,Cool,Low,Citrus Canker,Low,No,0.334,42.9,13.1,94.5,106.0,7.0,26.5,26.1,8.4,49.8,3.64,9.5901,81.4335,0.0
Watermelon,Clayey,Normal,High,Anthracnose,High,Yes,0.528,19.9,20.2,83.1,42.1,6.77,98.9,11.8,49.3,70.3,2.1,14.3403,74.8613,0.0
Mungbean,Silty,Normal,High,None,High,Yes,0.367,21.7,28.2,81.6,41.3,6.97,33.4,51.7,21.1,53.4,1.88,18.4517,78.8148,0.0
Papaya,Sandy,Rainy,High,Papaya Ring Spot Virus,Low,No,0.426,49.8,34.1,90.4,202.1,6.65,32.1,57.8,47.0,62.3,3.21,29.1626,72.3107,15.3
Pomegranate,Loamy,Normal,High,Bacterial Blight,Low,No,0.48,26.7,23.6,85.8,100.5,6.41,34.2,20.9,35.4,55.5,3.47,25.1935,77.3692,0.4
Pomegranate,Clayey,Normal,High,Bacterial Blight,Low,No,0.444,45.0,21.3,90.2,106.0,5.9,37.4,11.2,35.5,54.3,2.99,31.819,71.7855,2.7
Papaya,Silty,Rainy,High,Papaya Ring Spot Virus,Low,No,0.524,63.2,38.8,91.0,241.2,6.75,52.8,58.3,49.6,65.5,3.4,20.9756,86.1887,2.8
Grapes,Sandy,Normal,High,Anthracnose,Moderate,Yes,0.28,16.1,23.8,81.1,65.0,6.41,30.0,121.6,196.2,87.5,3.65,20.1953,90.8827,0.0
Coconut,Silty,Rainy,High,Root Wilt,Low,No,0.507,60.3,25.7,94.3,163.8,6.19,25.9,24.1,29.1,53.2,2.75,36.8831,68.4313,1.6
Coconut,Sandy,Rainy,High,Root Wilt,Low,No,0.483,56.6,29.5,95.5,162.6,6.22,35.1,9.8,33.4,55.7,2.97,15.5496,70.0228,0.4
Banana,Clayey,Normal,High,None,Moderate,Yes,0.611,27.9,28.9,84.2,91.5,6.26,86.5,89.7,50.3,79.3,4.98,36.0198,71.8831,15.5
Muskmelon,Silty,Normal,High,None,High,Yes,0.497,17.4,26.1,93.9,25.9,6.49,108.2,12.4,52.7,71.7,2.8,28.5137,76.5531,4.0
Apple,Clayey,Normal,High,Apple Scab,Low,No,0.477,43.7,23.8,93.6,112.0,6.41,37.7,123.2,201.4,97.1,4.26,31.0575,79.8921,2.4
Coffee,Sandy,Rainy,Low,None,Low,No,0.626,53.2,24.4,55.8,165.2,7.48,114.8,15.5,31.0,51.9,5.29,20.2865,82.6717,4.7
Apple,Loamy,Normal,High,Apple Scab,Low,No,0.44,34.2,23.8,91.4,100.0,6.09,38.8,121.3,204.2,90.4,4.84,29.558,74.6292,2.7
Mango,Loamy,Normal,High,None,Low,No,0.36,38.7,26.5,52.7,103.4,5.22,35.7,23.8,26.2,42.0,3.4,26.9171,70.0624,3.1
Coconut,Clayey,Rainy,High,Root Wilt,Low,No,0.526,65.4,29.7,95.4,217.1,6.28,13.2,21.2,27.4,57.0,2.99,23.1684,70.1264,4.2
Chickpea,Silty,Normal,High,None,Moderate,Yes,0.35,25.7,29.6,15.1,72.9,6.46,27.3,62.7,76.5,71.1,4.29,9.6889,92.8163,11.3
Cotton,Clayey,Normal,Low,Bacterial Blight,Moderate,Yes,0.576,35.6,22.0,76.3,67.4,6.84,114.8,51.1,15.2,70.0,3.98,8.0962,90.3008,6.4
Maize,Sandy,Normal,Low,None,Moderate,Yes,0.494,26.8,25.5,70.8,72.1,6.77,70.2,47.3,19.8,63.2,5.28,25.9892,86.0298,11.7
Mungbean,Sandy,Normal,High,None,Moderate,Yes,0.314,23.4,27.9,82.8,52.0,6.16,15.6,55.1,23.1,61.7,4.36,12.4547,72.8018,7.2
Cotton,Silty,Normal,Low,Bacterial Blight,Moderate,Yes,0.64,26.4,20.5,81.0,66.6,6.65,100.7,45.5,24.2,72.1,4.0,14.4926,95.8744,13.9
Jute,Silty,Rainy,High,None,Low,No,0.677,60.2,27.9,74.3,174.8,6.45,77.8,58.5,37.3,72.1,5.84,18.4625,69.467,0.5
Rice,Silty,Rainy,High,Rice Blast,Low,No,0.821,73.7,30.6,81.5,234.5,6.53,108.1,54.6,36.7,76.3,4.25,26.4585,95.3266,0.0
Jute,Clayey,Rainy,Low,Stem Rot,Low,No,0.538,60.3,21.0,84.0,160.8,6.5,62.1,51.2,39.2,73.9,5.25,24.6908,92.0135,13.5
Apple,Sandy,Normal,High,Apple Scab,Low,No,0.312,32.0,20.9,92.0,115.3,6.02,11.5,141.1,198.8,89.5,4.79,13.9858,82.268,10.8
Rice,Silty,Rainy,High,Rice Blast,Low,No,0.649,80.9,21.9,84.3,248.1,5.75,86.7,46.2,36.9,56.6,3.65,24.666,96.1939,6.0
Grapes,Loamy,Cool,Medium,Anthracnose,Moderate,Yes,0.22,30.7,16.9,84.8,72.2,6.45,7.0,126.6,197.0,95.0,4.92,27.3071,80.0068,10.7
Jute,Silty,Rainy,High,None,Low,No,0.484,42.7,25.4,77.0,155.9,6.97,77.8,43.0,36.1,64.4,4.87,18.2987,71.057,1.7
Mango,Sandy,Normal,Low,None,Moderate,Yes,0.242,22.0,29.1,49.0,92.5,5.65,16.6,38.8,25.8,46.3,3.4,10.3541,96.63,3.5
Mango,Clayey,Normal,High,None,Low,No,0.32,37.7,28.7,53.4,101.8,6.61,13.7,24.5,28.0,60.5,4.92,16.725,90.1709,5.4
Watermelon,Clayey,Normal,High,None,Moderate,Yes,0.5,27.4,28.0,81.5,52.2,6.24,100.8,20.4,52.9,70.7,4.61,8.6794,80.1267,0.0
Grapes,Loamy,Normal,High,Powdery Mildew,Moderate,Yes,0.315,26.5,36.7,81.1,65.1,6.34,38.0,128.4,203.5,91.8,3.34,33.8379,80.118,2.1
Maize,Clayey,Normal,Medium,None,Low,No,0.567,28.6,22.2,56.1,102.1,5.67,97.4,55.1,18.8,60.5,6.12,17.6182,69.6995,0.0
Muskmelon,Silty,Normal,High,Downy Mildew,High,Yes,0.54,10.0,27.3,93.0,21.0,6.34,106.3,19.4,53.5,69.5,1.86,20.1855,70.0076,0.0
Cotton,Clayey,Normal,Medium,Bacterial Blight,Moderate,Yes,0.663,33.2,23.3,79.9,88.5,6.53,134.5,47.8,15.2,74.3,4.22,26.0299,96.6001,3.2
Papaya,Silty,Normal,High,None,Moderate,Yes,0.528,39.0,27.3,92.5,89.2,6.97,57.5,59.9,49.5,64.8,4.06,31.6168,85.1219,0.5
Kidneybeans,Loamy,Normal,Low,Angular Leaf Spot,Low,No,0.336,47.9,24.4,18.8,125.4,6.36,32.5,59.9,22.6,61.2,4.71,13.2928,76.5195,3.8
Pomegranate,Clayey,Normal,High,Bacterial Blight,Low,No,0.467,26.3,23.7,86.2,101.2,5.86,37.5,21.1,43.3,51.4,2.75,11.0692,94.2832,0.9
Blackgram,Loamy,Normal,Low,None,Moderate,Yes,0.379,15.9,26.2,66.5,65.5,7.11,38.8,68.5,23.0,55.0,4.45,9.3966,80.5341,1.1
Cotton,Loamy,Normal,High,Bacterial Blight,Moderate,Yes,0.536,20.1,22.7,78.3,68.9,6.71,110.5,54.2,21.8,70.9,2.94,36.3446,72.6555,11.2
Papaya,Sandy,Normal,High,Papaya Ring Spot Virus,Low,No,0.567,25.8,39.9,94.8,128.8,6.52,53.9,35.5,50.0,71.7,4.06,26.5219,93.2615,0.7
Kidneybeans,Sandy,Normal,Low,None,Low,No,0.388,47.9,21.1,16.6,140.0,5.5,19.1,66.7,16.5,43.8,4.88,8.3378,86.0692,2.1
Coffee,Silty,Normal,Low,None,Low,No,0.528,31.1,21.8,70.0,115.3,6.05,103.6,32.6,32.0,67.5,6.92,25.657,73.1641,0.0
Pomegranate,Clayey,Cool,High,Bacterial Blight,Low,No,0.447,46.4,19.8,94.6,108.8,6.42,24.4,20.8,39.7,63.7,3.73,10.3998,71.9523,4.0
Grapes,Sandy,Cool,High,Anthracnose,Moderate,Yes,0.348,23.6,12.3,80.7,69.9,6.42,9.3,126.6,201.2,89.3,3.69,14.8089,87.1029,9.1
Mango,Silty,Hot & Dry,High,Powdery Mildew,Moderate,Yes,0.239,29.2,32.9,45.9,85.1,5.81,10.6,32.4,27.6,47.3,1.9,36.003,93.2328,6.3
Cotton,Silty,Normal,Low,Bacterial Blight,Moderate,Yes,0.589,26.3,24.0,77.5,68.2,7.31,121.8,57.3,24.8,61.1,3.38,12.8382,77.2736,2.8
Blackgram,Silty,Normal,Low,None,Moderate,Yes,0.403,33.7,26.0,62.0,71.1,6.85,25.9,60.9,22.0,56.9,4.64,33.7079,78.8398,9.4
Lentil,Clayey,Normal,High,None,High,Yes,0.366,15.8,24.3,70.0,45.4,6.11,34.3,63.1,18.3,58.6,2.34,18.0717,80.7799,0.0
Mungbean,Loamy,Normal,High,None,High,Yes,0.344,16.9,28.3,87.5,44.0,6.95,34.7,53.7,15.2,53.8,2.13,11.8564,87.6167,0.9
Mungbean,Loamy,Normal,High,None,High,Yes,0.284,10.0,30.0,83.7,37.1,6.03,37.5,51.6,24.7,61.9,2.79,32.0535,93.3579,4.6
Muskmelon,Silty,Normal,High,None,High,Yes,0.503,10.0,28.5,92.5,22.1,6.34,99.1,13.4,48.8,67.2,3.08,28.0186,92.6276,0.5
Mothbeans,Sandy,Normal,Medium,None,Moderate,Yes,0.271,28.3,24.6,37.0,65.2,4.48,21.6,49.6,22.4,33.9,2.7,13.6623,86.7096,3.5
Grapes,Sandy,Normal,High,None,Moderate,Yes,0.2,33.1,28.0,84.6,66.7,5.65,10.8,127.2,196.1,81.3,5.36,31.1995,71.8138,9.3
Grapes,Sandy,Normal,High,None,Moderate,Yes,0.275,28.7,25.9,84.4,74.2,5.88,4.9,132.9,199.5,84.8,5.58,27.0827,83.3491,13.7
Pigeonpeas,Loamy,Normal,High,Fusarium Wilt,Low,No,0.331,37.7,30.8,70.0,123.7,5.63,24.7,56.8,16.5,51.9,3.13,26.3853,78.4485,2.2
Jute,Loamy,Rainy,High,Anthracnose,Low,No,0.576,50.9,23.2,70.7,180.7,6.87,98.1,53.9,44.1,65.9,3.83,22.9182,90.1388,4.6
Rice,Silty,Rainy,High,None,Low,No,0.689,80.0,29.2,81.4,287.1,6.86,91.5,37.3,44.0,63.9,5.33,36.4652,87.208,0.0
Lentil,Clayey,Cool,High,None,Moderate,Yes,0.317,33.7,19.4,62.0,50.8,6.36,8.4,75.8,16.3,64.1,3.98,35.3395,88.738,7.8
Orange,Silty,Cool,High,Citrus Canker,Low,No,0.34,43.0,17.4,91.2,119.7,7.16,2.2,12.6,10.1,48.3,2.62,11.4001,71.5243,17.6
Maize,Silty,Normal,Medium,None,Low,No,0.565,30.1,21.4,58.3,107.7,5.64,62.6,48.1,22.5,50.9,5.15,19.2418,74.2989,12.8
Mungbean,Loamy,Normal,High,None,Moderate,Yes,0.339,19.7,28.3,87.5,52.6,6.46,4.3,36.8,20.3,55.3,3.73,12.836,80.0206,10.7
Lentil,Loamy,Normal,Low,None,High,Yes,0.162,19.2,20.0,64.0,46.3,6.61,4.7,63.6,23.7,55.9,3.16,21.3308,87.1055,11.5
Banana,Loamy,Normal,High,None,Moderate,Yes,0.522,23.5,25.8,80.4,96.5,5.52,82.6,79.9,51.4,58.0,3.47,34.5605,76.0402,16.3
Chickpea,Loamy,Normal,Medium,None,Moderate,Yes,0.452,19.7,29.0,15.0,69.7,8.18,54.6,60.9,79.0,45.8,4.08,28.0069,93.7352,0.5
Blackgram,Silty,Normal,Low,None,Moderate,Yes,0.349,32.2,29.0,61.9,74.6,6.63,58.4,64.1,16.1,66.2,5.02,33.9366,87.3007,3.7
Banana,Sandy,Normal,High,None,Low,No,0.573,45.7,28.0,79.4,115.9,5.56,84.0,75.5,46.3,65.2,4.99,32.4318,77.8011,15.2
Watermelon,Loamy,Normal,High,Anthracnose,Moderate,Yes,0.617,21.9,22.2,83.8,50.3,6.66,96.6,11.0,50.6,64.5,2.99,28.3746,68.8023,4.6
Kidneybeans,Loamy,Cool,Low,None,Moderate,Yes,0.251,31.9,15.4,22.1,81.7,5.93,15.7,72.0,19.9,50.4,4.34,34.2166,78.7349,7.4
Orange,Loamy,Cool,High,Citrus Canker,Low,No,0.383,42.4,19.7,93.7,101.2,6.96,28.7,23.2,14.5,55.8,2.83,18.8838,78.0937,2.2
Papaya,Clayey,Normal,High,Papaya Ring Spot Virus,Low,No,0.497,28.4,37.3,90.6,113.3,6.74,67.3,35.2,52.4,70.1,3.99,26.3859,91.27,0.0
Kidneybeans,Silty,Normal,Low,None,Moderate,Yes,0.326,34.0,21.7,24.1,85.5,6.13,35.4,71.2,21.6,60.0,5.2,24.1849,90.0005,1.5
Mothbeans,Clayey,Normal,Medium,Root Rot,Moderate,Yes,0.337,20.5,31.8,52.2,70.0,6.66,0.4,57.2,17.6,58.8,3.6,10.5632,76.4526,14.7
Apple,Loamy,Normal,High,Apple Scab,Low,No,0.337,33.4,24.7,91.7,107.4,5.56,4.6,142.7,204.4,85.2,4.67,8.5355,80.3693,14.4
Pomegranate,Loamy,Normal,High,Bacterial Blight,Low,No,0.307,33.3,24.4,86.4,102.1,6.17,18.8,29.3,39.2,52.2,2.75,17.3786,86.7043,0.0
Watermelon,Clayey,Normal,Medium,Anthracnose,High,Yes,0.611,12.6,22.0,80.1,49.8,6.3,106.6,16.0,46.5,65.0,2.71,27.1615,70.3276,0.0
Chickpea,Clayey,Cool,Low,None,Moderate,Yes,0.35,33.8,15.4,15.8,67.1,6.4,38.0,59.7,76.9,66.3,5.29,23.9316,84.0796,3.5
Muskmelon,Clayey,Normal,High,None,High,Yes,0.523,20.8,28.1,92.0,21.0,6.32,87.5,10.1,52.6,70.0,3.03,18.2645,95.6145,8.9
Maize,Clayey,Normal,Medium,None,Moderate,Yes,0.497,32.8,21.3,63.2,84.0,6.91,91.3,58.6,17.8,63.6,5.23,34.7291,69.6811,2.8
Jute,Clayey,Rainy,High,Stem Rot,Low,No,0.62,61.2,27.9,86.6,178.2,6.86,94.7,57.1,38.1,72.4,3.76,23.108,86.2306,3.4
Kidneybeans,Silty,Cool,Low,None,Moderate,Yes,0.39,38.7,18.2,18.3,76.7,5.51,10.0,68.2,23.6,49.0,3.72,30.114,71.5434,11.8
Orange,Silty,Cool,Low,Citrus Canker,Low,No,0.377,33.2,15.1,93.0,100.9,7.5,1.4,13.7,10.3,43.6,3.34,23.6968,91.5438,14.5
Orange,Loamy,Normal,High,None,Low,No,0.421,41.1,21.9,94.0,113.9,6.89,11.6,7.6,9.3,49.5,4.05,10.9449,81.2878,8.9
Apple,Silty,Normal,High,Apple Scab,Low,No,0.446,30.6,24.7,91.4,114.8,6.35,11.7,142.8,198.1,90.0,4.62,16.8505,71.3769,9.5
Jute,Clayey,Rainy,High,Anthracnose,Low,No,0.602,49.8,24.2,76.3,181.2,7.37,72.7,55.0,39.1,57.5,3.05,15.6697,74.6225,9.1
Mungbean,Sandy,Normal,High,None,Moderate,Yes,0.368,29.4,29.0,80.4,54.1,6.61,27.1,50.9,15.8,64.3,4.06,8.6107,81.0016,1.6
Blackgram,Loamy,Normal,High,None,Moderate,Yes,0.33,32.8,28.8,67.0,69.5,6.59,26.0,69.4,20.1,66.3,4.58,12.6441,75.7728,15.2
Watermelon,Loamy,Normal,Low,Anthracnose,Moderate,Yes,0.474,30.7,22.2,82.5,44.4,6.05,110.0,16.0,52.3,62.7,3.75,28.7567,91.339,3.2
Pigeonpeas,Clayey,Normal,High,None,Moderate,Yes,0.281,31.8,24.3,45.3,92.8,7.19,16.6,56.6,22.4,51.9,3.12,31.9197,77.3851,3.2
Watermelon,Silty,Normal,High,Anthracnose,Moderate,Yes,0.544,15.9,21.9,86.5,50.2,6.78,114.8,16.3,54.4,68.2,2.77,33.1771,83.1578,2.2
Blackgram,Loamy,Normal,High,Powdery Mildew,Moderate,Yes,0.374,31.8,31.7,64.7,73.4,7.24,42.0,56.1,18.0,49.1,2.11,9.9873,87.8298,0.0
Coffee,Silty,Normal,Low,None,Low,No,0.586,41.4,27.2,61.1,148.9,7.17,85.2,22.1,29.0,56.2,5.67,13.8469,75.5953,11.2
Chickpea,Loamy,Normal,High,None,Moderate,Yes,0.305,26.9,26.4,15.9,87.3,6.1,40.7,59.7,84.1,68.9,4.7,16.0383,71.2464,0.0
Pomegranate,Silty,Normal,High,Bacterial Blight,Low,No,0.283,45.8,21.3,90.6,108.3,6.96,19.6,11.4,36.8,56.2,3.4,26.4338,91.4851,3.8
Kidneybeans,Silty,Normal,Low,None,Low,No,0.279,31.5,21.6,16.9,108.1,6.19,22.3,64.1,24.0,56.3,5.86,15.0862,77.0163,4.4
Apple,Loamy,Normal,High,Apple Scab,Low,No,0.381,42.4,22.6,91.5,111.8,6.49,30.4,131.4,195.1,92.0,4.2,25.0421,80.106,1.8
Mothbeans,Clayey,Normal,Low,None,Moderate,Yes,0.345,33.2,29.1,54.1,70.8,7.01,21.2,51.7,19.4,59.2,4.95,22.9899,75.943,2.0
Blackgram,Silty,Normal,High,Powdery Mildew,Moderate,Yes,0.334,23.2,30.9,67.3,74.5,6.74,43.7,61.1,22.7,63.8,2.63,20.5226,93.7923,3.8
Mothbeans,Loamy,Normal,Low,None,High,Yes,0.267,27.3,28.0,31.2,42.6,7.91,9.2,36.3,22.0,36.0,2.3,15.4044,80.6882,13.5
Mothbeans,Silty,Normal,High,None,High,Yes,0.186,25.8,25.0,51.9,44.8,5.5,1.5,49.0,22.6,45.3,2.25,31.2865,71.7681,16.0
Watermelon,Loamy,Normal,High,None,High,Yes,0.421,19.1,26.1,86.5,41.3,6.33,81.0,15.4,52.6,69.8,2.87,10.1591,79.9737,17.0
Jute,Sandy,Rainy,High,Stem Rot,Low,No,0.563,63.2,27.1,83.5,191.7,6.71,68.8,57.2,39.0,71.6,4.1,21.9681,82.383,10.7
Coconut,Sandy,Rainy,High,Root Wilt,Low,No,0.471,66.4,27.5,94.1,194.7,6.04,5.5,20.2,34.6,47.8,2.83,12.8197,89.9989,15.8
Grapes,Clayey,Cool,High,Anthracnose,Moderate,Yes,0.187,27.0,8.1,81.8,70.0,6.35,1.5,123.3,197.7,87.9,4.05,24.1063,94.4766,19.2
Kidneybeans,Loamy,Cool,Low,None,Moderate,Yes,0.41,26.7,19.1,22.6,60.2,6.09,28.9,79.1,19.4,63.2,4.96,26.1289,80.6743,4.2
Papaya,Loamy,Rainy,High,Papaya Ring Spot Virus,Low,No,0.516,66.5,28.4,90.6,203.1,6.76,67.5,47.8,48.8,66.4,4.01,14.0024,90.9304,2.7
Blackgram,Silty,Normal,Medium,None,Moderate,Yes,0.246,30.3,29.7,63.7,65.4,6.79,25.1,62.6,16.7,57.9,4.71,23.1214,74.1535,10.9
Chickpea,Clayey,Normal,High,None,Moderate,Yes,0.519,24.7,25.0,17.5,76.8,7.85,58.9,72.1,81.7,55.4,3.86,32.3051,71.3581,2.0
Rice,Silty,Rainy,High,Rice Blast,Low,No,0.669,65.5,36.6,82.0,251.1,7.43,106.7,53.7,44.3,67.1,4.1,12.7712,76.4643,0.6
Cotton,Silty,Normal,Medium,Bacterial Blight,Moderate,Yes,0.611,37.0,21.5,77.3,95.2,6.88,118.5,49.7,20.1,67.6,3.78,19.4028,68.4844,3.1
Lentil,Silty,Normal,Medium,None,Moderate,Yes,0.302,27.6,20.3,68.7,51.3,6.59,31.0,59.5,15.2,66.4,5.45,30.6604,95.1823,3.7
Kidneybeans,Sandy,Cool,Low,None,Moderate,Yes,0.432,41.7,15.4,16.1,77.4,6.14,20.6,73.9,20.2,59.4,5.1,19.3199,94.3269,4.2
Muskmelon,Loamy,Normal,High,None,High,Yes,0.562,10.0,28.7,93.0,26.0,6.44,104.5,26.6,46.6,75.8,3.36,15.9657,92.646,0.3
Muskmelon,Loamy,Normal,High,None,High,Yes,0.578,13.6,27.4,91.7,28.5,6.19,104.3,19.9,54.2,72.3,3.35,18.1053,93.042,4.8
Muskmelon,Sandy,Normal,High,None,High,Yes,0.523,20.6,29.8,90.3,24.0,6.05,107.9,21.2,48.7,70.8,3.05,29.5581,88.8659,0.0
Cotton,Sandy,Normal,Medium,Bacterial Blight,Moderate,Yes,0.536,23.8,22.1,78.1,83.3,7.06,115.3,40.5,15.8,66.8,3.46,12.7339,88.441,7.9
Lentil,Silty,Normal,Medium,None,High,Yes,0.302,11.7,24.3,63.8,43.1,6.68,36.1,60.1,24.3,64.3,3.35,20.3666,82.68,4.9
Grapes,Loamy,Normal,High,Anthracnose,Moderate,Yes,0.303,28.5,24.6,81.2,74.9,6.41,24.1,120.2,202.7,89.5,3.78,25.6872,87.923,3.5
Lentil,Sandy,Cool,Medium,None,High,Yes,0.303,11.6,19.7,63.0,38.0,6.19,18.7,59.7,15.5,58.3,2.74,21.7824,94.2401,2.3
Chickpea,Sandy,Cool,Low,None,Moderate,Yes,0.535,41.1,18.8,18.0,81.4,6.22,54.9,61.1,76.2,65.3,5.4,27.9879,87.603,0.0
Jute,Clayey,Rainy,Medium,Stem Rot,Low,No,0.616,54.9,20.0,84.4,155.3,6.54,85.9,48.4,39.8,68.4,5.25,32.2882,94.9795,5.0
Apple,Silty,Normal,High,Apple Scab,Low,No,0.387,39.3,22.0,91.2,112.0,6.26,27.7,127.6,201.8,88.1,4.79,23.2981,70.03,4.3
Blackgram,Silty,Normal,Medium,Powdery Mildew,Moderate,Yes,0.398,21.9,26.2,60.1,71.2,6.7,50.6,64.8,22.9,67.7,3.81,18.6218,91.9267,2.0
Muskmelon,Loamy,Normal,High,None,High,Yes,0.467,10.0,26.3,94.8,22.6,6.12,81.2,12.8,48.9,58.5,2.18,34.2466,86.9123,19.0
Mothbeans,Clayey,Hot & Dry,Medium,None,High,Yes,0.365,10.0,31.3,36.5,31.1,3.56,34.6,50.4,24.0,16.8,0.93,18.292,83.2145,2.3
Cotton,Loamy,Normal,Medium,Bacterial Blight,Moderate,Yes,0.624,17.5,24.4,76.9,72.6,7.07,101.6,58.2,21.0,62.2,3.44,27.9958,88.1605,13.8
Watermelon,Clayey,Normal,High,None,Moderate,Yes,0.611,25.4,28.1,84.8,54.6,6.81,100.7,29.4,45.9,64.5,4.09,35.2208,85.851,4.3
Rice,Sandy,Rainy,High,Rice Blast,Low,No,0.711,89.2,29.0,84.8,280.3,5.21,65.6,41.7,43.0,54.2,2.96,8.4028,70.2566,19.7
Jute,Sandy,Rainy,Medium,Anthracnose,Low,No,0.579,62.5,22.5,73.6,191.3,6.61,86.0,57.0,39.9,70.5,4.69,31.728,91.206,0.0
Papaya,Clayey,Normal,High,None,Moderate,Yes,0.394,28.4,25.9,91.3,56.0,6.84,41.2,59.5,49.5,64.1,4.52,11.3212,76.7022,6.5
Banana,Silty,Normal,High,None,Low,No,0.646,45.1,26.3,76.8,118.9,6.13,119.3,78.5,53.2,76.4,6.21,36.7025,70.4551,3.3
Orange,Sandy,Normal,High,Citrus Canker,Low,No,0.341,30.7,31.2,91.2,115.5,7.15,11.3,22.8,13.0,42.5,2.78,33.6562,72.0181,6.7
Mango,Sandy,Hot & Dry,High,Powdery Mildew,Moderate,Yes,0.406,32.8,32.1,45.8,97.3,4.65,26.9,22.9,27.7,29.3,1.52,12.5105,74.9136,0.0
Kidneybeans,Sandy,Normal,High,Bean Rust,Low,No,0.428,46.0,24.7,21.0,140.3,5.75,12.6,61.8,18.1,52.7,3.45,30.6092,89.209,5.4
Coconut,Sandy,Rainy,High,Root Wilt,Low,No,0.341,40.0,27.8,92.4,162.5,6.38,14.2,28.1,34.6,53.3,3.19,35.4222,89.6343,3.8
Grapes,Sandy,Normal,High,Powdery Mildew,Moderate,Yes,0.389,29.9,32.6,81.8,74.3,5.85,5.7,142.3,201.8,88.3,3.59,18.0079,94.7993,13.3
Blackgram,Sandy,Normal,High,Powdery Mildew,Moderate,Yes,0.449,12.2,31.0,67.7,60.4,6.71,53.4,75.3,20.9,66.1,3.09,13.4174,93.54,4.6
Rice,Silty,Rainy,High,Rice Blast,Low,No,0.644,64.2,34.5,84.2,216.9,5.61,100.7,49.1,39.8,56.6,3.34,30.2394,83.1563,0.8
Jute,Clayey,Rainy,High,Stem Rot,Low,No,0.666,55.6,22.9,87.4,166.0,6.24,87.7,35.4,39.5,61.6,3.9,31.4098,82.7197,0.5
Muskmelon,Silty,Normal,High,None,High,Yes,0.642,19.7,29.4,93.3,23.4,6.02,112.9,6.3,50.8,59.8,2.8,36.4453,74.0366,0.0
Grapes,Sandy,Normal,High,Powdery Mildew,Moderate,Yes,0.387,12.9,39.9,81.0,66.5,5.67,33.0,143.0,197.5,88.8,3.47,10.936,82.0298,4.4
Jute,Silty,Rainy,High,Stem Rot,Low,No,0.553,59.2,21.8,85.1,174.4,7.14,85.0,51.8,36.2,64.0,3.49,11.6344,80.5731,4.9
Grapes,Loamy,Normal,High,Powdery Mildew,Moderate,Yes,0.305,16.8,39.7,82.4,68.5,6.07,16.6,130.5,199.8,83.6,4.05,34.1316,90.0944,2.1
Jute,Silty,Rainy,High,None,Low,No,0.544,38.7,28.7,74.4,157.9,6.14,60.2,53.4,35.8,66.9,5.64,33.4121,88.6289,15.7
Maize,Sandy,Normal,Medium,None,Moderate,Yes,0.461,37.2,24.7,68.3,84.5,5.64,82.0,35.6,18.0,52.7,3.95,9.3991,79.4102,1.0
Jute,Loamy,Rainy,High,None,Low,No,0.484,52.0,28.9,73.3,177.2,6.38,69.5,57.7,40.3,72.3,5.86,31.4886,92.1195,11.5
Kidneybeans,Sandy,Normal,Low,None,Low,No,0.444,41.7,22.7,17.7,121.0,6.14,26.2,66.4,22.3,57.9,6.2,31.3611,74.5226,2.4
Banana,Clayey,Normal,High,Panama Wilt,Low,No,0.52,37.9,28.8,84.3,115.0,6.48,105.3,88.8,54.2,81.9,4.57,16.1883,88.7707,0.8
Mothbeans,Silty,Normal,Low,Leaf Spot,High,Yes,0.217,23.6,26.5,38.6,39.5,5.22,8.7,36.1,15.0,35.9,1.27,30.3084,78.1359,8.9
Mango,Clayey,Normal,High,Powdery Mildew,Moderate,Yes,0.322,25.2,33.0,52.9,93.5,4.72,8.1,32.7,31.2,29.7,1.18,31.4668,82.7018,8.2
Mothbeans,Loamy,Normal,High,Root Rot,Moderate,Yes,0.427,17.1,30.9,51.8,65.2,9.39,39.3,58.9,21.9,28.0,1.37,20.4479,88.1446,0.0
Mango,Clayey,Normal,Medium,None,Low,No,0.352,33.1,27.3,49.0,101.6,5.3,20.1,22.6,32.0,38.1,3.83,11.0654,84.3753,4.3
Coffee,Silty,Normal,High,None,Low,No,0.755,42.2,29.7,68.3,140.0,6.19,114.9,40.0,34.0,72.5,5.86,8.1905,79.4532,0.9
Jute,Sandy,Rainy,Low,Anthracnose,Low,No,0.61,49.3,23.1,75.8,167.5,7.33,77.3,45.5,42.4,59.3,4.08,13.3862,72.9994,3.4
Grapes,Silty,Normal,High,Anthracnose,Moderate,Yes,0.348,19.1,23.7,82.4,71.8,6.25,21.5,140.9,201.4,93.2,3.41,27.3741,75.2255,1.4
Rice,Loamy,Rainy,High,Rice Blast,Low,No,0.7,77.2,32.3,83.6,251.8,7.42,66.0,51.9,35.2,54.6,3.06,27.3554,89.3853,18.2
Maize,Sandy,Normal,High,None,Moderate,Yes,0.538,29.0,22.0,66.8,64.6,5.61,86.0,47.2,19.9,61.2,4.31,14.673,90.5555,3.4
Chickpea,Loamy,Normal,Medium,None,Moderate,Yes,0.377,30.9,27.2,16.8,88.2,8.23,35.7,78.1,84.9,52.8,4.51,19.5306,87.1875,6.9
Mungbean,Clayey,Normal,High,None,High,Yes,0.185,23.4,28.1,80.8,41.6,6.78,1.1,58.3,20.4,53.0,1.87,36.8912,83.1467,16.2
Jute,Silty,Rainy,High,Anthracnose,Low,No,0.616,46.6,24.9,75.9,154.7,7.05,96.8,59.1,37.5,62.2,3.2,19.8052,82.4935,0.0
Jute,Clayey,Rainy,High,Anthracnose,Low,No,0.526,68.1,23.0,79.7,197.5,6.91,68.0,44.8,37.4,59.0,3.04,17.0529,75.6796,13.1
Grapes,Silty,Cool,Medium,Anthracnose,Moderate,Yes,0.316,41.0,11.3,84.6,66.0,5.84,5.6,131.9,197.1,83.0,4.36,8.2036,91.1263,13.9
Lentil,Loamy,Normal,Medium,None,High,Yes,0.295,18.5,26.6,68.5,43.0,5.76,10.4,79.7,19.3,51.4,2.32,18.7505,81.3799,7.4
Coffee,Sandy,Normal,High,None,Low,No,0.61,41.1,26.4,50.6,139.4,6.94,85.7,28.8,28.3,65.4,5.36,9.2627,80.0636,11.6
Muskmelon,Clayey,Normal,High,None,High,Yes,0.567,10.0,26.2,90.9,25.0,6.22,100.7,7.9,50.5,66.9,3.0,34.6848,78.5069,0.0
Papaya,Loamy,Normal,High,None,Moderate,Yes,0.394,30.2,26.2,91.8,62.7,6.62,51.5,44.7,45.2,64.0,4.31,24.7823,71.1672,2.6
Pomegranate,Sandy,Normal,High,Bacterial Blight,Low,No,0.395,42.5,22.5,91.8,102.5,5.62,26.9,16.6,37.2,44.9,2.66,33.9597,68.2376,0.0
Muskmelon,Loamy,Normal,High,None,High,Yes,0.608,10.0,27.4,90.5,26.5,6.16,99.0,8.4,49.4,68.1,2.78,15.8709,84.5277,5.4
Rice,Silty,Rainy,High,Rice Blast,Low,No,0.699,67.2,35.9,84.9,239.3,6.89,114.7,35.0,36.9,63.2,3.72,30.1515,77.448,3.2
Maize,Clayey,Normal,Low,None,Moderate,Yes,0.456,22.3,21.0,57.5,75.9,6.12,66.2,49.1,19.6,56.6,4.54,20.1737,96.7301,9.4
Rice,Sandy,Rainy,High,Rice Blast,Low,No,0.602,69.4,33.4,80.6,232.8,6.31,93.3,44.1,40.4,64.6,3.44,36.1902,93.0927,3.2
Jute,Silty,Rainy,High,Stem Rot,Low,No,0.454,59.1,21.5,88.2,150.5,7.5,66.4,53.1,43.5,56.5,3.62,13.947,88.5205,12.1
Jute,Clayey,Rainy,High,Stem Rot,Low,No,0.607,54.9,23.5,89.6,178.9,6.1,75.7,37.8,37.7,66.6,3.92,12.8332,91.822,5.6
Pigeonpeas,Silty,Rainy,High,Fusarium Wilt,Low,No,0.421,48.4,34.9,39.5,167.4,6.25,26.5,65.2,18.3,62.9,3.72,18.1833,70.565,2.3
Blackgram,Loamy,Normal,Medium,Powdery Mildew,Moderate,Yes,0.468,19.8,30.0,64.6,73.4,7.47,57.6,64.0,23.5,55.9,3.31,18.1542,95.8407,1.9
Mango,Sandy,Normal,Low,None,Moderate,Yes,0.234,37.5,29.1,47.7,98.4,5.96,8.3,32.5,26.5,52.5,4.35,26.1893,72.548,7.6
Muskmelon,Loamy,Normal,High,None,High,Yes,0.528,17.9,28.7,90.5,22.6,6.16,103.8,27.9,51.2,68.7,2.86,17.7784,82.9665,1.8
Apple,Loamy,Normal,High,Apple Scab,Low,No,0.357,39.3,22.9,90.9,122.8,5.68,10.8,126.4,203.4,83.3,4.97,32.0188,84.166,10.0
Mango,Clayey,Normal,Medium,None,Moderate,Yes,0.449,30.1,30.0,53.6,98.2,6.91,18.3,15.5,30.7,54.0,4.68,28.2275,78.8347,3.8
Orange,Silty,Normal,High,Citrus Canker,Low,No,0.34,25.5,30.4,93.6,106.8,6.0,1.0,22.2,7.7,49.5,2.62,25.9997,96.4555,15.2
Apple,Silty,Normal,High,Apple Scab,Low,No,0.39,34.6,21.7,92.9,122.4,5.54,27.1,120.1,204.7,82.2,4.47,35.8915,87.9838,4.3
Pomegranate,Loamy,Cool,High,Bacterial Blight,Low,No,0.314,38.4,19.7,94.0,110.3,5.58,21.3,17.1,39.6,48.3,3.03,9.6468,88.7674,3.8
Blackgram,Loamy,Normal,High,Powdery Mildew,Moderate,Yes,0.288,27.2,31.7,65.0,73.3,7.32,30.7,66.5,21.3,49.7,2.38,33.3933,81.2439,7.0
Watermelon,Silty,Normal,High,None,Moderate,Yes,0.573,18.3,29.3,88.5,59.2,6.38,119.7,24.4,52.5,69.2,4.44,23.6776,68.7096,4.7
Grapes,Sandy,Cool,Medium,Anthracnose,Moderate,Yes,0.223,22.9,13.4,82.0,70.1,6.37,10.7,144.2,199.8,88.1,4.69,17.8766,75.2305,7.4
Cotton,Loamy,Normal,Medium,Bacterial Blight,Moderate,Yes,0.668,28.3,23.1,80.1,60.2,6.08,120.4,38.4,17.7,64.1,3.6,30.1894,81.9891,1.0
Banana,Sandy,Normal,High,Panama Wilt,Low,No,0.683,32.5,28.0,81.5,109.3,5.7,106.0,91.3,50.2,70.6,3.8,23.2102,70.9926,0.0
Jute,Silty,Rainy,High,Stem Rot,Low,No,0.547,56.1,24.6,89.2,154.4,6.69,66.1,36.9,41.7,67.5,3.85,35.2842,73.6166,9.5
Lentil,Silty,Normal,Medium,None,Moderate,Yes,0.262,20.8,24.2,66.0,54.9,6.38,21.8,79.3,23.7,66.5,5.19,26.4401,90.4909,0.7
Orange,Sandy,Cool,High,Citrus Canker,Low,No,0.412,51.7,12.0,93.2,118.5,6.14,21.3,10.3,10.1,48.8,2.87,13.4825,90.893,0.9
Banana,Silty,Normal,High,None,Moderate,Yes,0.502,32.9,29.2,82.4,90.8,6.14,86.5,71.7,51.9,67.5,4.58,22.2127,69.8014,15.1
Papaya,Clayey,Normal,High,Papaya Ring Spot Virus,Low,No,0.465,41.1,29.2,93.8,128.9,6.97,60.1,42.5,48.4,65.5,3.55,22.3839,75.0114,4.1
Kidneybeans,Clayey,Normal,Low,None,Moderate,Yes,0.419,26.5,20.8,18.1,81.2,5.67,31.3,72.4,17.4,54.1,4.33,22.9736,95.974,0.0
Mango,Sandy,Normal,High,Powdery Mildew,Moderate,Yes,0.385,25.5,32.7,54.9,94.3,6.53,12.8,27.5,34.2,63.0,3.18,13.8337,82.3786,4.2
Mungbean,Clayey,Normal,High,None,Moderate,Yes,0.171,24.8,27.1,85.2,59.1,6.11,4.0,41.4,24.0,53.0,3.26,27.712,68.0597,15.4
Grapes,Clayey,Normal,Medium,Anthracnose,Moderate,Yes,0.439,30.7,20.7,80.4,66.8,5.9,38.8,125.2,202.2,87.2,4.47,28.9397,70.5561,2.7
Blackgram,Sandy,Normal,High,None,Moderate,Yes,0.342,29.5,26.3,62.0,67.6,6.88,57.9,76.4,16.0,66.3,4.25,26.3715,89.7838,3.8
Blackgram,Silty,Normal,Low,None,Moderate,Yes,0.338,31.8,26.7,60.4,70.9,6.82,33.4,71.4,16.5,58.0,5.13,25.7714,68.1238,5.9
Orange,Clayey,Normal,High,Citrus Canker,Low,No,0.465,34.7,25.9,91.0,109.8,6.08,36.5,8.4,8.6,53.6,3.46,19.6535,82.7644,2.1
Chickpea,Sandy,Cool,Low,None,Moderate,Yes,0.376,33.7,18.1,15.6,80.9,6.82,41.0,58.8,77.6,63.1,5.32,14.0465,93.0419,0.0
Orange,Sandy,Cool,Low,Citrus Canker,Low,No,0.216,38.7,13.1,93.1,113.5,6.0,0.1,20.6,12.3,50.9,3.91,8.4501,79.9589,19.8
Mango,Clayey,Normal,Low,Powdery Mildew,Moderate,Yes,0.467,36.1,31.3,52.5,91.5,6.11,31.3,27.9,32.7,55.9,3.06,9.2218,74.9667,0.0
Blackgram,Sandy,Normal,High,Powdery Mildew,Moderate,Yes,0.457,17.7,33.3,68.5,72.7,6.97,47.6,69.4,23.7,63.5,3.08,31.2845,92.5088,4.9
Pigeonpeas,Loamy,Normal,Medium,Phytophthora Blight,Low,No,0.385,42.4,26.8,35.3,107.3,4.93,33.3,79.4,16.5,48.5,3.6,34.9669,76.6404,0.0
Cotton,Clayey,Normal,High,Bacterial Blight,Moderate,Yes,0.483,18.2,21.2,76.3,60.6,6.9,106.2,42.2,15.2,64.9,2.74,27.2065,77.6544,13.5
Apple,Sandy,Normal,High,Apple Scab,Low,No,0.402,38.3,21.2,90.8,109.5,5.82,22.7,137.9,197.3,84.2,4.4,29.3223,91.1955,0.0
Papaya,Silty,Normal,High,Papaya Ring Spot Virus,Low,No,0.572,26.4,30.7,92.9,119.0,6.68,60.1,57.5,51.0,65.4,3.67,33.9876,74.887,0.0
Apple,Silty,Normal,High,Apple Scab,Low,No,0.417,47.3,21.7,92.3,110.5,6.22,37.9,142.7,202.2,96.7,4.41,31.5379,87.3868,2.0
Muskmelon,Clayey,Normal,High,None,High,Yes,0.505,10.0,25.9,91.5,21.6,6.47,114.6,9.9,52.3,68.3,3.12,13.707,88.9009,0.0
Orange,Sandy,Cool,Low,Citrus Canker,Low,No,0.447,45.1,15.4,93.0,102.9,6.04,37.6,13.1,12.2,54.9,4.1,36.9615,76.6795,0.0
Banana,Clayey,Normal,High,None,Moderate,Yes,0.658,34.0,26.3,78.7,90.8,5.94,117.0,74.6,54.9,70.1,4.21,20.0345,72.5318,4.8
Mungbean,Silty,Normal,High,None,Moderate,Yes,0.323,29.3,28.1,82.0,55.5,6.51,7.9,58.9,17.8,57.7,3.86,30.8451,70.3109,14.0
Cotton,Sandy,Normal,Medium,Bacterial Blight,Moderate,Yes,0.532,28.4,23.2,77.7,74.5,6.62,100.9,41.1,15.3,72.8,3.92,28.2461,73.5416,13.3
Rice,Sandy,Rainy,High,Rice Blast,Low,No,0.698,53.3,28.7,84.1,194.7,6.26,93.6,56.8,35.7,72.0,3.81,23.8837,89.4584,4.7
Grapes,Clayey,Normal,Medium,Anthracnose,Moderate,Yes,0.457,37.2,20.2,80.7,69.6,6.34,34.8,121.0,201.4,87.3,4.72,18.7005,91.2512,2.7
Lentil,Clayey,Normal,Medium,None,High,Yes,0.326,21.3,26.0,68.9,42.1,7.25,35.7,57.6,16.1,57.8,2.94,33.994,82.7146,3.5
Coconut,Sandy,Normal,High,Root Wilt,Low,No,0.508,39.2,27.8,93.0,149.0,5.54,33.1,28.7,32.4,45.9,2.39,20.4751,75.849,3.1
Blackgram,Silty,Normal,High,Powdery Mildew,Moderate,Yes,0.422,26.5,34.9,63.0,70.0,6.56,25.6,65.2,15.7,65.8,3.36,28.6265,73.5119,10.4
Cotton,Loamy,Normal,High,Bacterial Blight,Moderate,Yes,0.637,29.2,22.7,81.5,96.5,5.56,102.6,51.9,24.4,63.6,2.68,18.5401,89.3912,17.3
Lentil,Clayey,Cool,Low,None,High,Yes,0.266,22.1,18.7,64.4,42.6,6.75,23.5,62.0,20.5,60.9,3.27,8.8674,83.2018,3.1
Chickpea,Loamy,Normal,High,None,Moderate,Yes,0.438,22.5,27.6,12.9,76.2,7.81,49.3,57.7,77.9,50.6,3.19,25.006,68.5727,0.0
Coconut,Clayey,Rainy,High,Root Wilt,Low,No,0.45,63.9,28.6,94.4,195.3,6.2,2.8,6.4,34.7,55.3,3.28,8.472,95.7709,13.8
Lentil,Loamy,Normal,Medium,None,High,Yes,0.306,14.1,26.1,62.7,36.5,7.44,3.4,56.8,19.6,41.7,2.2,23.9394,69.128,14.2
Watermelon,Sandy,Normal,High,Anthracnose,Moderate,Yes,0.505,14.7,22.7,82.6,58.7,6.23,97.8,25.2,51.5,66.4,3.04,9.5008,72.5264,2.2
Blackgram,Sandy,Normal,High,None,Moderate,Yes,0.426,30.5,26.2,60.8,62.6,7.21,41.6,57.9,24.6,52.9,3.18,19.3937,86.7676,1.0
Banana,Loamy,Normal,High,None,Moderate,Yes,0.563,31.2,27.5,84.5,93.6,5.85,80.4,76.4,52.0,66.8,4.32,17.3353,68.9234,18.2
Pomegranate,Sandy,Normal,High,Bacterial Blight,Low,No,0.396,36.2,24.5,90.5,111.9,6.16,12.8,23.1,36.8,55.1,3.11,10.8749,68.4331,10.2
Jute,Loamy,Rainy,High,Stem Rot,Low,No,0.581,46.2,28.7,89.7,185.3,7.42,84.5,40.9,35.7,60.2,3.76,21.0984,88.5115,5.0
Coconut,Sandy,Rainy,High,Root Wilt,Low,No,0.29,53.7,25.9,95.2,159.1,6.36,5.4,22.5,32.9,59.2,3.3,26.4418,76.6377,12.0
Maize,Loamy,Normal,Low,Gray Leaf Spot,Moderate,Yes,0.551,39.3,23.8,65.7,91.3,6.56,65.9,45.7,21.4,69.6,4.36,12.9607,86.5757,10.2
Muskmelon,Silty,Normal,High,None,High,Yes,0.445,11.6,27.1,92.4,22.3,6.31,85.9,11.8,45.2,60.8,2.84,15.2919,69.5604,13.5
Blackgram,Clayey,Normal,High,Powdery Mildew,Moderate,Yes,0.395,16.6,33.9,61.9,74.9,7.26,45.3,57.1,21.9,55.3,2.84,19.2339,72.7553,0.0
Pigeonpeas,Silty,Hot & Dry,Low,Fusarium Wilt,Low,No,0.478,40.5,32.9,45.3,134.1,7.03,23.6,79.2,22.3,61.7,4.7,8.5771,75.8552,2.7
Cotton,Clayey,Normal,High,Bacterial Blight,Moderate,Yes,0.62,19.9,23.4,85.0,79.3,6.28,101.1,49.2,21.6,68.7,3.24,26.797,78.0466,15.9
Grapes,Loamy,Normal,High,Powdery Mildew,Moderate,Yes,0.246,28.6,30.9,81.8,65.3,6.03,25.7,132.3,195.1,82.9,3.62,26.035,78.4605,2.8
Coconut,Loamy,Rainy,High,Root Wilt,Low,No,0.505,48.9,29.9,93.7,158.0,5.93,30.5,25.7,28.5,55.0,3.11,19.3807,78.7823,2.9
Cotton,Clayey,Normal,Medium,Bacterial Blight,Moderate,Yes,0.65,38.9,20.2,79.0,90.5,6.66,125.4,58.8,21.1,77.3,4.24,8.4161,71.884,4.6
Muskmelon,Loamy,Normal,High,None,High,Yes,0.478,23.2,25.5,90.6,24.4,6.24,97.7,19.1,54.6,72.7,3.0,26.6089,73.7732,6.0
Banana,Clayey,Normal,High,None,Moderate,Yes,0.621,36.2,29.3,83.9,91.6,6.12,112.7,78.9,54.4,74.3,4.79,16.443,80.4511,4.0
Grapes,Clayey,Normal,High,Powdery Mildew,Moderate,Yes,0.354,30.9,33.4,84.7,67.5,6.39,18.9,129.2,197.0,91.5,3.68,23.0255,72.9526,2.1
Maize,Clayey,Normal,Medium,Maize Rust,Moderate,Yes,0.46,34.4,24.5,72.1,72.5,5.67,90.5,52.9,17.1,58.3,3.61,19.7454,85.3211,2.3
Coconut,Sandy,Rainy,High,Root Wilt,Low,No,0.433,50.2,29.0,93.5,167.9,6.39,18.6,17.2,30.2,55.6,2.85,14.4782,85.1094,4.4
Grapes,Sandy,Cool,High,Anthracnose,Moderate,Yes,0.344,32.2,12.0,80.8,73.4,5.97,28.7,130.9,201.5,82.7,4.04,12.9118,79.0654,3.2
Mothbeans,Silty,Normal,Medium,None,High,Yes,0.3,12.0,26.8,43.2,34.1,4.42,20.9,42.6,23.0,31.6,1.78,34.0322,92.6445,2.7
Muskmelon,Sandy,Normal,High,None,High,Yes,0.577,10.1,29.8,92.7,25.4,6.09,119.2,13.8,53.8,70.3,3.1,32.5695,87.4191,3.4
Blackgram,Silty,Normal,High,Powdery Mildew,Moderate,Yes,0.421,19.4,34.7,60.6,65.1,6.83,35.1,71.1,15.4,58.6,2.9,26.9638,73.2119,5.9
Rice,Sandy,Rainy,High,Rice Blast,Low,No,0.635,83.5,29.7,84.7,277.0,5.85,69.5,58.3,36.7,62.9,3.94,12.6298,89.9093,17.4
Grapes,Clayey,Normal,High,Anthracnose,Moderate,Yes,0.433,29.3,21.1,80.4,73.9,5.88,29.4,140.5,204.3,89.1,3.87,32.5784,78.4555,0.0
Coconut,Silty,Rainy,High,Root Wilt,Low,No,0.449,49.2,28.2,90.4,198.6,6.16,8.7,25.4,27.5,50.2,3.23,29.6486,78.9333,13.6
Grapes,Clayey,Cool,Low,Anthracnose,Moderate,Yes,0.355,27.4,16.2,83.0,65.4,5.89,24.1,120.6,196.2,82.2,4.75,14.4651,70.2251,2.6
Mungbean,Loamy,Normal,High,None,High,Yes,0.25,16.5,29.4,81.0,42.3,6.06,0.9,35.4,23.9,50.5,2.13,30.1893,91.2497,19.7
Blackgram,Clayey,Normal,Low,None,Moderate,Yes,0.383,20.7,26.8,65.3,69.7,7.1,57.2,61.9,18.2,54.4,4.5,11.1335,86.8675,3.3
Pomegranate,Loamy,Normal,High,Bacterial Blight,Low,No,0.257,31.8,24.4,87.2,100.7,6.77,5.8,13.8,39.6,55.3,3.16,33.1477,77.6874,9.6
Banana,Clayey,Normal,High,Panama Wilt,Low,No,0.464,26.7,29.5,81.4,101.5,6.39,87.6,88.7,49.8,80.3,4.23,13.2421,75.3429,9.9
Mango,Clayey,Normal,High,None,Moderate,Yes,0.415,33.0,27.2,51.2,99.2,5.59,30.6,17.3,29.3,49.4,3.05,16.7503,77.9187,1.1
Mothbeans,Sandy,Normal,Low,None,High,Yes,0.404,10.0,27.8,32.4,41.7,6.01,27.8,52.0,22.4,55.8,2.73,34.0465,69.7457,3.8
Coconut,Clayey,Rainy,High,Root Wilt,Low,No,0.489,63.5,26.0,98.5,187.0,5.83,6.2,15.3,30.1,46.3,2.74,21.8498,79.0903,10.9
Pigeonpeas,Clayey,Normal,Medium,None,Low,No,0.397,37.0,20.7,43.8,139.7,7.16,9.0,78.5,19.7,50.3,5.37,26.7012,80.5147,9.2
Coconut,Clayey,Rainy,High,Root Wilt,Low,No,0.453,40.1,26.9,94.5,162.4,6.26,8.9,21.7,29.8,56.9,3.38,17.5478,79.58,9.0
Mothbeans,Clayey,Normal,High,None,Moderate,Yes,0.253,20.3,27.5,43.3,52.3,9.26,7.2,36.2,20.8,20.8,1.64,32.7703,68.324,14.8
Jute,Silty,Rainy,Low,Anthracnose,Low,No,0.595,60.5,21.6,78.9,162.0,6.41,78.7,54.3,43.7,67.3,4.69,27.9987,74.767,3.6
Jute,Clayey,Rainy,High,Stem Rot,Low,No,0.656,52.9,25.8,83.8,185.8,6.7,91.1,40.6,36.3,71.9,4.22,36.8683,75.5265,4.2
Rice,Silty,Rainy,High,Rice Blast,Low,No,0.744,72.2,34.1,84.4,293.7,6.55,78.1,45.6,40.3,71.9,4.4,35.2048,73.0489,8.7
Muskmelon,Silty,Normal,High,None,High,Yes,0.514,11.0,27.7,91.0,25.4,6.39,112.2,7.6,48.5,72.9,3.01,18.9645,81.7377,0.0
Orange,Loamy,Normal,High,Citrus Canker,Low,No,0.463,33.9,27.5,94.9,111.4,7.36,28.9,9.9,7.9,42.7,2.69,27.169,85.9025,1.8
Coconut,Clayey,Normal,High,Root Wilt,Low,No,0.379,46.1,27.0,99.4,143.2,5.58,25.7,15.8,33.8,47.5,2.68,36.279,94.9234,1.0
Maize,Sandy,Normal,High,None,Moderate,Yes,0.565,24.8,23.3,67.8,88.5,6.28,99.5,46.4,18.9,67.0,4.75,36.901,85.332,0.0
Rice,Loamy,Rainy,High,Rice Blast,Low,No,0.796,58.1,24.5,82.2,190.4,5.63,107.1,39.7,42.6,64.9,3.59,36.7643,92.8673,4.6
Papaya,Clayey,Rainy,High,Papaya Ring Spot Virus,Low,No,0.498,63.9,24.6,93.0,212.8,6.5,34.5,49.1,45.8,65.5,4.0,19.3447,93.0446,12.6
Papaya,Clayey,Rainy,High,Papaya Ring Spot Virus,Low,No,0.499,73.9,28.9,94.9,241.8,6.93,37.9,45.0,48.0,62.6,3.29,17.7817,76.6974,10.5
Banana,Silty,Normal,High,Panama Wilt,Low,No,0.681,35.6,27.9,81.1,112.9,6.35,110.8,84.9,47.9,75.6,4.36,29.041,78.721,0.0
Maize,Clayey,Normal,Medium,None,Low,No,0.539,44.0,22.0,62.4,103.2,6.71,62.7,41.6,24.2,64.3,6.32,26.3485,92.1396,18.7
Pomegranate,Clayey,Cool,High,Bacterial Blight,Low,No,0.312,36.3,18.8,91.6,102.9,6.9,28.8,27.4,40.1,55.9,2.85,31.7999,90.7449,0.0
Coconut,Sandy,Rainy,High,Root Wilt,Low,No,0.341,41.3,28.8,90.9,155.3,6.33,11.8,20.4,33.6,58.4,3.5,23.7034,72.915,8.6
Mungbean,Loamy,Normal,High,None,Moderate,Yes,0.334,14.3,27.4,80.2,53.1,6.77,20.1,38.4,16.2,58.1,3.42,27.3277,90.6289,4.8
Cotton,Loamy,Normal,Medium,Bacterial Blight,Moderate,Yes,0.71,33.8,20.4,80.6,88.9,7.0,114.0,42.5,24.8,70.0,4.3,8.1778,96.2002,7.6
Lentil,Sandy,Normal,Medium,None,Moderate,Yes,0.295,15.7,26.4,62.0,53.1,7.14,34.8,68.0,15.8,50.7,3.9,29.3256,71.124,4.4
Mango,Silty,Normal,High,Powdery Mildew,Low,No,0.325,35.6,31.6,51.2,100.2,5.94,10.6,23.3,31.3,46.3,2.33,33.0642,74.8134,7.5
Apple,Loamy,Normal,High,Apple Scab,Low,No,0.359,45.6,20.6,94.5,124.5,6.33,25.7,127.9,202.0,94.8,4.89,36.6245,80.1958,1.6
Kidneybeans,Clayey,Normal,Low,None,Low,No,0.361,42.3,21.6,24.9,116.2,5.92,30.3,63.5,24.8,55.1,5.7,14.0196,69.7058,4.0
Watermelon,Silty,Normal,High,Anthracnose,High,Yes,0.417,25.7,22.0,86.3,40.6,6.97,81.3,7.9,47.0,58.7,1.59,36.671,84.2572,18.1
Papaya,Sandy,Normal,High,Papaya Ring Spot Virus,Low,No,0.457,42.3,23.3,94.0,144.0,7.0,55.9,52.2,54.7,67.1,4.25,27.8115,84.535,0.0
Pomegranate,Sandy,Normal,High,Bacterial Blight,Low,No,0.235,45.9,24.2,92.6,111.7,6.51,1.3,13.3,42.6,57.7,3.43,14.7989,86.6745,17.0
Grapes,Silty,Cool,High,Anthracnose,Moderate,Yes,0.456,41.6,8.8,84.3,66.6,6.48,32.6,130.0,199.4,93.3,3.32,28.1561,73.4849,0.0
Coconut,Clayey,Rainy,High,Root Wilt,Low,No,0.463,66.7,28.3,95.9,203.5,5.64,0.6,29.9,30.1,43.6,2.91,9.3075,81.8695,15.1
Apple,Silty,Normal,High,Apple Scab,Low,No,0.301,35.6,24.8,94.0,116.1,5.91,8.2,122.1,195.5,84.2,4.94,10.2516,73.4771,14.2
Coconut,Loamy,Normal,High,None,Low,No,0.422,48.9,25.1,90.6,139.6,5.57,14.0,21.3,34.2,41.2,3.22,31.7728,76.8282,7.4
Pigeonpeas,Silty,Rainy,Low,None,Low,No,0.376,50.3,20.3,65.0,164.6,6.25,27.3,71.6,20.1,58.8,5.87,10.2712,75.799,4.6
Coffee,Sandy,Rainy,Low,None,Low,No,0.642,50.1,29.8,60.8,192.0,6.09,118.4,34.1,32.8,63.6,6.15,31.383,71.1781,0.0
Pomegranate,Clayey,Normal,High,Bacterial Blight,Low,No,0.3,42.5,22.9,91.0,113.9,6.62,20.6,10.9,37.5,60.0,3.69,36.8908,84.3437,1.6
Jute,Silty,Rainy,High,Stem Rot,Low,No,0.565,52.2,22.1,89.5,171.0,6.03,62.4,36.9,36.6,65.2,3.55,14.4205,89.0824,17.7
Mungbean,Loamy,Normal,High,None,Moderate,Yes,0.204,20.5,27.9,83.9,55.0,6.25,15.5,42.7,17.9,57.6,3.8,36.8782,89.1813,7.0
Rice,Clayey,Rainy,High,Rice Blast,Low,No,0.633,47.6,35.3,84.6,174.3,7.43,80.6,50.3,35.1,54.8,3.16,10.4877,88.3042,9.0
Muskmelon,Loamy,Normal,High,None,High,Yes,0.461,12.5,29.2,91.9,29.6,6.04,91.5,28.1,54.5,68.9,2.53,17.0476,78.3614,11.6
Mango,Clayey,Normal,High,None,Moderate,Yes,0.268,24.6,28.2,46.4,87.6,5.71,6.7,25.6,27.5,46.4,3.2,8.6523,72.4926,9.2
Muskmelon,Loamy,Normal,High,None,High,Yes,0.587,18.1,28.3,91.2,20.3,6.13,119.6,14.6,52.7,68.3,2.72,30.0992,79.0127,3.1
Blackgram,Clayey,Normal,High,Powdery Mildew,Moderate,Yes,0.239,18.2,33.5,62.2,61.7,6.52,22.4,56.5,16.4,65.0,2.99,21.8657,87.6588,16.8
Mango,Silty,Normal,Medium,None,Low,No,0.268,25.6,26.3,49.8,103.8,5.69,13.4,37.7,26.4,46.1,4.83,25.7647,89.3449,6.9
Muskmelon,Sandy,Normal,High,None,High,Yes,0.433,11.3,27.2,93.9,22.1,6.04,107.8,13.8,51.7,64.4,2.64,28.3168,88.4899,0.0
Coconut,Clayey,Rainy,High,None,Low,No,0.334,63.5,25.6,91.1,177.4,6.36,16.4,5.7,25.4,52.5,3.96,33.6464,90.8596,4.2
Rice,Sandy,Rainy,High,Rice Blast,Low,No,0.826,66.5,27.4,82.8,247.3,5.56,103.9,38.6,44.6,60.5,3.41,36.3302,70.157,4.9
Cotton,Sandy,Normal,High,Bacterial Blight,Moderate,Yes,0.588,38.8,24.6,79.1,79.5,6.47,135.2,46.8,21.8,78.2,3.3,22.3286,94.1759,0.0
Coconut,Clayey,Normal,High,Root Wilt,Low,No,0.318,33.4,28.2,99.4,131.0,6.02,2.4,9.9,26.2,46.9,2.6,22.775,88.918,14.1
Grapes,Silty,Normal,High,Powdery Mildew,Moderate,Yes,0.258,24.7,34.0,82.3,68.5,6.05,29.6,141.3,199.5,88.5,4.0,31.7551,82.4339,0.0
Pomegranate,Clayey,Normal,High,Bacterial Blight,Low,No,0.296,30.1,23.8,92.7,102.5,6.4,11.2,6.5,42.3,57.2,3.67,16.3112,83.6233,7.8
Muskmelon,Silty,Normal,High,None,High,Yes,0.41,20.3,25.3,90.8,24.4,6.24,84.7,18.5,45.8,64.6,2.88,18.872,71.6374,16.5
Blackgram,Sandy,Normal,High,Powdery Mildew,Moderate,Yes,0.362,16.7,33.3,69.0,66.2,6.6,45.7,71.0,21.4,69.0,3.49,18.2051,87.1944,2.2
Jute,Clayey,Rainy,High,None,Low,No,0.578,49.9,27.2,79.5,152.8,6.66,92.3,53.1,41.0,69.3,5.3,13.6794,90.5105,0.0
Pigeonpeas,Sandy,Normal,Medium,None,Low,No,0.373,36.8,20.4,37.3,129.3,6.38,18.8,79.0,20.9,58.6,6.3,12.7149,92.6868,0.0
Apple,Clayey,Normal,High,Apple Scab,Low,No,0.413,32.7,20.8,93.3,103.9,5.81,11.5,133.3,199.3,82.5,4.81,8.6865,71.6883,6.7
Rice,Silty,Rainy,High,None,Low,No,0.668,51.6,29.2,81.9,159.3,5.39,85.1,57.6,39.1,59.1,4.76,35.5673,80.7345,4.5
Maize,Loamy,Normal,Medium,None,Low,No,0.486,29.4,26.8,61.8,109.5,6.58,82.9,59.8,24.7,68.5,6.59,33.914,79.2598,2.4
Coffee,Loamy,Normal,Low,None,Low,No,0.591,50.1,25.2,55.5,129.6,6.53,108.8,39.5,34.2,68.2,7.06,8.9624,84.5221,1.4
Maize,Silty,Normal,Medium,None,Moderate,Yes,0.564,26.5,20.9,58.7,66.0,6.75,71.9,58.7,19.1,61.3,4.75,24.7208,68.7964,8.1
Mango,Loamy,Normal,Medium,None,Moderate,Yes,0.231,27.5,27.1,54.0,94.9,4.95,9.4,38.7,31.8,33.6,2.52,24.2794,75.3601,13.0
Cotton,Silty,Normal,High,Bacterial Blight,Moderate,Yes,0.646,21.6,23.7,79.9,81.6,6.09,134.8,57.8,20.7,73.5,3.35,14.1893,82.5772,4.1
Maize,Clayey,Normal,Low,None,Moderate,Yes,0.394,19.5,25.8,58.4,67.5,6.9,64.7,36.6,17.1,63.3,5.16,9.2828,76.3092,13.9
Rice,Clayey,Rainy,High,Rice Blast,Low,No,0.534,64.1,25.6,83.4,187.6,6.0,83.9,41.1,36.9,67.3,4.05,18.6265,86.299,3.8
Coconut,Loamy,Rainy,High,Root Wilt,Low,No,0.337,56.7,25.3,91.2,193.7,6.38,9.9,21.5,30.7,59.4,3.33,9.4632,95.9895,12.1
Coffee,Silty,Rainy,Medium,None,Low,No,0.637,56.3,22.9,61.7,181.7,6.07,110.3,31.2,28.7,60.4,5.77,8.3077,77.3202,3.4
Mothbeans,Sandy,Hot & Dry,Low,None,High,Yes,0.37,14.8,30.0,45.9,44.6,5.25,9.5,46.3,16.9,39.1,2.13,34.431,77.2866,9.1
Blackgram,Clayey,Normal,High,Powdery Mildew,Moderate,Yes,0.312,16.0,31.1,67.6,67.4,6.58,27.0,59.7,19.0,63.1,3.17,24.8699,79.7572,10.4
Pigeonpeas,Silty,Normal,Low,None,Moderate,Yes,0.374,41.3,21.1,43.9,97.8,6.14,30.5,58.3,23.5,58.7,4.69,22.0523,72.6364,0.0
Mango,Loamy,Hot & Dry,High,Powdery Mildew,Moderate,Yes,0.403,23.2,33.6,47.4,95.0,5.58,33.6,37.5,30.2,51.2,2.64,13.6407,82.8261,0.7
Jute,Sandy,Rainy,High,None,Low,No,0.471,63.2,28.5,78.3,182.2,6.61,64.5,55.8,40.8,68.4,5.21,9.4344,91.5354,13.8
Mango,Loamy,Hot & Dry,Medium,Powdery Mildew,Moderate,Yes,0.311,24.1,33.1,47.8,97.4,6.68,0.5,20.0,29.1,50.8,2.63,31.3298,76.3718,19.3
Apple,Silty,Normal,High,Apple Scab,Low,No,0.363,41.1,20.7,92.0,112.6,6.22,33.1,125.7,196.8,88.1,4.28,15.145,89.1382,0.0
Grapes,Sandy,Cool,High,Anthracnose,Moderate,Yes,0.434,23.2,12.5,81.5,66.7,6.18,29.2,141.8,200.1,96.7,3.79,27.3452,94.6849,2.7
Rice,Clayey,Rainy,High,Rice Blast,Low,No,0.567,42.7,32.0,82.8,152.9,5.16,95.4,47.7,42.5,50.8,2.81,11.6837,82.0332,2.2
Pigeonpeas,Clayey,Rainy,High,Fusarium Wilt,Low,No,0.353,49.8,33.5,58.2,188.5,5.04,15.6,60.8,16.3,39.2,1.97,25.9365,84.7756,7.0
Mothbeans,Silty,Normal,Low,None,Moderate,Yes,0.429,31.0,24.8,58.2,66.7,6.07,22.7,57.7,17.5,55.2,4.36,25.1938,77.4247,0.0
Mungbean,Sandy,Normal,High,None,High,Yes,0.239,18.1,29.8,89.5,43.1,7.24,23.2,45.7,22.2,49.7,2.23,22.8491,74.1537,4.3
Coffee,Silty,Rainy,Low,None,Low,No,0.593,59.4,21.2,64.2,197.6,6.81,80.2,18.9,32.4,57.6,6.02,32.8739,77.8664,20.2
Chickpea,Silty,Normal,Low,None,Moderate,Yes,0.502,23.1,21.3,18.7,83.6,6.57,58.8,66.5,82.4,79.6,6.39,29.4786,71.9994,0.6
Pomegranate,Clayey,Normal,High,Bacterial Blight,Low,No,0.423,31.9,22.8,93.5,110.0,5.85,22.9,19.3,43.0,53.2,3.36,12.5046,73.7284,1.5
Apple,Silty,Normal,High,Apple Scab,Low,No,0.488,30.4,20.9,90.5,107.5,5.69,30.6,137.7,197.7,86.3,4.25,29.2448,91.2644,2.0
Blackgram,Clayey,Normal,Low,None,Moderate,Yes,0.299,25.6,26.0,66.6,65.5,7.09,30.3,60.1,19.5,50.4,3.82,16.6542,74.0108,12.5
Chickpea,Loamy,Cool,Low,None,Moderate,Yes,0.479,39.4,18.0,16.7,71.8,6.38,58.6,62.9,79.3,74.5,6.31,30.0313,75.5746,2.4
Mango,Clayey,Normal,High,Powdery Mildew,Moderate,Yes,0.348,26.1,34.4,51.3,88.3,6.86,34.9,36.6,27.1,56.2,2.25,34.7683,71.8556,4.6
Coconut,Loamy,Rainy,High,Root Wilt,Low,No,0.454,51.6,28.4,91.7,158.8,6.01,36.1,11.4,32.7,52.2,3.04,10.473,89.563,0.6
Pomegranate,Clayey,Normal,High,Bacterial Blight,Low,No,0.455,46.7,20.3,92.3,103.0,6.01,23.9,9.9,44.2,48.8,2.67,19.1949,80.5012,1.0
Rice,Sandy,Rainy,Medium,None,Low,No,0.677,74.6,20.4,83.8,274.7,6.98,79.1,41.0,39.5,63.0,6.49,34.5181,78.8712,8.4
Chickpea,Silty,Normal,Low,None,Moderate,Yes,0.387,28.6,26.5,13.0,85.6,5.5,27.0,66.3,80.3,62.3,5.37,15.9127,84.0837,9.6
Mungbean,Sandy,Normal,High,None,Moderate,Yes,0.221,23.3,28.1,84.4,50.8,7.39,2.6,53.9,16.1,47.0,2.72,30.5949,71.3936,17.7
Jute,Sandy,Rainy,High,None,Low,No,0.503,42.6,29.7,76.5,169.6,6.0,74.5,41.2,36.2,63.9,5.51,11.6453,78.9805,4.7
Mango,Silty,Hot & Dry,High,Powdery Mildew,Low,No,0.404,34.6,30.8,45.9,103.7,4.82,17.6,35.5,31.3,35.5,1.86,17.5726,77.3417,3.5
Orange,Sandy,Normal,High,Citrus Canker,Low,No,0.39,31.3,25.4,95.0,104.3,6.73,7.4,7.9,7.1,53.9,3.41,21.434,90.4814,10.9
Orange,Clayey,Normal,High,Citrus Canker,Low,No,0.452,31.4,26.4,90.7,112.9,6.5,14.5,28.3,12.0,58.8,3.39,10.8117,81.3823,3.2
Watermelon,Sandy,Normal,High,None,Moderate,Yes,0.608,27.0,26.0,83.3,52.1,6.98,94.8,10.3,51.4,62.0,3.77,15.6464,79.9772,7.6
Maize,Sandy,Normal,Low,None,Moderate,Yes,0.523,29.5,24.2,61.5,66.1,6.44,84.3,53.3,22.0,71.8,6.16,28.4396,75.636,4.4
Mango,Silty,Normal,Medium,Anthracnose,Moderate,Yes,0.399,31.8,25.3,49.0,87.9,6.61,10.1,33.1,34.8,62.7,3.97,18.7316,89.5933,10.8
Jute,Silty,Rainy,High,Anthracnose,Low,No,0.682,60.4,22.0,75.0,169.0,6.69,87.6,59.8,42.9,66.5,3.88,25.6221,77.2937,2.7
Rice,Clayey,Rainy,High,Rice Blast,Low,No,0.654,69.8,35.3,84.8,277.6,5.25,95.0,44.9,41.6,57.8,3.26,18.514,69.2109,0.0
Chickpea,Sandy,Cool,Low,None,Moderate,Yes,0.422,31.9,17.1,15.9,67.6,7.97,40.0,67.8,80.6,47.6,4.1,16.8117,75.4447,2.8
Muskmelon,Silty,Normal,High,None,High,Yes,0.513,10.0,30.0,91.6,25.0,6.12,87.1,19.3,52.1,65.5,2.94,17.0859,94.9196,10.3
Pigeonpeas,Sandy,Rainy,High,Fusarium Wilt,Low,No,0.524,48.7,38.8,61.1,151.4,7.05,33.0,60.8,17.1,59.6,3.07,28.6754,84.2822,3.5
Papaya,Loamy,Rainy,High,Papaya Ring Spot Virus,Low,No,0.54,64.6,30.2,90.2,205.9,6.83,35.5,37.2,45.4,63.1,3.83,15.0495,96.8654,16.1
Kidneybeans,Silty,Normal,Low,None,Low,No,0.379,46.9,21.3,16.9,121.9,5.78,38.6,72.1,22.4,57.7,6.13,32.127,70.8963,4.0
Mothbeans,Loamy,Normal,High,None,High,Yes,0.256,14.4,27.5,37.5,39.9,4.57,3.7,44.6,15.2,35.3,1.76,8.7909,91.2702,17.6
Pigeonpeas,Sandy,Normal,Medium,None,Low,No,0.35,49.9,23.3,46.0,142.8,6.23,37.0,60.9,20.4,63.9,6.35,30.6878,80.2695,0.0
Chickpea,Silty,Normal,Low,None,Moderate,Yes,0.409,30.5,20.2,19.1,70.5,6.85,56.1,70.1,81.8,71.6,5.44,12.5475,82.5638,0.0
Cotton,Sandy,Normal,Medium,Bacterial Blight,Moderate,Yes,0.607,22.1,21.7,75.8,84.3,6.14,105.8,40.6,19.7,62.6,3.92,25.8557,85.8311,11.0
Jute,Sandy,Rainy,High,Stem Rot,Low,No,0.625,49.8,23.8,84.4,160.7,6.34,91.3,56.9,35.9,75.4,4.16,27.4255,92.914,2.8
Coconut,Loamy,Rainy,High,Root Wilt,Low,No,0.374,44.1,25.9,99.6,162.8,5.86,15.6,18.0,30.7,44.7,2.92,34.8161,87.7141,6.3
Pomegranate,Silty,Normal,High,Bacterial Blight,Low,No,0.454,43.5,22.2,85.0,105.5,5.91,31.0,18.8,38.1,53.0,3.21,12.9318,88.9547,1.2
Banana,Clayey,Normal,High,None,Low,No,0.567,30.3,26.3,84.0,119.9,6.1,104.6,71.4,48.4,76.9,6.07,28.9701,74.657,1.4
Orange,Loamy,Normal,High,Citrus Canker,Low,No,0.46,30.6,28.8,93.0,106.8,6.26,30.5,6.4,6.5,50.5,2.9,26.6642,82.3222,2.3
Jute,Clayey,Rainy,Medium,Anthracnose,Low,No,0.695,57.3,21.8,77.0,171.5,6.7,89.8,40.2,35.2,64.5,4.35,32.7451,74.2084,0.6
Mango,Loamy,Normal,High,Powdery Mildew,Moderate,Yes,0.441,27.7,34.6,54.4,86.3,5.49,22.5,31.0,34.5,48.9,2.34,33.3695,70.1775,0.1
Mango,Sandy,Normal,High,None,Moderate,Yes,0.469,30.0,27.0,49.5,99.2,5.89,36.7,34.0,29.3,53.0,3.43,17.0403,82.4336,0.9
Mango,Silty,Hot & Dry,Medium,Powdery Mildew,Low,No,0.493,22.2,32.2,48.2,102.2,5.9,35.9,23.1,30.0,52.2,3.41,18.8476,86.5937,0.2
Pigeonpeas,Loamy,Normal,Medium,None,Low,No,0.51,37.7,28.0,42.4,118.9,5.0,34.9,76.1,19.1,43.4,4.36,8.1951,95.6075,0.7
Orange,Clayey,Cool,High,Citrus Canker,Low,No,0.376,27.8,19.3,93.6,102.8,6.15,28.2,25.5,6.8,55.6,2.94,17.7043,71.1872,3.4
Blackgram,Clayey,Normal,High,Powdery Mildew,Moderate,Yes,0.472,16.5,32.2,62.7,74.7,7.32,42.4,59.4,23.2,53.8,2.19,33.267,82.8334,0.0
Apple,Sandy,Normal,High,Apple Scab,Low,No,0.403,34.8,23.4,94.7,118.8,5.78,25.2,127.9,196.0,88.1,4.97,14.5845,82.5065,2.6
Coconut,Sandy,Rainy,High,Root Wilt,Low,No,0.39,50.9,29.2,90.7,151.2,6.09,24.4,25.9,31.8,55.9,3.4,26.916,77.3291,0.0
Rice,Silty,Rainy,High,Rice Blast,Low,No,0.569,46.6,29.9,81.5,187.4,6.44,94.3,36.1,40.5,74.4,4.55,24.3714,85.6946,0.0
Maize,Sandy,Normal,Low,Maize Rust,Low,No,0.534,32.9,27.0,67.1,102.5,6.08,72.6,35.1,21.7,61.7,4.51,18.6437,83.0749,5.8
Coffee,Clayey,Normal,High,None,Low,No,0.655,34.8,21.7,50.3,111.5,6.45,119.7,23.9,32.4,67.2,5.83,17.2956,84.5379,3.8
Papaya,Silty,Normal,High,None,Moderate,Yes,0.311,16.9,29.3,90.6,65.4,7.0,47.7,43.1,45.3,58.6,4.24,32.7909,92.0236,3.9
Grapes,Sandy,Normal,High,Anthracnose,Moderate,Yes,0.285,24.9,20.9,84.5,67.8,5.92,26.3,120.7,203.6,81.6,3.96,17.0819,90.5147,0.5
Mango,Sandy,Normal,Medium,None,Moderate,Yes,0.276,32.5,25.6,49.1,87.6,6.05,21.5,19.0,29.6,53.9,4.55,15.303,68.8301,4.2
Orange,Sandy,Cool,Medium,Citrus Canker,Low,No,0.303,50.4,10.3,93.6,101.5,6.53,25.8,17.4,6.2,58.4,4.35,19.1285,71.1807,4.7
Apple,Sandy,Normal,High,Apple Scab,Low,No,0.275,36.2,21.0,91.7,110.6,6.13,8.2,126.5,197.6,90.0,4.37,23.6777,81.733,12.4
Apple,Sandy,Normal,High,Apple Scab,Low,No,0.341,34.2,23.1,93.3,117.0,6.36,34.8,122.8,200.2,95.6,4.35,10.7191,74.8187,0.0
Jute,Silty,Rainy,High,None,Low,No,0.669,47.5,27.6,72.0,174.3,6.73,96.2,35.3,39.7,70.5,6.01,29.015,73.5675,4.6
Mothbeans,Silty,Normal,High,None,High,Yes,0.39,13.6,25.4,32.2,43.2,5.33,29.5,55.8,24.4,45.2,2.13,10.8447,93.5405,2.1
Apple,Clayey,Normal,High,Apple Scab,Low,No,0.232,42.4,24.9,93.3,115.6,5.84,4.5,139.0,203.0,87.5,4.29,30.181,82.4583,15.4
Papaya,Loamy,Normal,High,Papaya Ring Spot Virus,Low,No,0.556,39.1,26.8,93.1,143.8,6.55,62.0,51.3,54.5,65.6,3.75,12.9464,88.5091,2.5
Apple,Silty,Normal,High,Apple Scab,Low,No,0.246,45.0,20.6,92.0,104.1,5.66,8.9,126.1,198.5,83.3,4.47,16.3448,73.0949,7.5
Muskmelon,Sandy,Normal,High,None,High,Yes,0.444,17.8,27.6,94.7,22.7,6.41,80.3,6.3,46.6,64.2,2.54,31.6982,79.2773,19.5
Pigeonpeas,Sandy,Normal,Low,None,Low,No,0.281,40.5,25.3,55.3,116.4,4.8,4.7,72.4,23.9,38.8,4.23,10.396,91.9325,12.3
Coconut,Loamy,Rainy,High,Root Wilt,Low,No,0.448,50.3,29.6,95.8,171.7,6.24,37.2,11.4,27.7,52.2,3.25,16.8924,71.6409,0.0
Mango,Sandy,Normal,Medium,Powdery Mildew,Low,No,0.31,26.2,34.4,53.1,102.5,5.31,16.5,29.2,30.9,44.6,2.87,16.4798,77.2278,3.0
Orange,Loamy,Cool,Medium,Citrus Canker,Low,No,0.343,31.4,17.4,91.6,111.2,6.03,30.2,18.4,13.0,48.3,3.32,10.2168,95.2349,0.0
Watermelon,Silty,Normal,High,Anthracnose,High,Yes,0.638,14.6,22.6,82.2,49.7,6.21,108.1,20.4,50.0,71.0,1.98,32.2397,72.7337,0.0
Banana,Silty,Normal,High,None,Low,No,0.589,36.5,26.0,80.3,112.7,5.71,118.8,94.7,45.0,67.8,5.37,9.9963,82.0075,0.0
Apple,Silty,Normal,High,Apple Scab,Low,No,0.354,41.2,21.2,91.2,115.1,6.42,2.0,136.9,203.6,91.5,4.48,10.8121,68.0186,14.8
Orange,Sandy,Normal,High,Citrus Canker,Low,No,0.308,28.6,27.1,92.7,103.6,7.18,7.6,21.0,8.7,49.4,3.05,24.1464,78.0533,11.5
Coconut,Clayey,Rainy,High,Root Wilt,Low,No,0.384,50.0,25.6,91.0,188.9,6.45,20.6,22.7,25.9,61.2,3.64,19.9404,73.5013,2.6
Coconut,Clayey,Rainy,High,None,Low,No,0.459,48.0,25.9,93.1,183.6,5.69,29.8,27.3,28.2,50.0,3.74,34.8422,84.3881,4.6
Mothbeans,Silty,Normal,Low,None,Moderate,Yes,0.325,15.5,29.0,60.9,69.0,9.02,11.6,41.9,17.0,25.2,1.87,11.8795,86.7903,4.7
Orange,Clayey,Cool,Low,Citrus Canker,Low,No,0.439,52.5,14.3,91.3,116.8,6.75,26.2,21.6,12.6,50.1,3.34,22.377,91.5242,4.6
Watermelon,Sandy,Normal,Medium,Anthracnose,Moderate,Yes,0.624,23.0,23.0,81.1,56.7,6.99,117.4,29.6,45.5,63.7,3.56,36.9877,80.7789,2.0
Jute,Silty,Rainy,Medium,None,Low,No,0.641,56.4,25.4,71.7,178.3,7.4,92.6,43.9,43.2,55.7,5.31,11.0909,83.511,0.0
Lentil,Sandy,Normal,Low,Rust,High,Yes,0.191,11.1,23.3,60.6,37.5,6.83,11.9,55.5,16.4,59.2,1.79,19.1921,79.9191,8.3
Apple,Loamy,Normal,High,Apple Scab,Low,No,0.465,45.4,24.9,95.0,106.8,5.74,34.4,126.0,202.8,87.7,4.4,34.3835,82.5847,4.1
Blackgram,Loamy,Normal,Low,Powdery Mildew,Moderate,Yes,0.518,21.7,30.9,60.8,66.1,6.66,54.4,78.1,16.1,62.7,3.74,35.0927,89.5742,0.0
Chickpea,Clayey,Cool,Low,None,Moderate,Yes,0.36,43.7,15.4,10.4,85.2,7.85,22.1,64.5,77.3,53.0,4.2,32.6169,91.244,14.7
Coffee,Clayey,Rainy,Medium,None,Low,No,0.742,49.8,24.3,51.8,190.9,6.56,91.1,24.4,33.1,66.6,7.1,33.7918,72.5981,11.6
Muskmelon,Sandy,Normal,High,None,High,Yes,0.551,11.8,27.3,91.9,21.7,6.42,86.4,29.4,49.4,65.3,2.32,31.3377,96.8561,11.3
Mothbeans,Loamy,Normal,Medium,None,High,Yes,0.426,13.7,29.5,44.4,41.7,8.58,30.2,42.4,22.6,33.2,1.75,25.9042,95.3377,2.6
Grapes,Silty,Normal,High,Powdery Mildew,Moderate,Yes,0.193,22.4,32.0,82.6,74.5,5.99,1.6,136.2,197.9,80.8,3.99,25.4865,73.3687,13.4
Jute,Loamy,Rainy,High,Anthracnose,Low,No,0.591,64.9,21.8,70.1,183.8,6.52,89.2,52.0,37.8,71.7,4.39,8.7758,91.3333,0.0
Orange,Silty,Normal,High,Citrus Canker,Low,No,0.34,38.0,22.6,94.7,105.2,6.34,28.7,14.2,8.5,52.8,3.27,22.0103,71.8566,3.1
Mothbeans,Silty,Hot & Dry,High,None,High,Yes,0.305,13.0,30.1,42.1,37.5,6.0,25.3,51.2,15.6,51.9,1.83,28.0907,94.7342,1.7
Jute,Silty,Rainy,High,Anthracnose,Low,No,0.614,46.0,21.8,76.3,175.6,6.09,95.0,57.7,39.8,71.7,4.46,25.2654,78.8208,0.0
Cotton,Clayey,Normal,Low,Bacterial Blight,Moderate,Yes,0.69,33.5,24.0,79.1,88.6,5.64,136.1,52.0,23.6,63.8,3.36,33.4332,88.9919,3.1
Cotton,Clayey,Normal,Low,Bacterial Blight,Moderate,Yes,0.675,30.1,21.9,78.2,82.4,7.1,138.5,44.2,21.1,65.5,3.57,10.2129,87.8361,0.0
Pomegranate,Clayey,Cool,High,Bacterial Blight,Low,No,0.438,35.3,18.8,94.6,108.5,5.74,12.5,15.2,42.9,49.5,2.9,8.4121,84.4804,9.1
Pigeonpeas,Clayey,Hot & Dry,High,Fusarium Wilt,Low,No,0.297,21.7,37.6,40.6,100.1,4.71,28.4,74.3,22.2,35.4,2.18,10.9389,75.6699,3.8
Coconut,Clayey,Rainy,High,Root Wilt,Low,No,0.49,72.2,26.2,92.2,222.6,6.14,2.3,16.6,33.0,50.8,3.28,10.4457,68.4705,15.0
Cotton,Silty,Normal,Medium,Bacterial Blight,Moderate,Yes,0.596,24.0,20.3,80.9,62.5,6.42,136.5,55.4,19.7,77.1,4.08,8.2519,70.7188,1.7
Banana,Silty,Normal,High,Panama Wilt,Low,No,0.686,30.3,27.5,83.3,117.6,5.6,111.5,90.3,45.4,64.2,3.99,35.3735,69.2133,0.0
Maize,Loamy,Normal,Medium,None,Moderate,Yes,0.403,21.9,29.0,65.9,78.9,5.6,64.9,59.2,15.8,55.5,4.49,23.0267,81.8288,10.6
Kidneybeans,Silty,Normal,Medium,None,Low,No,0.379,49.4,23.0,22.8,135.2,5.93,11.3,62.6,15.8,51.6,5.59,34.5955,95.1699,8.5
Grapes,Silty,Normal,High,Powdery Mildew,Moderate,Yes,0.246,26.5,36.7,82.4,66.6,6.37,4.9,131.2,196.1,92.5,4.06,28.4772,94.783,11.2
Chickpea,Sandy,Normal,Low,None,Moderate,Yes,0.401,26.5,28.7,18.3,80.7,6.29,53.8,71.6,82.9,71.5,5.56,12.1079,75.3031,3.4
Watermelon,Clayey,Normal,Low,None,Moderate,Yes,0.503,15.3,21.2,84.6,50.1,6.32,88.6,29.1,46.8,69.9,5.3,10.6128,73.9844,12.7
Pigeonpeas,Silty,Normal,High,Phytophthora Blight,Low,No,0.304,51.3,27.9,63.3,140.8,6.86,0.6,57.6,20.2,51.5,3.07,9.273,92.1881,15.6
Watermelon,Silty,Normal,High,Anthracnose,High,Yes,0.517,11.5,24.2,88.7,48.7,6.76,89.2,22.4,54.1,63.6,1.97,10.032,96.4416,6.9
Apple,Silty,Normal,High,Apple Scab,Low,No,0.366,48.6,23.0,94.3,124.3,6.49,4.9,130.4,203.2,94.5,4.75,11.4231,87.9481,16.4
Muskmelon,Clayey,Normal,High,None,High,Yes,0.545,11.3,27.5,92.9,21.7,6.32,84.5,9.9,46.7,62.2,2.53,17.292,89.9293,14.2
Pomegranate,Loamy,Normal,High,None,Low,No,0.345,39.1,23.4,87.9,104.6,6.14,5.1,26.5,42.7,51.1,4.3,32.6439,74.7767,12.8
Coconut,Clayey,Normal,High,Root Wilt,Low,No,0.326,48.9,30.0,91.7,143.0,6.48,11.8,27.5,27.0,56.3,3.19,31.4627,96.5896,10.0
Orange,Clayey,Cool,High,Citrus Canker,Low,No,0.407,43.6,19.1,92.4,112.1,6.55,23.9,23.4,9.2,61.0,3.12,13.8532,91.4748,1.3
Grapes,Loamy,Normal,High,None,Moderate,Yes,0.358,17.3,29.5,82.4,74.1,5.51,2.9,135.3,204.0,74.4,4.58,10.0049,75.0571,13.6
Papaya,Sandy,Rainy,High,Papaya Ring Spot Virus,Low,No,0.472,64.4,35.3,92.0,202.9,6.52,32.9,44.0,49.6,65.0,3.69,29.5284,89.8429,17.0
Kidneybeans,Loamy,Normal,Low,None,Moderate,Yes,0.378,19.8,24.4,20.6,62.7,5.59,34.9,64.3,15.4,48.6,3.77,29.7504,87.6427,0.4
Coconut,Silty,Normal,High,Root Wilt,Low,No,0.452,54.8,25.9,90.1,146.4,6.13,11.6,16.2,29.1,55.6,3.37,10.9133,76.9725,5.3
Maize,Silty,Normal,High,None,Moderate,Yes,0.41,29.9,28.4,72.6,63.9,6.21,78.4,40.7,21.0,68.1,4.16,14.4015,91.0294,4.0
Lentil,Clayey,Normal,High,None,High,Yes,0.407,14.3,20.4,67.3,49.6,7.17,29.2,77.2,17.8,56.0,2.41,17.0763,77.0085,0.0
Papaya,Clayey,Normal,High,Phytophthora Blight,Moderate,Yes,0.388,21.7,36.4,91.5,68.1,6.94,41.4,46.9,47.5,63.7,3.21,21.2892,84.3537,11.5
Papaya,Silty,Rainy,High,Papaya Ring Spot Virus,Low,No,0.473,59.2,28.9,91.5,236.9,6.86,37.1,58.1,47.9,58.8,3.66,21.7235,83.2756,13.9
Mango,Clayey,Hot & Dry,Low,Powdery Mildew,Moderate,Yes,0.403,38.1,32.2,49.4,92.6,6.05,8.3,33.5,31.5,52.0,2.89,14.9959,94.9543,13.2
Maize,Clayey,Normal,Medium,None,Moderate,Yes,0.565,36.7,22.2,62.0,76.7,5.79,89.8,50.7,16.3,58.2,4.75,29.644,71.0598,3.7
Mothbeans,Clayey,Hot & Dry,High,Root Rot,Moderate,Yes,0.222,20.5,30.5,34.9,63.2,10.0,12.5,48.3,23.4,10.0,1.04,19.9264,93.8568,9.9
Jute,Sandy,Rainy,High,None,Low,No,0.581,58.1,25.8,76.2,194.3,6.83,67.1,43.4,38.4,59.6,4.64,33.9853,87.4024,13.1
Chickpea,Silty,Cool,Low,None,Moderate,Yes,0.418,33.6,19.2,19.0,70.2,7.83,56.5,77.8,82.8,58.0,4.96,32.8133,80.4834,3.4
Rice,Sandy,Rainy,High,Rice Blast,Low,No,0.662,68.2,28.4,82.7,221.3,6.81,98.6,50.4,44.3,69.5,3.91,20.7524,71.9664,2.9
Muskmelon,Silty,Normal,High,None,High,Yes,0.582,22.5,29.1,91.9,26.8,6.3,114.5,23.7,48.5,70.9,3.22,16.448,80.1908,3.8
Blackgram,Clayey,Normal,Low,None,Moderate,Yes,0.438,16.6,28.2,67.6,64.8,7.21,28.2,74.1,15.8,57.2,4.59,28.1025,90.7638,12.4
Watermelon,Clayey,Normal,High,Anthracnose,Moderate,Yes,0.427,29.6,21.2,83.3,51.9,6.17,90.0,10.8,48.7,63.0,3.19,29.3056,74.9731,10.3
Muskmelon,Sandy,Normal,High,None,High,Yes,0.372,12.7,28.4,94.8,28.7,6.15,83.1,21.8,50.1,62.4,2.97,29.4045,81.5974,13.5
Jute,Sandy,Rainy,High,Stem Rot,Low,No,0.567,47.8,27.5,85.8,175.1,7.3,95.5,57.5,43.2,65.7,4.14,15.0245,80.573,0.0
Muskmelon,Silty,Normal,High,None,High,Yes,0.599,19.4,26.9,94.4,20.6,6.23,109.4,16.6,50.1,63.3,2.98,24.6918,87.5397,0.0
Mango,Sandy,Normal,Medium,None,Low,No,0.431,25.4,29.2,51.2,102.2,5.43,28.5,25.7,34.5,48.4,4.63,28.565,69.8592,2.7
Rice,Loamy,Rainy,High,Rice Blast,Low,No,0.742,56.1,28.7,81.4,197.8,7.11,100.5,55.9,37.0,60.5,3.21,34.1486,82.1598,0.7
Mungbean,Clayey,Normal,High,None,High,Yes,0.321,18.1,29.1,85.8,46.9,6.96,21.2,48.8,20.9,55.5,2.01,25.7002,81.8584,2.2
Kidneybeans,Silty,Normal,High,None,Moderate,Yes,0.247,34.1,24.6,19.7,97.9,5.86,16.5,55.1,23.5,57.4,4.05,29.7326,71.6581,1.7
Cotton,Loamy,Normal,Medium,Bacterial Blight,Moderate,Yes,0.734,40.4,23.1,76.7,91.8,5.71,131.3,43.3,21.9,61.7,3.32,13.9806,92.5267,3.4
Muskmelon,Sandy,Normal,High,None,High,Yes,0.646,19.3,26.6,93.6,24.9,6.4,116.0,19.2,46.2,74.0,3.42,20.2691,78.7269,0.0
Orange,Sandy,Normal,High,Citrus Canker,Low,No,0.327,30.9,20.6,93.9,104.3,6.17,35.1,13.0,12.5,48.8,2.59,12.9925,70.6971,3.2
Mungbean,Silty,Normal,High,None,High,Yes,0.378,17.0,27.6,82.8,46.8,6.02,11.5,40.9,18.3,53.3,2.35,16.5774,88.2956,6.9
Lentil,Sandy,Normal,High,None,High,Yes,0.243,23.3,28.3,64.9,46.2,6.73,21.6,57.9,23.5,63.5,2.63,21.6611,91.821,4.3
Mango,Silty,Normal,High,None,Moderate,Yes,0.334,27.7,27.1,52.6,86.1,5.45,2.3,34.2,28.4,45.0,3.02,30.8869,76.5015,18.3
Chickpea,Loamy,Cool,Low,None,Moderate,Yes,0.431,30.4,18.6,18.0,92.7,8.01,29.1,57.2,78.4,52.7,4.54,31.9833,71.9249,11.8
Cotton,Clayey,Normal,High,Bacterial Blight,Moderate,Yes,0.64,25.4,22.1,76.6,61.7,6.93,137.8,45.5,18.8,64.7,3.38,20.7774,87.7229,1.2
Pomegranate,Clayey,Normal,High,Bacterial Blight,Low,No,0.328,41.5,24.9,90.6,107.0,5.8,33.9,5.8,42.4,46.4,2.31,27.4668,94.523,0.0
Blackgram,Loamy,Normal,High,Powdery Mildew,Moderate,Yes,0.404,13.3,32.4,61.1,63.0,7.38,33.4,73.9,16.8,57.5,2.28,19.5241,76.1617,6.3
Mango,Sandy,Normal,Medium,None,Low,No,0.339,33.1,29.7,52.9,103.1,5.75,3.9,38.7,34.3,49.0,5.1,29.0344,85.9573,17.1
Muskmelon,Loamy,Normal,High,None,High,Yes,0.493,10.0,29.4,90.4,26.0,6.46,108.0,16.9,46.0,74.5,3.4,13.1307,74.5338,3.0
Mango,Silty,Normal,High,Powdery Mildew,Low,No,0.367,34.4,33.6,52.8,104.0,6.78,3.9,28.5,31.5,58.6,3.42,27.1481,85.5868,14.6
Pigeonpeas,Loamy,Rainy,Medium,Fusarium Wilt,Low,No,0.477,62.2,38.7,43.2,199.6,6.42,0.7,60.7,24.4,57.3,3.74,20.8464,79.8031,19.3
Blackgram,Loamy,Normal,High,Powdery Mildew,Moderate,Yes,0.379,24.7,31.0,64.8,70.7,6.55,28.6,59.4,20.6,66.5,3.31,35.3147,87.7116,8.2
Coconut,Silty,Normal,High,Root Wilt,Low,No,0.43,44.0,27.6,94.2,136.6,5.94,19.1,12.5,28.2,48.6,2.93,32.8643,77.7229,3.1
Grapes,Sandy,Normal,High,Powdery Mildew,Moderate,Yes,0.443,22.6,39.6,80.6,74.3,6.24,30.0,144.8,202.2,95.3,3.8,33.1658,88.6835,0.5
Chickpea,Loamy,Normal,Low,None,Moderate,Yes,0.446,19.0,22.8,13.3,74.4,8.27,27.1,79.6,75.5,44.3,3.41,28.7754,73.3164,10.0
Apple,Silty,Normal,High,Apple Scab,Low,No,0.393,46.6,24.1,90.7,122.1,5.56,28.9,125.4,197.0,81.3,4.24,21.9294,93.5888,2.2
Coffee,Sandy,Normal,High,None,Low,No,0.704,40.9,21.4,68.9,118.9,6.91,112.6,33.2,27.9,65.7,5.02,17.8789,70.5199,1.4
Banana,Silty,Normal,High,None,Moderate,Yes,0.551,39.6,27.8,77.4,98.2,5.72,119.4,88.3,49.9,75.5,4.87,26.6723,86.3611,0.0
Grapes,Clayey,Normal,High,Anthracnose,Moderate,Yes,0.397,26.1,23.5,84.9,71.9,5.82,15.7,132.0,197.8,83.5,3.58,29.7725,81.4122,6.2
Muskmelon,Loamy,Normal,High,None,High,Yes,0.386,10.0,29.8,94.3,26.1,6.33,84.9,6.6,50.9,67.8,3.2,26.4711,68.0419,11.3
Muskmelon,Loamy,Normal,High,None,High,Yes,0.483,10.0,26.4,91.7,29.9,6.22,103.1,15.6,46.6,68.7,2.84,26.4767,69.1596,4.9
Pomegranate,Sandy,Normal,High,Bacterial Blight,Low,No,0.344,42.9,20.2,91.0,112.8,6.49,16.9,28.8,43.3,64.2,3.68,15.8805,88.5992,5.3
Rice,Silty,Rainy,High,Rice Blast,Low,No,0.598,44.9,31.1,84.7,153.8,6.25,72.6,49.5,36.7,65.0,4.03,17.5027,88.45,18.2
Banana,Silty,Normal,High,Panama Wilt,Low,No,0.503,26.2,29.8,77.9,105.2,5.52,88.6,84.5,47.6,62.0,3.28,20.2253,76.8714,8.8
Mango,Silty,Hot & Dry,Medium,Powdery Mildew,Moderate,Yes,0.328,24.8,34.1,48.7,97.9,6.35,29.2,15.1,27.8,57.5,3.57,15.3439,80.7134,0.0
Papaya,Silty,Normal,High,Phytophthora Blight,Moderate,Yes,0.402,36.3,31.2,90.4,93.6,6.52,36.1,52.0,50.0,67.2,3.08,25.0386,85.3367,15.0
Cotton,Silty,Normal,High,Bacterial Blight,Moderate,Yes,0.566,30.7,23.9,81.4,84.5,7.01,119.1,41.1,23.7,67.9,2.91,28.8719,79.5582,2.8
Orange,Clayey,Cool,Low,Citrus Canker,Low,No,0.41,39.5,15.3,94.4,110.8,6.65,6.0,17.8,14.6,49.5,3.55,32.0103,85.4931,14.2
Cotton,Silty,Normal,Low,Bacterial Blight,Moderate,Yes,0.502,39.4,23.7,78.6,84.1,5.73,109.4,48.6,19.9,58.8,3.73,34.9458,73.1188,12.8
Cotton,Silty,Normal,Medium,Bacterial Blight,Moderate,Yes,0.591,24.1,20.8,82.2,85.2,6.32,129.0,36.4,18.9,66.0,4.18,31.3896,83.6106,0.9
Muskmelon,Clayey,Normal,High,Powdery Mildew,High,Yes,0.556,11.5,25.4,95.0,20.5,6.49,106.8,10.7,51.0,75.0,2.35,16.1383,87.3904,0.0
Lentil,Sandy,Normal,High,None,High,Yes,0.198,18.4,20.9,62.8,44.4,6.61,5.6,57.9,22.1,59.4,2.5,19.8568,79.4102,11.0
Coconut,Silty,Rainy,High,Root Wilt,Low,No,0.465,58.2,29.9,91.8,210.6,5.97,12.0,15.0,34.4,52.7,2.91,8.3261,72.0563,10.9
Pomegranate,Silty,Normal,High,Bacterial Blight,Low,No,0.421,38.3,20.5,92.7,100.4,6.69,33.7,17.7,42.1,59.1,3.47,30.7397,96.3017,2.5
Banana,Sandy,Normal,High,None,Low,No,0.556,39.0,26.3,75.3,104.0,6.0,107.6,93.2,45.6,73.6,6.35,17.3262,96.7506,3.9
Cotton,Sandy,Normal,High,Bacterial Blight,Moderate,Yes,0.557,22.7,22.5,84.2,77.8,6.71,122.6,37.5,15.6,70.9,2.95,36.7104,95.0953,0.0
Maize,Silty,Normal,High,None,Moderate,Yes,0.44,36.2,27.3,69.8,83.8,6.78,60.4,47.4,16.4,66.4,4.4,32.8352,88.0645,19.9
Kidneybeans,Loamy,Normal,Low,None,Moderate,Yes,0.406,27.1,21.5,21.8,99.1,5.62,10.1,61.0,20.5,51.5,3.82,8.7336,85.7441,11.3
Cotton,Sandy,Normal,Medium,Bacterial Blight,Moderate,Yes,0.737,26.2,24.4,78.5,94.7,6.64,127.4,58.8,18.7,70.1,4.38,17.8228,74.1517,0.0
Pomegranate,Silty,Cool,High,Bacterial Blight,Low,No,0.411,42.9,20.0,85.8,111.6,6.43,29.7,18.4,41.2,64.3,3.47,9.5021,83.9973,0.2
Coconut,Clayey,Rainy,High,Root Wilt,Low,No,0.466,46.7,26.7,96.6,186.8,6.26,13.1,27.8,29.8,54.8,3.29,9.8474,72.0652,9.5
Pomegranate,Clayey,Cool,Low,Bacterial Blight,Low,No,0.331,42.2,18.4,93.3,110.3,6.97,1.6,25.2,41.5,55.1,3.66,20.7834,96.9762,16.3
Cotton,Loamy,Normal,High,Bacterial Blight,Moderate,Yes,0.601,28.8,22.5,84.6,91.2,5.97,130.3,57.2,19.0,66.8,2.95,33.0666,84.2294,0.0
Kidneybeans,Loamy,Cool,Low,None,Low,No,0.429,47.7,17.6,22.3,149.9,5.85,22.8,58.7,19.1,54.5,5.37,8.4481,93.3428,1.8
Watermelon,Sandy,Normal,High,None,Moderate,Yes,0.565,19.3,27.7,89.0,58.8,6.64,94.1,12.7,45.7,67.1,4.27,19.0363,74.5261,8.7
Maize,Clayey,Normal,Medium,None,Low,No,0.542,41.9,25.8,61.2,103.6,6.44,93.3,44.8,15.1,64.7,6.48,18.8743,78.9083,3.9
Mango,Silty,Hot & Dry,High,Powdery Mildew,Moderate,Yes,0.263,30.8,30.1,48.6,94.2,5.43,1.2,23.7,25.2,41.7,1.77,10.7904,85.4534,16.5
Blackgram,Silty,Normal,Low,None,Moderate,Yes,0.429,29.1,25.4,61.9,61.2,7.37,38.5,76.9,23.4,57.2,4.3,21.2115,94.289,1.1
Chickpea,Silty,Cool,Low,None,Moderate,Yes,0.492,30.4,18.8,16.5,68.0,6.01,56.4,74.2,78.1,65.3,5.31,13.5722,86.3397,1.9
Blackgram,Loamy,Normal,High,Powdery Mildew,Moderate,Yes,0.525,15.0,34.1,65.4,63.9,6.6,57.9,74.7,15.1,67.4,2.89,13.6865,93.5797,1.6
Lentil,Loamy,Normal,Low,Stemphylium Blight,High,Yes,0.322,25.1,22.8,69.0,43.3,6.6,25.3,75.1,19.2,68.0,2.81,24.6973,78.1405,4.2
Mungbean,Sandy,Normal,High,None,High,Yes,0.249,17.5,29.6,80.5,42.8,6.14,21.8,43.2,23.3,57.8,2.46,9.4304,81.9457,2.3
Lentil,Loamy,Normal,Medium,None,Moderate,Yes,0.291,28.1,21.4,65.3,51.1,6.54,24.8,73.1,16.1,65.0,5.23,33.7695,87.0767,0.4
Kidneybeans,Sandy,Cool,Low,None,Low,No,0.372,49.1,19.1,18.6,142.0,6.34,18.2,55.9,23.7,58.6,6.18,26.38,79.5723,3.0
Apple,Loamy,Normal,High,Apple Scab,Low,No,0.311,42.8,21.8,93.0,105.7,5.67,17.0,129.0,201.2,77.9,4.36,36.2022,82.8008,2.6
Jute,Sandy,Rainy,Low,Anthracnose,Low,No,0.596,54.2,23.8,73.2,170.2,6.78,64.3,51.2,36.0,60.6,4.47,10.3799,73.7902,15.3
Mungbean,Clayey,Normal,High,None,High,Yes,0.219,13.2,28.3,80.0,42.2,6.73,13.8,37.8,16.1,60.0,2.24,30.3247,93.7777,8.2
Apple,Sandy,Normal,High,Apple Scab,Low,No,0.405,40.1,24.3,92.8,108.7,6.38,30.5,121.9,202.0,92.8,4.35,28.4498,77.1086,2.8
Apple,Sandy,Normal,High,Apple Scab,Low,No,0.362,37.6,21.4,94.3,111.9,5.7,12.2,133.2,198.1,83.9,4.57,24.5804,92.6092,7.0
Orange,Clayey,Cool,Medium,Citrus Canker,Low,No,0.376,30.8,18.2,90.4,106.3,6.06,35.9,23.5,7.6,56.0,4.36,22.9023,80.5277,0.2
Lentil,Sandy,Cool,Medium,None,High,Yes,0.225,25.4,19.0,64.5,48.0,7.28,0.2,79.1,23.4,47.9,2.29,27.9838,78.1368,15.1
Kidneybeans,Clayey,Cool,Low,None,Low,No,0.537,46.0,19.4,21.7,145.1,5.88,32.8,64.5,16.0,55.0,5.98,15.8337,88.9912,0.0
Lentil,Loamy,Normal,Medium,None,High,Yes,0.173,28.3,25.4,64.9,44.6,6.65,2.9,67.3,15.7,62.7,2.91,24.8902,88.0266,14.2
Papaya,Loamy,Normal,High,None,Moderate,Yes,0.43,30.2,29.5,90.2,76.7,6.94,61.0,48.6,53.6,67.6,4.74,23.0388,69.9889,3.8
Pomegranate,Silty,Normal,High,Bacterial Blight,Low,No,0.276,45.2,24.9,91.5,108.9,5.53,21.2,26.4,42.1,50.3,2.52,8.635,68.1988,2.7
Lentil,Silty,Normal,Low,None,High,Yes,0.228,10.0,25.4,65.1,44.6,7.18,14.3,73.1,21.7,53.9,2.51,36.9655,73.317,4.0
Apple,Silty,Normal,High,Apple Scab,Low,No,0.42,37.5,20.3,94.2,116.2,5.65,8.9,130.7,203.6,76.2,4.23,12.0845,80.1314,12.7
Mango,Sandy,Hot & Dry,Low,Powdery Mildew,Low,No,0.328,25.0,33.2,48.4,104.2,5.02,10.4,20.2,34.7,35.1,2.68,31.4712,85.0348,7.7
Watermelon,Sandy,Normal,High,Anthracnose,High,Yes,0.43,11.6,20.3,85.6,43.1,6.71,82.4,14.5,45.6,63.0,1.56,32.7213,76.4379,17.6
Cotton,Clayey,Normal,Medium,None,Moderate,Yes,0.694,35.9,21.8,78.1,85.6,5.6,124.6,37.2,17.0,63.7,5.13,23.6605,86.7319,2.6
Mothbeans,Clayey,Normal,Low,None,Moderate,Yes,0.245,23.4,27.7,66.5,59.1,4.72,7.6,41.5,18.6,31.7,2.75,16.0832,82.098,9.2
Lentil,Silty,Normal,Low,None,Moderate,Yes,0.357,25.1,21.8,61.6,51.2,7.19,24.9,66.5,19.0,52.2,4.22,19.8274,78.0646,1.2
Mungbean,Sandy,Normal,High,None,Moderate,Yes,0.361,21.0,28.9,82.5,58.3,6.97,3.2,35.1,16.7,53.1,3.33,22.8285,91.9113,13.8
Coffee,Clayey,Normal,Medium,None,Low,No,0.633,43.8,22.9,60.1,130.8,7.07,111.0,23.3,32.8,59.8,6.37,14.2388,86.0745,0.0
Banana,Loamy,Normal,High,None,Low,No,0.575,32.1,29.8,78.5,110.4,5.99,107.6,93.3,48.4,78.3,6.55,26.5693,91.4665,3.1
Pigeonpeas,Clayey,Normal,Low,None,Low,No,0.422,37.4,25.9,61.2,101.6,5.75,38.9,61.4,16.0,49.5,5.37,28.7565,74.0798,0.4
Mango,Clayey,Hot & Dry,Medium,Powdery Mildew,Moderate,Yes,0.391,22.1,31.0,47.2,96.1,4.98,4.3,17.4,33.1,39.9,2.43,19.9613,96.975,11.5
Pomegranate,Loamy,Normal,Low,Bacterial Blight,Low,No,0.321,40.7,20.4,85.4,112.5,5.98,10.6,10.1,39.7,49.6,3.68,30.0851,70.9121,6.8
Papaya,Silty,Normal,High,Phytophthora Blight,Moderate,Yes,0.438,19.2,34.7,91.0,96.4,6.68,41.9,39.9,46.7,60.5,2.56,9.0178,93.4834,6.8
Chickpea,Silty,Normal,Low,None,Moderate,Yes,0.485,35.6,23.2,13.5,69.1,6.52,42.7,61.2,77.0,74.6,6.17,8.1913,73.2824,0.0
Watermelon,Loamy,Normal,Medium,Anthracnose,High,Yes,0.531,14.5,20.1,86.1,48.7,6.62,91.4,29.7,50.8,72.1,2.57,35.2018,96.7448,8.9
Cotton,Silty,Normal,High,Bacterial Blight,Moderate,Yes,0.66,34.3,25.0,85.0,95.8,5.75,122.6,51.7,24.5,67.3,2.85,35.9333,70.4207,2.9
Rice,Clayey,Rainy,Medium,Rice Blast,Low,No,0.723,87.3,22.3,84.2,264.1,5.82,62.2,42.2,38.6,62.3,4.2,21.7319,71.7864,25.7
Coconut,Silty,Rainy,High,Root Wilt,Low,No,0.543,57.1,27.2,98.9,207.3,6.03,24.2,15.2,29.3,47.6,2.41,27.4661,79.748,4.0
Chickpea,Sandy,Cool,Low,None,Moderate,Yes,0.426,36.2,18.1,16.1,75.9,6.71,32.2,70.4,83.4,66.1,5.04,9.3105,73.9423,4.6
Coffee,Clayey,Rainy,Medium,None,Low,No,0.645,50.7,20.4,68.4,162.0,6.82,110.9,26.5,30.7,66.0,6.54,15.4197,72.6721,0.0
Coconut,Loamy,Rainy,High,Root Wilt,Low,No,0.323,48.4,25.8,97.1,182.1,6.47,11.1,13.3,32.4,61.3,3.22,9.2908,75.9036,9.7
Cotton,Clayey,Normal,High,Bacterial Blight,Moderate,Yes,0.656,23.9,21.5,76.0,91.5,5.5,123.4,42.9,23.0,55.2,2.68,28.7402,96.138,2.8
Blackgram,Clayey,Normal,Medium,None,Moderate,Yes,0.365,18.3,26.7,64.1,64.8,6.95,51.3,61.4,23.9,61.4,5.09,28.9931,68.3802,0.0
Lentil,Silty,Normal,High,None,High,Yes,0.257,21.4,26.5,62.8,39.7,6.23,1.0,78.9,19.5,61.0,2.74,13.3866,91.0112,19.8
Watermelon,Sandy,Normal,High,None,High,Yes,0.628,17.2,25.5,85.5,46.1,6.17,100.1,9.4,50.7,61.5,2.59,25.5579,82.1583,0.0
Cotton,Loamy,Normal,Medium,Bacterial Blight,Moderate,Yes,0.736,38.0,23.0,81.7,96.6,6.22,130.5,46.7,22.1,72.1,3.91,11.4016,69.5914,2.7
Mango,Silty,Normal,Low,None,Moderate,Yes,0.394,33.2,25.0,48.9,97.9,5.27,35.8,21.0,31.0,41.9,3.21,10.5061,72.0124,2.8
Banana,Loamy,Normal,High,None,Low,No,0.624,29.2,29.6,76.9,107.3,6.45,89.2,75.7,45.1,78.2,6.14,34.7661,78.3467,10.8
Orange,Loamy,Normal,High,Citrus Canker,Low,No,0.279,32.7,29.7,91.5,113.1,6.21,9.1,12.3,10.4,53.7,3.2,36.9074,86.6189,11.3
Pomegranate,Sandy,Normal,High,Bacterial Blight,Low,No,0.367,38.0,23.7,91.4,112.3,5.79,27.7,7.9,35.8,45.9,2.84,17.5323,89.6598,0.1
Mothbeans,Silty,Normal,High,None,High,Yes,0.297,23.7,25.1,43.0,43.9,4.91,7.4,53.9,16.4,40.2,1.88,25.2866,79.7836,14.9
Muskmelon,Sandy,Normal,High,None,High,Yes,0.521,10.0,26.7,90.6,20.0,6.3,92.6,11.0,51.4,71.1,3.29,35.4125,89.4044,4.4
Lentil,Loamy,Normal,Low,None,Moderate,Yes,0.16,20.1,24.0,60.1,52.8,7.39,1.6,62.7,24.8,44.8,3.74,15.3281,93.1041,17.4
Pigeonpeas,Silty,Hot & Dry,Medium,Fusarium Wilt,Low,No,0.315,31.1,36.1,46.5,141.1,5.39,15.2,70.1,19.0,51.3,4.05,13.8783,82.107,5.4
Apple,Loamy,Normal,High,Apple Scab,Low,No,0.382,42.5,21.9,93.1,109.7,6.43,24.4,130.8,201.6,88.6,4.36,22.1574,90.4715,3.2
Papaya,Sandy,Rainy,High,Papaya Ring Spot Virus,Low,No,0.539,68.7,23.0,93.2,220.8,6.71,68.0,55.3,53.3,64.8,3.76,11.4692,89.3075,0.5
Kidneybeans,Clayey,Normal,Low,None,Low,No,0.413,48.7,20.4,20.8,122.2,5.83,39.0,73.5,23.0,57.5,5.81,17.0882,79.7152,0.1
Chickpea,Silty,Cool,Low,None,Moderate,Yes,0.365,38.9,16.0,19.4,83.6,7.35,50.1,69.1,78.8,67.2,5.81,22.6357,91.1088,0.0
Coconut,Loamy,Rainy,High,Root Wilt,Low,No,0.445,57.1,28.9,92.9,175.9,6.25,0.6,6.4,32.0,53.9,2.83,14.1646,92.1111,18.1
Blackgram,Loamy,Normal,High,Powdery Mildew,Moderate,Yes,0.468,16.4,31.4,68.3,72.3,7.2,54.9,70.6,24.6,60.0,2.55,30.8925,75.0332,3.2
Pigeonpeas,Silty,Normal,Low,None,Low,No,0.395,40.5,25.9,34.2,116.5,4.86,8.9,69.4,21.2,39.0,4.13,25.4468,80.7311,13.8
Grapes,Silty,Cool,Medium,Anthracnose,Moderate,Yes,0.306,35.6,15.9,80.0,67.9,6.05,39.2,143.6,203.2,94.9,4.38,15.5463,82.7602,0.4
Lentil,Loamy,Cool,High,None,High,Yes,0.34,26.5,18.3,65.3,48.5,6.12,7.9,77.5,16.6,60.4,2.47,9.4604,92.446,11.3
Chickpea,Loamy,Cool,Low,None,Moderate,Yes,0.456,37.6,18.6,16.5,95.0,7.26,28.3,74.0,80.2,62.5,5.05,19.8961,93.8919,7.5
Banana,Clayey,Normal,High,None,Moderate,Yes,0.589,40.5,26.4,84.6,98.5,5.55,119.8,95.0,52.5,69.3,4.65,8.1732,88.4786,0.0
Jute,Loamy,Rainy,High,Stem Rot,Low,No,0.693,67.2,24.1,83.5,198.9,6.89,70.5,58.2,43.0,63.6,3.88,36.4707,71.3251,11.8
Jute,Silty,Rainy,Medium,Anthracnose,Low,No,0.629,49.2,22.0,70.3,166.0,7.35,77.1,38.3,40.1,52.7,3.53,32.7378,77.7035,2.2
Banana,Silty,Normal,High,None,Moderate,Yes,0.539,24.3,26.1,78.5,97.0,6.3,85.1,93.3,53.0,79.1,4.98,20.5781,91.8528,11.8
Apple,Sandy,Normal,High,Apple Scab,Low,No,0.249,37.6,23.1,94.0,101.5,5.6,4.3,124.8,201.8,74.5,4.61,27.5491,77.8873,11.4
Kidneybeans,Sandy,Normal,Low,None,Moderate,Yes,0.265,30.4,23.3,15.5,64.1,5.79,22.0,68.1,24.2,51.6,4.6,22.7718,82.7972,0.0
Lentil,Silty,Normal,Low,None,High,Yes,0.346,14.3,26.3,63.4,36.6,5.96,38.5,68.4,23.5,54.0,2.87,21.4317,93.9874,1.9
Lentil,Silty,Normal,High,Rust,High,Yes,0.416,21.5,23.5,60.9,47.3,5.65,34.8,67.8,21.9,51.5,1.15,31.7236,89.5192,0.0
Blackgram,Clayey,Normal,Medium,None,Moderate,Yes,0.475,27.4,26.8,65.2,63.2,7.44,59.7,79.7,20.5,59.9,5.18,32.0992,76.7259,0.0
Lentil,Loamy,Normal,Low,None,High,Yes,0.311,14.9,24.4,65.9,41.6,5.79,30.4,62.7,20.7,58.5,3.1,20.174,88.8829,2.3
Blackgram,Silty,Normal,Low,Powdery Mildew,Moderate,Yes,0.301,21.8,31.2,60.9,69.4,6.59,31.1,55.2,17.6,60.6,3.4,34.9643,79.2447,10.2
Papaya,Sandy,Rainy,High,Papaya Ring Spot Virus,Low,No,0.45,51.2,34.7,93.4,174.6,6.57,59.3,56.4,48.1,69.4,4.29,22.8448,83.502,2.0
Cotton,Clayey,Normal,High,Bacterial Blight,Moderate,Yes,0.558,39.6,21.3,78.3,94.0,6.38,105.6,54.5,17.5,67.2,2.87,35.9868,72.4288,14.5
Coconut,Loamy,Normal,High,Root Wilt,Low,No,0.396,37.4,26.4,96.8,140.4,5.79,3.0,5.2,31.6,41.8,2.6,19.3207,96.671,15.3
Grapes,Loamy,Normal,High,None,Moderate,Yes,0.264,34.0,25.5,81.8,67.2,6.05,9.7,130.9,196.0,88.0,5.44,34.9178,88.1213,6.8
Mothbeans,Sandy,Normal,Medium,None,Moderate,Yes,0.319,20.4,27.1,66.3,60.6,5.31,33.3,42.9,24.6,45.2,4.07,36.163,91.8432,0.0
Apple,Clayey,Normal,High,Apple Scab,Low,No,0.28,34.7,23.5,93.1,104.8,6.27,0.7,133.1,201.6,89.9,4.76,17.8331,78.0107,16.4
Mango,Silty,Hot & Dry,Low,Powdery Mildew,Moderate,Yes,0.326,31.9,33.8,46.9,97.1,6.68,1.1,32.8,33.5,56.2,3.39,27.4063,86.4354,18.3
Mungbean,Loamy,Normal,High,None,Moderate,Yes,0.337,16.3,29.9,81.6,51.6,6.9,30.1,55.5,17.0,53.4,3.17,14.9728,94.1297,1.8
Mungbean,Loamy,Normal,High,None,High,Yes,0.207,22.5,27.7,89.3,43.6,7.31,0.4,35.3,15.1,48.7,1.68,17.8352,77.652,13.7
Mango,Loamy,Normal,Medium,Powdery Mildew,Moderate,Yes,0.277,37.7,33.2,51.0,97.2,6.03,18.0,27.2,31.7,55.2,3.11,32.9036,90.5545,4.9
Kidneybeans,Silty,Normal,Low,None,Moderate,Yes,0.335,41.4,23.8,20.3,94.2,6.04,20.7,59.8,20.2,55.2,4.88,27.4813,81.7754,0.0
Muskmelon,Sandy,Normal,High,None,High,Yes,0.531,15.7,28.4,93.5,27.9,6.47,92.7,19.9,52.2,68.7,2.94,34.8289,83.7816,4.4
Jute,Silty,Rainy,High,Stem Rot,Low,No,0.548,58.0,28.3,85.9,173.6,7.13,70.6,52.3,37.6,64.1,3.32,20.4687,75.6999,11.4
Papaya,Sandy,Rainy,High,Papaya Ring Spot Virus,Low,No,0.556,48.6,35.7,93.6,178.4,6.77,33.2,53.6,53.0,68.2,4.23,11.274,84.733,15.1
Maize,Sandy,Normal,Low,None,Moderate,Yes,0.52,32.0,21.6,58.4,73.8,5.65,77.5,42.0,22.2,56.0,4.89,13.0588,87.2488,6.5
Pomegranate,Clayey,Normal,High,Bacterial Blight,Low,No,0.295,42.3,21.7,91.9,105.4,5.79,0.7,14.8,38.1,43.8,2.34,22.545,84.5436,15.2
Banana,Sandy,Normal,High,None,Moderate,Yes,0.525,37.2,26.4,84.0,95.4,6.46,111.1,77.7,51.6,84.4,5.13,20.1392,82.1281,3.6
Coffee,Sandy,Rainy,Medium,None,Low,No,0.653,58.4,29.3,61.5,188.3,6.11,87.5,34.5,29.7,68.2,6.57,8.5565,84.6538,8.8
Maize,Loamy,Normal,Low,None,Moderate,Yes,0.374,32.9,29.6,61.4,66.6,6.54,68.6,56.0,19.0,68.6,5.47,29.9851,92.9633,13.9
Banana,Sandy,Normal,High,None,Low,No,0.653,35.3,26.3,77.7,115.5,5.84,94.9,70.6,45.5,64.4,4.98,18.8158,72.4879,8.2
Mothbeans,Clayey,Normal,High,None,Moderate,Yes,0.162,14.4,28.5,62.9,55.4,7.15,0.9,37.8,18.2,43.1,2.77,29.4874,96.0321,18.0
Mothbeans,Silty,Normal,Medium,None,Moderate,Yes,0.196,26.0,29.9,50.8,67.4,7.45,0.2,55.8,16.5,49.4,4.03,34.7962,95.1301,16.6
Papaya,Loamy,Normal,High,Papaya Ring Spot Virus,Low,No,0.546,36.5,39.4,91.5,127.9,6.64,43.0,55.8,47.8,71.0,4.06,26.3735,76.2875,9.1
Orange,Sandy,Cool,High,Citrus Canker,Low,No,0.289,33.2,19.9,91.5,113.9,6.13,13.6,23.7,10.5,51.4,2.68,26.9229,87.3844,9.8
Chickpea,Loamy,Normal,Low,None,Moderate,Yes,0.364,27.5,22.4,18.8,67.6,6.48,35.9,58.6,81.7,69.1,5.95,27.289,80.7983,4.4
Watermelon,Clayey,Normal,High,Anthracnose,High,Yes,0.566,27.7,20.8,89.7,41.3,6.02,111.1,19.6,51.6,70.9,2.14,20.1271,69.5883,0.9
Papaya,Sandy,Normal,High,Phytophthora Blight,Moderate,Yes,0.322,27.0,34.3,93.9,76.7,6.87,50.2,48.0,48.8,58.5,2.56,13.0878,91.8648,0.8
Lentil,Clayey,Normal,High,None,High,Yes,0.254,15.0,22.9,63.2,39.7,5.73,30.9,63.3,20.3,49.0,2.16,22.5522,92.4109,2.4
Papaya,Loamy,Normal,High,None,Moderate,Yes,0.532,35.9,30.3,93.9,93.2,6.96,59.9,53.3,51.6,66.9,4.59,18.1482,74.8709,0.9
Maize,Sandy,Normal,Medium,Maize Rust,Moderate,Yes,0.507,24.2,22.4,72.3,75.4,5.78,64.3,57.4,21.9,56.5,3.39,29.3313,78.4775,14.0
Muskmelon,Loamy,Normal,High,None,High,Yes,0.622,10.0,26.6,91.9,20.1,6.12,118.6,29.2,47.0,72.7,2.67,9.4556,72.1506,3.2
Cotton,Sandy,Normal,High,Bacterial Blight,Moderate,Yes,0.604,32.3,22.7,79.4,92.6,6.87,120.8,35.8,22.6,67.0,2.82,13.2337,93.62,0.0
Pigeonpeas,Sandy,Rainy,High,Fusarium Wilt,Low,No,0.513,38.6,35.4,55.4,153.8,5.75,39.8,72.7,15.7,55.4,2.81,15.8746,85.4123,3.7
Apple,Loamy,Normal,High,Apple Scab,Low,No,0.329,45.3,24.5,92.6,110.7,6.26,8.3,134.4,202.8,86.6,4.91,19.3788,85.6944,9.3
Coconut,Silty,Rainy,High,Root Wilt,Low,No,0.44,50.5,25.3,94.0,184.5,6.31,21.7,20.4,25.3,51.3,2.91,19.759,96.5584,1.5
Papaya,Sandy,Rainy,High,Papaya Ring Spot Virus,Low,No,0.716,53.3,39.8,91.3,230.7,6.65,66.9,49.8,50.0,71.0,3.71,35.4586,81.2974,2.1
Coffee,Sandy,Rainy,Low,None,Low,No,0.604,62.0,26.9,52.9,196.2,6.06,102.7,16.1,30.2,67.2,6.82,8.9294,76.429,0.0
Grapes,Loamy,Cool,Low,Anthracnose,Moderate,Yes,0.341,26.0,8.3,83.8,69.5,6.36,26.8,124.1,197.3,87.1,4.95,20.4964,81.7985,0.0
Muskmelon,Clayey,Normal,High,None,High,Yes,0.61,10.0,27.3,91.3,24.2,6.27,100.4,12.2,46.6,69.3,2.66,35.0191,91.4331,3.7
Blackgram,Sandy,Normal,High,None,Moderate,Yes,0.292,22.9,27.4,67.5,68.1,7.05,37.9,65.9,23.9,60.6,3.91,12.3071,75.8716,0.4
Pigeonpeas,Loamy,Rainy,High,Fusarium Wilt,Low,No,0.374,44.9,39.0,44.6,157.5,6.0,27.2,77.0,16.5,59.9,3.27,11.7006,90.4911,0.3
Rice,Sandy,Rainy,High,Rice Blast,Low,No,0.811,86.9,30.0,83.1,295.9,6.69,99.8,46.3,35.6,73.5,4.47,16.7129,91.9459,1.3
Jute,Loamy,Rainy,High,None,Low,No,0.7,65.7,28.4,77.5,199.7,7.13,84.1,46.0,36.0,58.8,4.72,16.5745,85.4402,3.6
Blackgram,Sandy,Normal,High,None,Moderate,Yes,0.455,15.6,27.9,65.1,72.1,7.21,42.9,62.0,19.3,59.0,3.58,13.5217,73.4359,3.6
Mango,Clayey,Hot & Dry,High,Powdery Mildew,Moderate,Yes,0.238,32.1,31.1,48.9,99.9,4.96,1.4,19.7,31.3,33.9,1.66,22.1698,80.6063,15.8
Jute,Silty,Rainy,High,Stem Rot,Low,No,0.633,58.7,26.5,86.5,181.0,6.87,72.3,59.1,35.4,61.8,3.37,29.6085,96.8559,5.8
Watermelon,Loamy,Normal,High,Anthracnose,Moderate,Yes,0.6,23.9,21.7,88.9,57.7,6.86,85.7,19.5,52.9,66.5,2.79,11.707,69.5967,11.1
Mothbeans,Silty,Normal,Low,None,Moderate,Yes,0.167,19.9,26.9,69.4,55.7,3.82,1.7,49.7,20.8,16.4,1.31,10.6726,81.6347,16.4
Lentil,Loamy,Normal,High,None,High,Yes,0.351,25.1,25.4,61.0,44.7,5.74,32.4,75.6,24.0,54.9,2.32,29.102,78.5869,3.0
Maize,Silty,Normal,Low,None,Moderate,Yes,0.493,33.2,23.1,59.8,62.7,6.98,67.3,58.7,17.0,59.4,4.82,32.2236,69.7632,13.0
Coffee,Sandy,Rainy,Medium,None,Low,No,0.707,61.1,20.9,69.4,183.2,6.64,94.0,36.1,27.8,65.9,6.59,19.4999,86.4289,7.4
Lentil,Clayey,Cool,Medium,None,High,Yes,0.363,10.0,20.0,65.1,35.1,5.52,16.5,76.4,16.2,51.6,2.64,15.8654,89.2182,0.9
Apple,Clayey,Normal,High,Apple Scab,Low,No,0.352,35.1,20.9,91.6,116.6,6.22,9.6,140.3,196.9,89.2,4.88,14.0632,74.824,8.6
Kidneybeans,Loamy,Cool,Low,None,Low,No,0.288,50.2,18.7,20.4,133.3,5.92,13.7,58.0,19.9,48.7,5.25,11.5549,94.0192,4.2
Lentil,Silty,Normal,Low,None,High,Yes,0.222,11.2,25.5,62.1,48.3,6.1,20.0,73.8,21.2,57.7,2.84,28.2802,86.3674,2.7
Maize,Clayey,Normal,Low,None,Moderate,Yes,0.462,40.1,27.3,64.2,94.5,5.65,85.9,47.6,18.7,54.1,4.56,23.5876,75.9639,0.7
Jute,Sandy,Rainy,Low,None,Low,No,0.643,67.5,25.4,74.9,199.4,6.55,72.8,37.6,37.0,68.2,6.65,19.6855,76.1149,6.0
Maize,Silty,Normal,Low,None,Moderate,Yes,0.371,18.7,29.5,60.0,84.4,6.76,62.6,56.5,24.6,62.8,5.36,31.9605,82.1053,13.2
Coconut,Loamy,Rainy,High,Root Wilt,Low,No,0.385,57.3,29.4,91.7,174.4,6.15,9.3,20.7,30.3,54.8,3.01,22.6576,85.8709,9.3
Cotton,Silty,Normal,Medium,Bacterial Blight,Moderate,Yes,0.679,35.0,20.5,83.2,67.5,7.22,138.8,44.6,23.6,67.7,3.73,18.4703,91.4578,0.0
Apple,Loamy,Normal,High,Apple Scab,Low,No,0.288,45.3,21.0,94.8,124.5,6.08,12.9,144.7,201.9,88.0,4.28,21.7711,86.7568,7.5
Mungbean,Clayey,Normal,High,None,Moderate,Yes,0.215,17.8,28.8,83.8,52.1,6.42,10.0,42.9,17.7,61.0,4.02,14.9775,68.3145,11.6
Mango,Loamy,Hot & Dry,High,Powdery Mildew,Low,No,0.316,27.2,32.8,48.7,104.1,6.07,21.4,31.6,32.1,50.4,3.2,16.4176,84.1682,1.8
Chickpea,Sandy,Normal,Low,None,Moderate,Yes,0.512,32.1,21.6,19.9,90.4,8.31,55.7,75.8,84.0,54.0,4.69,26.163,73.4494,4.6
Orange,Loamy,Normal,High,Citrus Canker,Low,No,0.246,33.8,21.8,94.5,113.3,6.74,3.2,18.9,8.9,45.9,2.62,22.4451,77.261,16.8
Lentil,Clayey,Normal,Low,None,High,Yes,0.299,26.6,21.3,65.3,36.2,5.54,4.2,70.7,15.7,43.4,2.42,12.8868,71.4055,16.4
Coconut,Loamy,Rainy,High,Root Wilt,Low,No,0.419,52.1,28.6,99.0,203.2,6.33,0.7,27.9,25.8,56.0,3.45,35.2321,75.7304,15.2
Muskmelon,Clayey,Normal,High,None,High,Yes,0.524,16.6,25.4,93.7,29.2,6.37,108.4,28.8,48.2,67.3,3.15,26.0101,80.8507,1.4
Maize,Clayey,Normal,Low,None,Moderate,Yes,0.481,30.3,21.5,64.2,65.9,6.99,97.2,50.7,20.9,66.6,5.74,32.4417,78.9003,1.0
Coconut,Clayey,Rainy,High,Root Wilt,Low,No,0.459,53.0,26.9,98.9,168.3,5.64,18.8,20.9,32.8,45.6,2.62,21.1374,68.7776,4.8
Jute,Sandy,Rainy,High,Stem Rot,Low,No,0.581,57.1,29.2,85.8,186.7,7.39,77.0,54.6,38.6,58.0,3.32,20.5769,74.2043,5.1
Jute,Clayey,Rainy,High,Stem Rot,Low,No,0.635,58.0,20.3,86.3,159.6,6.79,80.3,36.0,39.6,62.7,3.59,16.1933,70.7067,2.7
Mothbeans,Loamy,Normal,High,None,Moderate,Yes,0.397,21.8,26.7,32.1,66.9,5.1,17.4,49.1,19.0,44.1,2.81,10.3594,81.3374,6.3
Mungbean,Clayey,Normal,High,None,High,Yes,0.325,19.4,28.0,88.0,49.6,7.02,5.4,41.2,15.0,54.1,2.62,25.0643,91.6879,12.0
Apple,Loamy,Normal,High,Apple Scab,Low,No,0.366,37.2,22.6,91.1,100.8,6.31,15.9,138.9,195.6,86.8,4.73,26.8276,78.0281,3.2
Pomegranate,Loamy,Normal,High,Bacterial Blight,Low,No,0.42,39.6,20.2,93.5,108.2,5.5,11.7,7.0,43.3,42.5,2.68,12.5923,85.6798,9.0
Coconut,Silty,Rainy,High,Root Wilt,Low,No,0.415,63.0,29.2,99.7,222.1,6.36,15.1,11.4,29.2,51.4,2.58,25.5988,72.7546,6.6
Maize,Silty,Cool,Low,Maize Rust,Moderate,Yes,0.376,39.7,19.2,72.5,82.4,6.1,63.3,52.8,16.4,56.6,2.87,30.795,88.7586,15.3
Cotton,Loamy,Normal,High,Bacterial Blight,Moderate,Yes,0.697,28.8,20.4,80.2,97.3,6.72,106.3,57.3,19.8,65.6,2.96,17.0822,73.5333,11.1
Kidneybeans,Sandy,Cool,Low,None,Low,No,0.505,39.6,18.0,24.4,123.6,5.98,34.7,70.8,19.7,61.6,5.93,36.5963,95.7917,4.0
Banana,Clayey,Normal,High,Panama Wilt,Low,No,0.561,25.3,28.8,82.5,109.7,5.59,94.6,71.9,52.9,61.3,3.71,22.7602,77.6504,2.7
Pomegranate,Loamy,Normal,High,Bacterial Blight,Low,No,0.321,33.4,20.2,91.5,108.5,5.6,10.5,13.1,44.0,43.1,2.61,32.4811,86.1343,10.4
Apple,Loamy,Normal,High,Apple Scab,Low,No,0.436,38.8,21.3,91.5,106.9,5.84,20.3,122.5,203.5,83.2,4.35,34.6039,84.5515,2.7
Mungbean,Silty,Normal,High,None,Moderate,Yes,0.388,23.3,28.6,80.4,58.5,7.33,38.5,53.4,15.8,49.2,3.57,12.1987,81.2171,0.0
Pomegranate,Silty,Normal,High,None,Low,No,0.425,46.6,21.0,94.5,104.2,6.86,24.7,19.6,43.7,53.6,4.47,10.8423,91.2243,2.5
Mango,Clayey,Hot & Dry,Medium,Powdery Mildew,Low,No,0.341,37.3,33.6,47.4,103.8,6.19,1.9,30.1,34.9,57.0,3.86,33.2644,80.4264,15.9
Kidneybeans,Loamy,Cool,Low,None,Moderate,Yes,0.285,35.1,16.7,17.9,69.7,6.07,4.4,72.4,24.1,59.3,5.14,29.9864,71.2676,11.9
Jute,Loamy,Rainy,Low,Anthracnose,Low,No,0.642,47.9,24.9,71.8,156.1,6.68,84.9,41.7,36.2,67.8,4.93,34.5535,72.3308,0.0
Banana,Clayey,Normal,High,Panama Wilt,Low,No,0.638,35.3,26.0,84.1,103.0,5.75,102.6,76.2,47.1,67.1,3.74,32.0404,68.6373,0.0
Rice,Clayey,Rainy,High,Rice Blast,Low,No,0.709,67.6,33.3,80.5,232.6,7.08,94.5,37.6,42.9,60.3,3.51,31.5701,70.8059,0.0
Pigeonpeas,Clayey,Rainy,Low,Fusarium Wilt,Low,No,0.542,56.6,36.8,41.4,195.7,7.1,23.9,55.1,20.2,53.2,3.56,34.2802,95.7821,0.0
Watermelon,Silty,Normal,High,Anthracnose,High,Yes,0.419,18.3,22.1,85.1,46.8,6.08,88.0,29.6,50.6,61.4,1.7,8.2154,75.4868,9.6
Chickpea,Sandy,Cool,Low,None,Moderate,Yes,0.3,38.4,16.2,13.4,85.0,7.26,37.7,62.8,77.7,58.3,4.56,11.7178,76.6683,1.7
Papaya,Sandy,Normal,High,None,High,Yes,0.423,18.5,32.8,92.9,41.1,6.66,60.2,41.9,48.7,66.1,2.92,30.7413,89.5728,2.7
Rice,Silty,Rainy,High,Rice Blast,Low,No,0.609,43.7,34.3,80.5,176.0,6.07,114.7,45.6,38.5,72.1,4.43,23.8904,81.8018,0.0
Lentil,Clayey,Normal,High,None,Moderate,Yes,0.269,21.0,20.1,65.2,54.6,7.01,23.4,58.2,16.2,54.1,3.95,32.8047,82.7527,0.0
Apple,Sandy,Normal,High,Apple Scab,Low,No,0.314,32.8,22.6,90.9,114.5,6.5,25.7,141.3,200.9,92.1,4.46,15.5175,84.3822,0.0
Mothbeans,Silty,Normal,High,None,High,Yes,0.193,17.1,30.8,53.2,33.9,4.59,19.6,54.5,16.3,30.7,1.57,32.4742,92.2882,2.3
Coconut,Clayey,Rainy,High,Root Wilt,Low,No,0.391,45.2,28.9,96.9,153.8,6.24,33.1,27.5,27.5,52.6,3.09,32.8147,81.5657,2.5
Rice,Sandy,Rainy,High,Rice Blast,Low,No,0.572,68.3,22.1,81.7,231.3,7.24,74.0,54.3,36.0,60.0,3.6,23.6993,71.3949,13.3
Mothbeans,Sandy,Normal,Low,None,Moderate,Yes,0.316,30.8,27.1,31.8,56.3,9.76,5.6,56.5,19.2,11.4,1.65,18.8251,84.8985,9.9
Grapes,Sandy,Cool,High,Anthracnose,Moderate,Yes,0.338,21.6,15.9,80.6,71.7,5.84,11.8,143.0,202.2,81.3,3.69,23.113,73.9091,9.9
Pigeonpeas,Clayey,Normal,High,None,Moderate,Yes,0.373,40.0,29.9,56.4,98.2,6.39,39.4,78.3,21.9,67.4,4.57,34.0227,87.5216,4.5
Cotton,Loamy,Normal,High,Bacterial Blight,Moderate,Yes,0.569,30.4,23.9,78.0,86.2,6.84,130.4,43.1,19.8,65.1,3.21,9.3655,78.6286,0.0
Blackgram,Silty,Normal,High,Powdery Mildew,Moderate,Yes,0.485,14.4,34.3,61.8,74.4,6.77,56.1,70.6,16.1,62.3,3.23,36.5193,86.8228,2.7
Papaya,Sandy,Normal,High,None,Moderate,Yes,0.483,23.3,28.2,94.3,63.6,7.0,48.7,44.4,45.6,60.2,4.12,11.3256,72.2905,4.0
Banana,Sandy,Normal,High,Panama Wilt,Low,No,0.567,27.1,26.2,81.5,106.5,5.92,106.9,78.4,49.8,74.0,4.44,28.2984,84.4378,0.0
Kidneybeans,Sandy,Normal,Low,None,Moderate,Yes,0.352,36.8,20.6,16.8,81.2,6.34,33.0,55.1,19.1,65.7,5.45,27.0337,71.4948,2.1
Orange,Clayey,Normal,High,Citrus Canker,Low,No,0.372,35.1,34.8,93.0,117.5,6.52,26.2,13.3,8.3,58.6,3.55,23.4813,85.2399,0.0
Pomegranate,Clayey,Normal,High,Bacterial Blight,Low,No,0.359,37.8,24.1,85.3,108.8,5.51,24.7,6.2,35.5,45.2,3.02,13.5293,79.5295,2.1
Mothbeans,Loamy,Normal,High,None,Moderate,Yes,0.195,19.0,31.3,58.0,50.1,8.1,15.6,44.6,15.2,37.3,2.31,22.9609,69.7453,4.7
Maize,Clayey,Cool,High,Maize Rust,Moderate,Yes,0.593,25.0,19.2,71.1,90.3,6.99,83.0,46.0,18.8,60.3,2.87,18.2621,78.3637,1.7
Cotton,Loamy,Normal,Low,Bacterial Blight,Moderate,Yes,0.59,21.8,23.7,78.9,70.2,6.93,107.5,48.1,23.7,70.4,3.97,23.9009,89.2303,8.0
Jute,Clayey,Rainy,High,Stem Rot,Low,No,0.551,53.3,23.8,90.0,161.9,6.94,96.9,50.8,40.6,62.6,3.83,11.4994,89.4189,0.0
Mothbeans,Sandy,Normal,Low,None,Moderate,Yes,0.23,22.3,24.7,59.6,59.3,8.93,13.1,57.9,20.4,26.0,2.14,22.5831,75.7165,4.4
Grapes,Sandy,Cool,Medium,Anthracnose,Moderate,Yes,0.416,35.6,8.6,81.3,66.4,6.16,18.7,139.6,203.0,94.1,4.45,16.6495,78.1518,1.1
Muskmelon,Sandy,Normal,High,None,High,Yes,0.426,20.7,28.0,90.3,29.0,6.29,102.7,29.5,48.5,74.4,3.15,8.6226,76.8021,2.5
Pomegranate,Clayey,Normal,High,Bacterial Blight,Low,No,0.413,42.3,24.5,86.4,105.2,5.66,34.2,15.6,41.5,49.0,3.08,27.5163,81.2671,0.8
Grapes,Silty,Normal,High,None,Moderate,Yes,0.391,29.0,28.6,80.9,67.4,6.47,19.4,137.5,203.5,94.4,5.54,30.7243,69.9053,5.4
Lentil,Loamy,Normal,High,None,High,Yes,0.315,25.3,24.6,64.4,48.5,6.15,14.8,56.5,19.7,51.9,1.89,11.4731,90.5164,5.1
Mungbean,Sandy,Normal,High,None,Moderate,Yes,0.449,15.7,27.5,84.2,59.9,6.13,34.3,50.2,17.3,56.6,4.04,11.688,96.1261,0.0
Banana,Clayey,Normal,High,Panama Wilt,Low,No,0.711,42.6,27.3,83.5,110.1,5.51,106.2,76.5,46.4,60.7,3.21,26.2049,69.6662,0.0
Coffee,Sandy,Rainy,Low,None,Low,No,0.553,62.9,27.2,59.4,180.3,6.46,88.9,21.9,35.0,72.6,7.57,17.8635,76.5555,10.4
Banana,Clayey,Normal,High,Panama Wilt,Low,No,0.692,30.3,28.7,83.8,110.6,5.84,114.0,74.4,53.4,75.1,4.36,11.212,72.3533,2.9
Coconut,Loamy,Rainy,High,Root Wilt,Low,No,0.479,49.9,28.8,93.8,188.1,5.69,16.6,14.1,30.2,42.4,2.52,30.6624,69.344,0.7
Orange,Clayey,Normal,High,Citrus Canker,Low,No,0.421,40.4,30.6,94.4,109.8,6.5,6.2,29.8,13.3,52.0,2.7,23.8382,95.9171,13.9
Pomegranate,Silty,Normal,High,Bacterial Blight,Low,No,0.358,41.7,23.0,90.9,114.9,5.96,0.6,21.3,39.7,53.8,3.18,28.629,72.3657,14.9
Muskmelon,Silty,Normal,High,None,High,Yes,0.547,10.0,25.7,91.1,26.9,6.49,113.3,7.6,46.2,72.0,3.36,31.4954,88.9124,0.0
Rice,Clayey,Rainy,High,Rice Blast,Low,No,0.642,48.1,23.6,81.2,163.7,7.4,62.8,38.3,37.9,59.4,3.79,18.3122,70.4497,23.9
Cotton,Clayey,Normal,High,Bacterial Blight,Moderate,Yes,0.61,39.3,20.3,78.2,84.5,7.42,118.1,53.6,24.2,64.8,3.25,20.44,75.4433,0.0
Kidneybeans,Sandy,Normal,Medium,Anthracnose,Moderate,Yes,0.255,32.7,23.3,23.6,63.6,5.75,29.1,57.3,24.2,48.4,2.56,34.782,77.0289,0.4
Grapes,Silty,Cool,High,Anthracnose,Moderate,Yes,0.316,33.1,19.1,80.1,71.0,6.05,35.9,133.4,199.0,86.4,3.47,24.6372,73.2972,2.2
Mothbeans,Silty,Normal,Medium,None,Moderate,Yes,0.391,21.8,28.2,51.8,52.1,9.54,13.6,40.4,18.1,17.9,1.94,17.1192,74.1868,5.6
Cotton,Sandy,Normal,High,Bacterial Blight,Moderate,Yes,0.64,35.6,22.1,82.6,86.2,5.83,138.2,48.9,16.0,63.4,3.32,33.1456,95.5249,0.8
Orange,Sandy,Normal,High,Citrus Canker,Low,No,0.377,34.5,33.7,92.8,104.3,6.22,10.6,25.2,10.4,53.1,3.32,31.0995,83.5402,9.2
Coffee,Loamy,Normal,Medium,None,Low,No,0.531,41.4,23.1,69.4,133.6,6.12,95.8,30.5,33.7,61.0,6.37,21.9098,74.3631,6.9
Chickpea,Sandy,Normal,Low,None,Moderate,Yes,0.308,39.0,21.0,12.8,93.3,6.69,30.8,77.6,76.3,68.9,5.97,34.6954,93.9933,10.4
Kidneybeans,Silty,Cool,Low,Bean Rust,Low,No,0.446,35.0,15.1,19.1,117.5,5.97,33.4,66.0,23.4,59.0,4.32,14.2019,79.6097,0.8
Maize,Clayey,Normal,High,None,Moderate,Yes,0.608,37.5,20.5,57.3,98.0,6.4,88.6,43.6,24.5,65.0,4.31,10.4318,92.3762,0.0
Banana,Loamy,Normal,High,Panama Wilt,Low,No,0.509,25.5,27.7,84.4,100.9,5.84,80.5,75.9,50.0,62.3,3.56,22.5646,79.4631,20.4
Watermelon,Loamy,Normal,High,None,Moderate,Yes,0.44,16.2,27.5,89.3,57.5,6.67,86.4,16.7,54.4,67.3,4.29,33.1864,96.6044,9.4
Lentil,Loamy,Cool,Low,None,High,Yes,0.316,17.7,18.4,63.0,39.2,6.27,23.7,66.3,17.0,57.9,2.71,10.1285,85.895,2.8
Orange,Clayey,Cool,Low,Citrus Canker,Low,No,0.402,32.1,15.1,90.6,107.2,6.08,25.9,17.6,10.6,51.5,3.87,26.958,73.3747,3.0
Mothbeans,Silty,Hot & Dry,High,None,Moderate,Yes,0.248,25.8,30.5,47.1,56.6,9.45,28.7,58.1,23.8,24.8,1.73,24.0282,78.9663,0.9
Pomegranate,Clayey,Normal,High,Bacterial Blight,Low,No,0.348,32.3,22.2,94.9,103.3,6.22,2.4,28.3,41.7,56.6,3.35,25.1455,89.191,13.1
Mungbean,Silty,Normal,High,None,High,Yes,0.327,14.7,27.5,82.2,40.0,7.03,14.6,57.9,15.5,54.3,2.38,34.5557,76.6548,2.5
Jute,Sandy,Rainy,Medium,Stem Rot,Low,No,0.639,58.0,20.7,84.5,166.5,7.36,63.5,47.9,36.8,53.0,3.59,10.9239,91.5036,17.8
Jute,Loamy,Rainy,High,Stem Rot,Low,No,0.697,52.3,23.2,86.5,157.7,6.48,96.3,54.5,40.5,76.5,4.64,29.0908,69.5597,0.0
Papaya,Silty,Rainy,High,Papaya Ring Spot Virus,Low,No,0.584,58.5,39.3,92.9,213.5,6.9,50.1,54.5,50.8,65.9,3.81,10.8408,79.5976,2.7
Mothbeans,Loamy,Normal,Medium,None,Moderate,Yes,0.309,33.2,25.6,42.6,63.6,7.79,21.2,42.1,18.1,45.4,4.08,14.7731,80.9099,1.2
Mothbeans,Sandy,Normal,Low,None,Moderate,Yes,0.394,16.8,24.2,65.0,66.9,7.78,19.9,41.5,16.4,42.9,3.49,25.7992,74.577,4.5
Apple,Sandy,Normal,High,Apple Scab,Low,No,0.462,31.1,24.7,92.5,123.5,6.09,29.4,132.8,195.8,87.4,4.42,29.9564,83.1587,2.4
Pomegranate,Sandy,Cool,High,Bacterial Blight,Low,No,0.329,40.1,19.8,91.8,113.6,6.79,4.2,12.7,44.7,54.3,3.5,25.6864,92.0726,11.6
Kidneybeans,Silty,Normal,Low,None,Low,No,0.449,34.3,20.8,21.3,107.1,5.9,37.4,60.0,21.3,56.0,5.31,26.0695,96.3546,2.1
Apple,Silty,Normal,High,Apple Scab,Low,No,0.484,35.7,24.5,93.3,104.6,6.31,31.0,134.9,198.0,89.2,4.55,10.9715,77.7477,3.5
Lentil,Loamy,Normal,Low,None,High,Yes,0.274,17.3,23.3,63.4,48.7,6.34,36.7,73.4,22.6,63.3,3.51,18.7026,91.515,4.9
Pigeonpeas,Clayey,Normal,Medium,None,Low,No,0.388,33.9,29.5,42.0,124.6,6.14,12.4,77.6,16.2,60.6,5.86,10.3747,72.8004,10.5
Papaya,Silty,Normal,High,None,Moderate,Yes,0.315,10.0,32.7,93.9,51.2,6.63,50.9,52.3,52.8,70.7,4.78,10.7041,77.0861,1.3
Watermelon,Clayey,Normal,High,None,High,Yes,0.397,12.4,28.9,81.9,43.7,6.5,83.9,19.7,53.1,72.6,2.99,8.2537,96.086,16.2
Maize,Silty,Normal,Low,None,Moderate,Yes,0.466,29.6,22.4,60.4,94.7,5.79,83.4,46.5,21.4,60.5,4.85,33.4602,86.2494,3.8
Coffee,Clayey,Rainy,High,None,Low,No,0.649,48.4,21.3,67.2,172.9,6.73,91.7,25.1,31.1,68.1,5.89,26.7906,96.3142,8.2
Watermelon,Clayey,Normal,High,Anthracnose,Moderate,Yes,0.677,29.7,23.0,87.3,51.6,6.35,117.7,11.0,53.3,66.1,2.68,13.8328,82.8943,5.0
Grapes,Silty,Cool,High,Anthracnose,Moderate,Yes,0.344,27.6,12.4,81.5,74.2,5.5,28.0,134.9,195.5,82.5,3.86,16.0018,94.0074,0.0
Coffee,Loamy,Normal,Medium,Root Rot,Low,No,0.75,50.0,20.6,55.7,141.2,6.49,115.3,35.2,29.6,69.0,5.15,33.0593,75.2247,1.6
Rice,Silty,Rainy,High,Rice Blast,Low,No,0.827,74.8,23.4,82.4,245.7,5.02,117.5,35.4,41.8,54.5,2.91,25.679,72.3278,4.7
Kidneybeans,Clayey,Cool,Low,None,Low,No,0.266,50.7,15.2,22.9,108.3,5.82,5.1,68.7,19.0,48.6,4.68,16.8441,72.0074,10.4
Grapes,Clayey,Normal,High,Powdery Mildew,Moderate,Yes,0.397,15.3,37.9,83.3,70.4,5.75,34.0,132.9,200.6,89.7,3.83,13.5551,73.1172,4.6
Pomegranate,Loamy,Normal,High,Bacterial Blight,Low,No,0.275,37.8,22.2,90.7,107.6,5.62,17.0,26.4,39.0,44.7,2.56,29.8295,77.2222,7.0
Mothbeans,Silty,Hot & Dry,Medium,None,Moderate,Yes,0.304,25.9,30.6,40.3,51.5,4.35,3.2,41.5,21.6,32.5,2.43,13.0781,77.9538,16.2
Muskmelon,Clayey,Normal,High,None,High,Yes,0.569,18.0,29.3,91.8,22.1,6.03,88.0,10.5,47.5,64.9,3.02,36.8608,69.5142,12.2
Jute,Silty,Rainy,Medium,Anthracnose,Low,No,0.641,53.9,24.5,74.9,183.2,6.65,91.3,41.2,41.4,69.6,5.16,34.4395,77.1982,3.9
Blackgram,Sandy,Normal,High,None,Moderate,Yes,0.353,30.3,30.0,69.7,62.8,7.47,29.3,79.9,20.0,54.8,3.56,29.2108,87.6923,9.8
Kidneybeans,Loamy,Normal,Low,None,Low,No,0.442,48.3,23.9,16.2,141.1,6.24,38.1,59.2,24.4,58.1,5.79,12.637,87.0536,3.3
Banana,Loamy,Normal,High,None,Low,No,0.627,39.7,29.5,79.5,104.3,5.55,97.1,91.8,52.2,61.8,4.91,28.1126,81.1855,6.5
Apple,Loamy,Normal,High,Apple Scab,Low,No,0.404,45.9,22.3,91.5,117.3,5.8,9.9,122.8,203.9,82.7,4.28,19.5584,86.2087,9.7
Orange,Clayey,Cool,Low,Citrus Canker,Low,No,0.346,29.3,17.2,93.8,104.4,7.27,2.1,5.5,6.7,44.9,3.56,21.9147,96.2344,17.8
Banana,Sandy,Normal,High,None,Moderate,Yes,0.704,40.5,28.1,76.9,96.9,6.28,111.6,70.5,53.1,73.1,5.04,15.2293,89.334,0.0
Coconut,Silty,Rainy,High,Root Wilt,Low,No,0.511,58.3,26.4,99.0,222.6,6.13,14.8,22.4,32.9,54.6,3.44,24.4167,74.62,7.0
Jute,Silty,Rainy,Low,Stem Rot,Low,No,0.66,56.2,20.4,81.8,161.8,7.36,83.3,56.9,39.8,63.6,4.23,9.1308,73.1771,0.0
Watermelon,Silty,Normal,High,Anthracnose,Moderate,Yes,0.596,28.9,29.1,87.7,57.0,6.54,113.2,19.0,54.1,75.2,3.37,25.7575,83.5961,0.8
Lentil,Sandy,Normal,Medium,None,High,Yes,0.205,24.0,24.5,60.8,40.3,5.71,10.9,61.9,15.6,46.5,2.62,36.7648,89.6599,9.0
Pigeonpeas,Sandy,Rainy,Low,None,Low,No,0.516,55.6,18.4,36.5,192.0,6.7,13.5,62.5,23.5,61.6,6.13,35.6283,82.1274,9.9
Coffee,Silty,Normal,Medium,None,Low,No,0.663,48.1,22.7,55.7,144.5,7.09,85.9,16.7,26.2,56.8,5.73,21.4886,81.5186,13.9
Orange,Loamy,Normal,High,Citrus Canker,Low,No,0.422,35.6,27.6,91.5,114.6,6.59,28.0,15.2,8.5,59.1,3.44,15.5273,86.7553,4.7
Jute,Clayey,Rainy,High,Stem Rot,Low,No,0.633,62.0,22.9,89.5,180.7,7.18,83.8,47.2,39.3,61.3,3.4,29.9279,85.314,4.4
Papaya,Clayey,Normal,High,Anthracnose,Moderate,Yes,0.555,42.0,23.5,94.2,89.7,6.74,66.4,37.1,45.1,65.4,3.01,15.2541,85.0182,1.4
Maize,Sandy,Normal,Medium,None,Moderate,Yes,0.416,30.4,26.8,56.8,91.2,5.8,68.3,39.6,18.2,59.5,5.01,29.0677,76.2242,9.3
Apple,Loamy,Normal,High,Apple Scab,Low,No,0.491,44.8,23.5,94.2,119.9,5.79,37.9,131.1,204.1,86.1,4.51,19.3661,79.2371,2.0
Coconut,Loamy,Rainy,High,Root Wilt,Low,No,0.479,49.0,28.9,91.2,187.9,5.97,29.8,8.1,25.1,49.9,3.27,25.5471,94.0348,4.7
Rice,Silty,Rainy,High,Rice Blast,Low,No,0.697,75.3,31.3,83.0,297.4,5.44,92.7,47.9,42.7,54.4,3.48,28.7253,84.106,0.6
Apple,Sandy,Normal,High,Apple Scab,Low,No,0.349,35.0,20.9,93.5,118.4,6.26,3.0,124.3,204.0,87.1,4.72,31.1288,73.3243,18.0
Lentil,Clayey,Normal,High,None,High,Yes,0.181,20.9,22.3,67.0,40.3,5.62,1.1,77.4,23.7,45.8,1.63,16.4573,94.5137,15.9
Watermelon,Silty,Normal,Medium,Anthracnose,High,Yes,0.57,11.5,22.1,81.9,43.4,6.1,97.2,25.0,49.7,66.8,2.43,33.7095,87.7844,6.8
Lentil,Sandy,Normal,Low,None,High,Yes,0.408,11.3,26.6,67.4,47.3,6.49,21.2,62.6,21.5,60.9,2.75,28.9303,75.8827,2.4
Watermelon,Clayey,Normal,High,None,High,Yes,0.475,22.0,29.1,82.6,48.1,6.37,94.0,24.7,48.4,70.4,3.27,10.8777,92.2342,5.3
Mothbeans,Loamy,Normal,Low,None,Moderate,Yes,0.327,28.8,28.9,36.6,70.0,9.11,22.0,52.7,24.7,27.1,2.14,15.2064,88.8183,0.0
Mothbeans,Loamy,Normal,Medium,None,Moderate,Yes,0.33,17.6,27.0,65.2,55.7,7.9,35.4,39.6,19.7,36.9,3.09,17.5784,90.6667,1.3
Muskmelon,Silty,Normal,High,None,High,Yes,0.549,10.9,27.4,91.0,24.4,6.01,85.9,20.5,49.4,62.8,2.82,26.0241,76.6691,13.5
Coconut,Silty,Rainy,High,Root Wilt,Low,No,0.494,54.8,27.3,91.4,198.8,6.12,33.4,29.0,29.6,51.2,3.1,18.3192,75.2743,2.8
Mothbeans,Sandy,Normal,High,None,Moderate,Yes,0.288,19.5,27.1,30.8,63.6,8.89,23.8,57.8,21.1,33.6,1.95,14.4937,77.5125,0.8
Pigeonpeas,Silty,Hot & Dry,High,Fusarium Wilt,Low,No,0.426,34.1,37.9,33.3,123.0,5.96,5.4,69.8,24.8,53.9,3.15,9.3394,83.6277,12.4
Maize,Loamy,Normal,Low,None,Moderate,Yes,0.531,23.5,21.2,61.7,84.3,6.55,79.0,51.5,22.9,65.1,5.57,17.4715,73.8285,3.3
Lentil,Sandy,Normal,Low,None,High,Yes,0.319,18.3,27.2,64.2,45.7,5.6,17.9,69.8,19.0,55.4,2.94,27.3332,96.8343,6.2
Chickpea,Sandy,Normal,Low,None,Moderate,Yes,0.437,29.7,24.4,13.3,81.5,5.81,37.0,65.5,81.3,62.6,5.34,10.4214,86.573,7.3
Banana,Clayey,Normal,High,None,Low,No,0.595,30.2,29.6,79.6,105.6,5.9,91.7,81.5,54.0,68.2,5.45,20.0115,89.8309,9.6
Mothbeans,Sandy,Hot & Dry,Medium,None,High,Yes,0.277,16.3,31.8,32.8,49.2,8.86,34.1,52.7,18.1,33.6,1.7,29.936,84.3702,0.0
Maize,Sandy,Normal,High,None,Moderate,Yes,0.486,18.9,25.1,55.5,72.7,6.34,92.9,38.1,24.9,69.4,4.17,36.2881,79.6531,0.2
Mungbean,Clayey,Normal,High,None,High,Yes,0.399,10.7,29.1,85.4,40.0,6.77,34.5,41.0,18.3,53.7,2.53,22.8253,95.0004,2.8
Orange,Loamy,Cool,Low,Citrus Canker,Low,No,0.342,43.9,10.2,94.7,108.7,6.59,32.0,29.0,6.7,56.7,3.68,32.4832,95.0506,0.0
Rice,Loamy,Rainy,High,Rice Blast,Low,No,0.635,64.4,28.2,80.5,226.2,6.4,72.3,39.2,39.2,65.0,3.46,22.3313,82.1016,15.0
Rice,Clayey,Rainy,High,Rice Blast,Low,No,0.486,51.6,38.7,80.8,162.8,5.16,68.9,53.3,42.6,47.6,2.63,24.9792,93.8613,21.7
Chickpea,Loamy,Normal,Low,Fusarium Wilt,Moderate,Yes,0.486,21.8,20.9,11.2,69.1,6.0,58.4,66.6,79.0,68.7,4.25,9.2887,80.7173,3.3
Pomegranate,Clayey,Normal,High,Bacterial Blight,Low,No,0.386,24.9,24.9,94.1,101.8,5.9,12.3,5.5,37.2,48.8,3.2,14.4563,92.847,10.1
Blackgram,Sandy,Normal,High,Powdery Mildew,Moderate,Yes,0.454,17.1,33.4,62.9,72.6,7.14,30.9,67.5,16.7,53.8,2.56,29.3654,88.1471,9.0
Coconut,Sandy,Rainy,High,Root Wilt,Low,No,0.411,65.1,28.6,96.7,220.6,6.38,22.4,28.0,26.9,53.2,3.36,36.5712,74.248,0.5
Mango,Sandy,Normal,Low,None,Low,No,0.329,37.7,25.7,51.0,101.2,6.51,26.2,39.6,25.7,63.5,6.76,17.7696,78.5945,4.6
Chickpea,Loamy,Normal,Low,None,Moderate,Yes,0.387,24.5,26.0,10.6,83.7,7.87,50.9,64.7,77.7,56.3,4.82,10.0392,71.9679,2.5
Mungbean,Loamy,Normal,High,Cercospora Leaf Spot,High,Yes,0.373,26.9,28.4,82.5,45.7,7.12,20.2,51.7,15.0,47.7,1.47,25.6538,78.2565,0.0
Maize,Clayey,Normal,High,None,Moderate,Yes,0.554,29.4,20.1,68.6,81.7,6.0,81.1,48.8,18.1,57.7,3.99,17.3448,75.722,3.6
Muskmelon,Loamy,Normal,High,None,High,Yes,0.534,15.1,27.5,93.0,22.2,6.07,83.5,13.7,53.6,65.3,2.98,15.2844,82.9742,14.6
Blackgram,Loamy,Normal,High,Powdery Mildew,Moderate,Yes,0.38,29.9,32.8,67.3,69.5,7.45,33.4,68.1,22.8,55.9,2.71,9.5771,81.4747,3.5
Pomegranate,Sandy,Normal,Low,Bacterial Blight,Low,No,0.345,33.9,21.1,86.3,113.2,6.81,20.8,22.4,41.9,52.8,3.52,31.7513,90.1153,0.0
Pigeonpeas,Loamy,Rainy,Low,None,Low,No,0.459,61.5,24.7,38.4,172.1,5.21,13.5,65.6,22.8,41.6,4.62,15.4417,81.9996,9.7
Rice,Loamy,Rainy,High,Rice Blast,Low,No,0.684,59.6,26.5,81.5,231.2,7.24,74.9,36.4,41.0,59.3,3.12,35.0046,76.0113,11.9
Mungbean,Loamy,Normal,High,None,High,Yes,0.196,20.6,27.2,85.8,41.0,7.34,1.4,54.1,20.8,50.9,2.47,33.4373,79.7211,14.9
Orange,Silty,Cool,Medium,Citrus Canker,Low,No,0.358,41.4,13.9,91.8,108.8,7.27,15.7,13.2,11.7,42.7,2.8,13.0868,82.3172,1.6
Cotton,Silty,Normal,Low,Bacterial Blight,Moderate,Yes,0.513,33.4,22.0,79.4,65.5,6.72,108.4,55.1,16.3,65.2,4.07,13.066,82.7668,8.0
Lentil,Clayey,Normal,Low,None,High,Yes,0.273,28.1,20.2,60.2,39.4,7.33,24.4,66.3,21.9,51.7,2.32,25.0981,83.0028,3.0
Mungbean,Silty,Normal,High,None,High,Yes,0.277,18.5,29.8,83.4,40.5,6.53,15.0,53.9,24.9,65.5,2.37,30.4456,95.6747,4.2
Papaya,Loamy,Rainy,High,Papaya Ring Spot Virus,Low,No,0.476,60.1,30.3,91.8,172.2,6.96,44.2,38.6,53.8,61.7,3.86,24.5295,74.3537,2.8
Blackgram,Clayey,Normal,High,Powdery Mildew,Moderate,Yes,0.444,28.7,35.0,69.3,70.0,7.42,48.5,73.8,24.3,53.3,2.66,19.8388,81.5564,0.0
Rice,Loamy,Rainy,High,Rice Blast,Low,No,0.714,54.0,22.0,83.6,203.0,7.37,87.6,35.6,39.0,62.2,3.82,25.5677,79.0528,0.7
Mango,Silty,Normal,High,None,Moderate,Yes,0.441,39.4,25.7,50.0,96.9,6.58,22.2,30.2,25.6,60.8,3.69,29.9915,72.8917,4.1
Mothbeans,Clayey,Normal,High,Root Rot,Moderate,Yes,0.268,23.5,31.8,61.1,64.6,6.12,2.4,36.2,21.4,50.6,2.65,33.4132,90.8299,17.2
Chickpea,Silty,Cool,Low,None,Moderate,Yes,0.346,38.7,16.3,17.3,85.0,7.58,44.2,77.1,82.1,55.4,4.89,18.5981,92.1218,0.0
Mothbeans,Clayey,Normal,Low,Root Rot,Moderate,Yes,0.207,20.6,30.9,50.3,67.1,7.16,9.6,35.9,24.8,46.8,2.94,10.2799,69.6651,10.9
Grapes,Clayey,Normal,High,None,Moderate,Yes,0.197,17.5,24.8,81.9,69.5,6.39,8.4,140.3,202.9,92.7,5.08,34.7399,78.4871,8.6
Papaya,Sandy,Rainy,High,Papaya Ring Spot Virus,Low,No,0.459,44.1,28.0,92.2,161.2,6.98,34.3,59.3,46.5,56.7,2.89,17.9186,88.082,13.7
Watermelon,Clayey,Normal,High,None,Moderate,Yes,0.464,19.4,25.6,86.8,52.6,6.69,90.2,27.1,46.1,69.6,4.42,35.1229,74.7832,10.2
Papaya,Sandy,Rainy,High,Papaya Ring Spot Virus,Low,No,0.462,50.0,36.3,94.1,151.7,6.72,56.0,54.5,53.3,69.0,3.61,11.8327,80.861,1.4
Grapes,Sandy,Cool,Medium,Anthracnose,Moderate,Yes,0.28,34.6,9.7,83.8,66.3,6.37,27.4,123.2,200.5,94.6,4.46,35.2269,88.6527,2.1
Grapes,Clayey,Normal,High,Powdery Mildew,Moderate,Yes,0.224,17.3,31.4,80.0,70.6,6.26,17.6,127.4,196.4,87.0,3.3,27.437,75.4297,2.2
Mango,Silty,Hot & Dry,High,Powdery Mildew,Moderate,Yes,0.402,37.8,34.8,48.4,96.3,6.22,39.9,19.6,27.3,61.7,2.87,35.9077,86.853,4.6
Mungbean,Silty,Normal,High,None,Moderate,Yes,0.214,29.6,29.6,82.2,58.9,6.04,6.6,57.4,23.5,52.0,3.18,23.0168,82.2724,9.5
Apple,Clayey,Normal,High,Apple Scab,Low,No,0.341,27.1,24.4,93.6,103.5,6.23,35.5,128.5,203.8,93.9,4.21,16.8563,86.383,0.0
Lentil,Sandy,Normal,Low,None,High,Yes,0.215,28.5,20.7,68.3,39.2,6.46,5.3,78.2,15.5,65.2,3.06,17.1023,89.0996,11.4
Mungbean,Silty,Normal,High,None,High,Yes,0.315,13.3,29.3,84.1,44.4,6.51,16.1,45.4,17.8,55.5,2.18,28.1196,92.349,6.1
Pomegranate,Clayey,Normal,High,Bacterial Blight,Low,No,0.407,37.6,22.9,91.0,102.8,6.25,11.8,12.9,38.2,58.0,3.35,23.7651,87.0629,5.4
Watermelon,Sandy,Normal,High,None,High,Yes,0.468,10.0,27.9,88.1,41.9,6.6,96.0,11.1,48.0,68.0,2.79,29.9291,87.6435,3.0
Coconut,Clayey,Rainy,High,Root Wilt,Low,No,0.332,50.8,26.3,90.3,165.3,6.37,4.6,28.1,34.3,55.1,3.3,26.8077,75.9318,14.5
Rice,Sandy,Rainy,High,Rice Blast,Low,No,0.726,58.8,24.0,81.2,212.0,7.34,87.5,55.1,38.5,58.7,3.07,28.0791,72.4523,4.9
Mungbean,Silty,Normal,High,None,High,Yes,0.439,24.5,28.5,80.4,46.2,6.85,33.8,49.8,24.9,60.3,2.56,23.8972,74.3361,3.4
Pomegranate,Loamy,Normal,High,Bacterial Blight,Low,No,0.343,31.7,22.1,88.8,111.6,6.6,10.3,12.8,39.9,58.2,3.14,21.7297,74.1828,8.1
Jute,Sandy,Rainy,High,Stem Rot,Low,No,0.648,52.5,22.2,85.2,169.5,6.12,86.3,50.3,40.2,68.6,3.89,23.2469,81.0616,0.0
Muskmelon,Loamy,Normal,High,None,High,Yes,0.39,17.8,28.1,91.3,25.5,6.06,82.5,7.2,46.0,60.6,2.5,9.6494,71.3032,13.6
Coconut,Sandy,Normal,High,Root Wilt,Low,No,0.461,49.0,25.1,97.5,136.1,5.58,22.2,16.6,34.5,46.8,3.0,34.539,76.3711,0.7
Pomegranate,Clayey,Normal,High,Bacterial Blight,Low,No,0.353,44.3,20.1,85.8,102.5,5.75,5.2,27.4,38.1,51.6,3.04,9.4342,74.8411,13.0
Lentil,Loamy,Cool,Low,None,High,Yes,0.208,20.8,19.4,60.3,46.6,6.79,9.0,57.2,20.7,60.0,2.99,27.3581,84.5168,11.9
Jute,Sandy,Rainy,High,Stem Rot,Low,No,0.588,48.6,22.3,83.0,153.6,6.08,78.3,39.5,42.7,67.5,4.07,18.412,87.928,3.5
Mungbean,Silty,Normal,High,None,High,Yes,0.346,17.7,28.2,81.5,39.0,6.98,12.9,51.8,23.3,54.2,2.4,23.5939,91.2009,5.7
Orange,Loamy,Cool,High,Citrus Canker,Low,No,0.4,43.7,12.0,91.2,100.7,6.85,27.8,12.1,14.9,54.4,3.11,14.5483,72.0379,0.0
Mungbean,Clayey,Normal,High,None,High,Yes,0.244,10.0,30.0,88.0,36.4,6.8,15.3,37.8,23.5,58.7,2.45,18.8382,76.7682,5.2
Maize,Sandy,Normal,Medium,None,Moderate,Yes,0.479,34.4,22.9,60.3,74.0,6.36,89.5,36.3,19.3,66.3,5.1,31.3778,82.5888,1.9
Watermelon,Clayey,Normal,High,Anthracnose,High,Yes,0.497,15.7,23.3,87.3,49.0,6.31,98.2,24.6,50.3,66.0,1.61,25.7438,84.3312,0.3
Rice,Clayey,Rainy,High,Rice Blast,Low,No,0.748,77.3,34.8,84.9,258.2,6.58,74.9,48.5,44.3,67.7,3.8,13.7913,89.3586,10.2
Mungbean,Sandy,Normal,High,None,High,Yes,0.274,10.0,28.0,88.8,42.1,6.03,18.1,46.7,20.5,50.4,1.98,17.208,79.3051,4.4
Mungbean,Loamy,Normal,High,None,Moderate,Yes,0.362,27.7,29.3,82.1,54.9,6.93,15.6,59.4,20.5,52.9,3.23,9.6429,82.2705,6.7
Coconut,Clayey,Rainy,High,Root Wilt,Low,No,0.462,50.2,28.2,94.5,200.0,6.44,22.0,9.6,25.3,58.8,3.61,32.1719,84.4974,4.5
Mungbean,Loamy,Normal,High,None,High,Yes,0.389,18.6,28.0,80.1,38.2,6.27,29.6,50.7,22.1,60.7,2.48,29.5815,77.3119,1.3
Lentil,Clayey,Cool,High,None,Moderate,Yes,0.35,30.1,18.6,67.2,40.9,6.45,28.5,71.6,23.9,60.5,3.68,33.3189,79.9331,1.0
Pomegranate,Clayey,Normal,Low,Bacterial Blight,Low,No,0.275,39.9,21.0,87.2,100.2,5.86,24.9,18.7,36.5,55.2,4.17,29.6683,92.1773,0.0
Grapes,Sandy,Normal,High,Anthracnose,Moderate,Yes,0.36,26.1,24.0,82.1,73.9,6.11,2.8,138.0,195.6,90.5,3.37,10.1682,79.5418,18.4
Cotton,Sandy,Normal,High,Bacterial Blight,Moderate,Yes,0.637,26.1,24.5,80.8,69.4,5.83,111.5,57.5,23.0,64.4,3.38,14.1001,86.8366,5.1
Maize,Silty,Normal,Medium,None,Moderate,Yes,0.602,18.8,26.3,73.4,71.5,6.22,99.8,49.0,22.9,71.4,5.77,14.8732,69.0039,2.4
Pomegranate,Sandy,Cool,High,Bacterial Blight,Low,No,0.282,33.4,19.4,92.6,102.3,5.9,10.7,5.1,44.5,46.7,2.72,23.919,81.7909,8.9
Pigeonpeas,Clayey,Normal,High,None,Low,No,0.277,53.1,22.2,32.2,138.3,4.7,8.6,58.3,21.7,30.4,2.75,28.416,73.0738,13.8
Pomegranate,Silty,Cool,High,Bacterial Blight,Low,No,0.425,35.1,19.1,93.5,100.7,5.72,36.0,5.7,42.5,45.4,2.69,16.1668,69.9209,1.8
Muskmelon,Silty,Normal,High,None,High,Yes,0.55,16.5,28.1,90.4,24.3,6.23,111.5,25.8,54.2,70.8,2.55,12.9341,85.0146,0.6
Papaya,Clayey,Normal,High,Phytophthora Blight,High,Yes,0.449,10.0,39.4,91.5,46.1,6.52,55.1,36.5,45.9,71.1,1.77,21.8838,84.1687,3.9
Banana,Sandy,Normal,High,None,Moderate,Yes,0.644,28.2,29.0,80.1,91.3,5.53,115.8,78.0,46.5,61.4,3.65,32.4488,82.6736,2.5
Coconut,Silty,Rainy,High,Root Wilt,Low,No,0.543,60.3,28.7,90.1,206.7,5.76,29.6,21.5,25.9,52.4,2.99,34.9308,79.2096,0.0
Orange,Silty,Normal,High,None,Low,No,0.454,29.3,27.0,91.6,117.2,6.98,34.9,12.4,7.3,47.2,3.66,14.2216,83.7386,0.0
Rice,Clayey,Rainy,High,Rice Blast,Low,No,0.81,87.3,34.8,84.2,284.6,5.93,86.2,46.7,41.7,67.4,3.79,9.0357,70.7763,1.7
Blackgram,Sandy,Normal,High,None,Moderate,Yes,0.367,17.6,28.0,69.1,69.7,7.22,33.7,62.0,23.1,52.7,3.66,26.8781,86.1597,8.1
Mungbean,Loamy,Normal,High,None,Moderate,Yes,0.41,22.1,27.7,88.8,56.1,7.0,39.6,36.4,23.2,51.1,3.76,14.8499,68.0931,4.1
Pigeonpeas,Sandy,Rainy,High,Fusarium Wilt,Low,No,0.447,54.5,32.6,59.3,155.7,6.29,24.1,64.0,23.4,62.5,3.36,14.1985,73.1089,4.9
Cotton,Clayey,Normal,Low,Bacterial Blight,Moderate,Yes,0.741,20.9,24.3,78.5,82.1,6.31,134.9,52.4,18.8,69.6,3.61,13.5098,88.4939,3.3
Coffee,Clayey,Rainy,High,None,Low,No,0.75,57.2,25.9,51.3,196.0,7.29,107.0,36.9,26.5,55.8,4.92,10.8829,80.6083,2.4
Maize,Silty,Normal,High,None,Moderate,Yes,0.435,22.6,25.1,65.1,60.9,5.84,64.6,41.6,22.3,52.4,3.64,24.2867,91.3282,11.9
Kidneybeans,Silty,Normal,Medium,None,Moderate,Yes,0.347,23.0,23.3,22.3,75.8,5.93,34.2,66.0,17.4,59.2,4.83,17.493,91.6992,4.5
Papaya,Silty,Rainy,High,Papaya Ring Spot Virus,Low,No,0.413,46.4,25.7,95.0,174.6,6.95,45.0,54.9,54.4,63.6,3.69,23.4582,77.9661,6.5
Mothbeans,Sandy,Normal,Low,None,Moderate,Yes,0.292,30.1,24.1,56.8,46.7,7.34,5.8,46.8,22.5,47.5,3.78,26.22,95.1773,9.6
Mothbeans,Sandy,Normal,Medium,None,Moderate,Yes,0.259,25.4,26.4,35.6,53.0,6.96,32.2,42.8,16.1,59.2,4.96,34.9691,82.0626,2.4
Cotton,Silty,Normal,High,Bacterial Blight,Moderate,Yes,0.715,34.9,23.1,83.6,73.8,5.8,131.5,55.3,23.5,69.3,3.46,33.1565,73.4735,3.2
Rice,Sandy,Rainy,High,Rice Blast,Low,No,0.576,67.1,22.2,84.5,226.7,6.41,77.4,41.3,37.7,67.9,3.9,35.6008,71.2304,9.9
Rice,Loamy,Rainy,Medium,Rice Blast,Low,No,0.568,41.2,21.0,80.5,151.1,6.72,68.6,35.5,44.8,66.9,5.16,21.5776,90.9867,16.3
Watermelon,Silty,Normal,High,None,High,Yes,0.539,14.0,27.4,82.9,46.7,6.94,116.3,11.3,48.1,68.2,2.45,22.9286,93.9676,1.9
Orange,Loamy,Cool,Medium,Citrus Canker,Low,No,0.35,44.1,12.0,94.7,111.6,6.98,25.4,19.0,14.2,54.0,4.15,12.1623,82.052,0.2
Blackgram,Silty,Normal,Low,None,Moderate,Yes,0.395,32.5,29.3,65.2,71.4,6.91,33.9,62.4,20.3,61.9,5.42,12.838,83.2329,8.2
Pigeonpeas,Clayey,Hot & Dry,Medium,Fusarium Wilt,Low,No,0.309,31.0,37.3,35.6,122.2,7.4,19.3,62.8,17.6,50.1,3.95,12.7994,88.9135,0.3
Rice,Clayey,Rainy,High,Rice Blast,Low,No,0.778,67.7,34.4,83.6,261.9,7.04,90.5,47.6,41.5,66.3,3.92,32.2611,94.2024,0.0
Coconut,Clayey,Rainy,High,Root Wilt,Low,No,0.519,68.1,27.7,99.4,215.7,6.14,10.4,12.0,34.9,55.3,3.12,33.6233,88.9458,12.5
Kidneybeans,Silty,Normal,Low,None,Low,No,0.328,42.2,23.0,17.5,137.6,5.56,9.3,63.8,19.4,51.3,5.27,34.1398,71.3228,12.7
Mango,Clayey,Normal,High,Powdery Mildew,Moderate,Yes,0.278,33.6,30.6,52.5,96.3,6.79,18.5,26.4,26.1,59.1,2.68,11.962,86.3929,4.1
Jute,Clayey,Rainy,High,Root Rot,Low,No,0.596,45.0,28.4,73.6,163.9,7.47,70.4,49.8,40.1,55.3,3.49,36.5106,81.7765,10.5
Blackgram,Loamy,Normal,High,Powdery Mildew,Moderate,Yes,0.345,11.2,32.6,62.3,61.5,6.61,36.6,76.2,17.0,60.2,2.82,31.3671,75.4623,6.1
Papaya,Sandy,Normal,High,Papaya Ring Spot Virus,Low,No,0.598,32.1,24.1,90.9,107.2,6.68,66.9,44.8,46.5,64.9,3.65,14.6076,95.4233,0.0
Rice,Clayey,Rainy,High,Rice Blast,Low,No,0.751,78.2,36.7,83.0,267.1,7.01,91.2,42.4,36.7,65.8,3.88,33.3968,79.3433,1.3
Cotton,Silty,Normal,Low,Bacterial Blight,Moderate,Yes,0.733,28.3,24.0,78.4,92.0,6.28,137.5,44.1,21.2,74.2,4.22,10.351,83.2419,2.2
Jute,Loamy,Rainy,High,Anthracnose,Low,No,0.605,45.3,20.6,74.2,154.6,6.1,95.7,58.2,42.3,71.7,4.08,30.3172,80.9875,0.4
Lentil,Silty,Normal,High,None,High,Yes,0.277,26.3,26.8,60.2,39.5,6.06,32.5,62.5,19.9,60.4,2.48,10.9355,80.6206,1.2
Pigeonpeas,Clayey,Hot & Dry,Low,Fusarium Wilt,Moderate,Yes,0.482,30.7,32.5,32.0,94.2,5.7,31.7,61.8,20.8,57.4,3.42,31.8901,84.1112,4.1
Apple,Loamy,Normal,High,Apple Scab,Low,No,0.36,35.3,21.8,92.1,101.9,6.12,20.0,138.9,201.6,93.6,4.49,36.0591,84.6343,1.3
Blackgram,Sandy,Normal,Low,Powdery Mildew,Moderate,Yes,0.306,20.2,28.5,66.9,69.4,7.31,33.1,71.8,24.3,58.5,3.34,27.6157,81.2422,8.2
Coconut,Loamy,Rainy,High,Root Wilt,Low,No,0.368,43.1,28.9,99.3,166.9,6.15,6.5,10.9,31.5,53.4,3.4,11.8496,79.4168,15.7
Grapes,Clayey,Normal,High,None,Moderate,Yes,0.275,30.4,31.8,82.3,71.2,5.93,9.3,140.2,199.3,81.7,5.45,21.132,78.6658,8.4
Jute,Clayey,Rainy,High,Stem Rot,Low,No,0.582,57.1,25.1,85.6,154.9,6.86,82.4,37.9,37.0,67.4,4.19,21.6051,68.3486,1.5
Jute,Loamy,Rainy,High,None,Low,No,0.618,41.0,25.4,78.0,158.7,7.38,96.8,51.4,42.3,60.6,4.55,33.8176,84.2687,0.0
Mothbeans,Clayey,Normal,Medium,None,Moderate,Yes,0.394,22.6,24.7,57.9,51.3,5.62,27.2,42.4,18.9,47.4,3.89,9.5218,94.301,1.8
Orange,Loamy,Normal,High,Citrus Canker,Low,No,0.339,21.8,34.6,93.4,100.5,6.78,8.0,23.9,6.8,53.5,2.9,24.1766,80.9858,14.4
Pomegranate,Sandy,Normal,High,Bacterial Blight,Low,No,0.407,37.6,21.9,87.6,110.2,5.58,6.7,10.2,38.2,46.0,2.32,25.9891,80.5669,14.6
Grapes,Silty,Normal,Medium,Anthracnose,Moderate,Yes,0.275,31.2,21.2,83.6,74.0,6.32,27.5,140.2,200.9,97.9,4.57,33.5113,71.3205,4.6
Rice,Silty,Rainy,High,Rice Blast,Low,No,0.62,37.9,29.4,81.9,157.9,6.67,115.5,57.9,40.7,78.5,4.27,12.8358,75.1989,0.2
Pigeonpeas,Loamy,Normal,Low,None,Low,No,0.339,30.6,23.7,43.4,110.5,6.61,1.2,62.8,16.7,62.3,6.73,26.7545,68.7638,14.8
Chickpea,Clayey,Cool,Low,None,Moderate,Yes,0.481,25.0,18.9,11.6,67.9,7.58,55.4,69.2,79.0,62.1,5.15,17.3838,92.0274,2.6
Mothbeans,Loamy,Normal,Medium,None,High,Yes,0.325,19.3,27.9,57.1,32.7,6.69,16.3,47.8,21.2,60.0,3.39,19.7548,76.6826,6.6
Orange,Loamy,Normal,High,Citrus Canker,Low,No,0.468,35.3,25.5,92.3,111.7,6.9,20.0,14.2,10.3,50.6,2.71,32.4553,70.0724,0.0
Coconut,Silty,Rainy,High,Root Wilt,Low,No,0.47,53.8,28.3,92.5,188.4,6.04,2.4,7.4,26.0,48.2,3.14,13.4921,70.9145,16.6
Muskmelon,Sandy,Normal,High,None,High,Yes,0.46,17.2,26.7,94.8,25.0,6.27,111.8,17.1,52.9,71.4,2.76,13.2348,92.2744,1.2
Maize,Clayey,Normal,Low,None,Moderate,Yes,0.557,24.3,27.1,64.9,85.7,5.85,69.2,53.6,19.6,54.4,4.77,28.1121,89.1361,11.2
Cotton,Silty,Normal,Medium,Bacterial Blight,Moderate,Yes,0.583,18.5,20.0,77.6,68.2,5.77,135.5,50.9,16.2,68.8,3.69,34.3329,73.5092,0.0
Papaya,Silty,Normal,High,Phytophthora Blight,Moderate,Yes,0.47,25.7,37.6,94.5,99.8,6.53,49.4,36.7,47.3,64.4,2.84,28.5401,75.259,0.8
Watermelon,Silty,Normal,Low,Anthracnose,Moderate,Yes,0.503,16.0,21.8,82.3,51.6,6.12,82.8,28.2,53.6,69.9,3.65,17.4978,88.6507,16.7
Maize,Sandy,Normal,Medium,Maize Rust,Moderate,Yes,0.441,29.5,21.3,72.1,70.5,5.73,90.8,57.7,20.2,64.2,4.09,13.2796,73.624,3.0
Coffee,Loamy,Rainy,High,None,Low,No,0.719,42.7,29.3,68.2,167.7,6.83,117.4,35.1,33.3,68.6,5.25,14.5105,93.4751,0.0
Coffee,Silty,Normal,Low,None,Low,No,0.55,29.0,30.0,58.2,124.8,6.02,92.9,32.5,27.2,58.7,5.83,12.0084,78.7054,4.5
Muskmelon,Clayey,Normal,High,None,High,Yes,0.457,22.0,26.7,92.7,27.2,6.25,107.0,29.9,50.4,65.2,2.47,29.1644,76.5821,4.5
Watermelon,Sandy,Normal,High,None,High,Yes,0.656,14.6,29.1,81.0,41.1,6.53,111.1,14.0,48.9,74.7,2.82,11.6241,69.0327,3.8
Banana,Loamy,Normal,High,None,Low,No,0.586,41.1,26.9,78.9,110.5,6.22,88.5,79.9,46.1,69.9,5.95,25.6198,86.3248,12.0
Orange,Sandy,Normal,High,None,Low,No,0.337,32.5,23.8,93.4,105.1,6.94,2.7,11.8,13.5,50.5,4.14,17.3698,83.6813,18.1
Cotton,Sandy,Normal,High,Bacterial Blight,Moderate,Yes,0.589,32.1,23.2,81.9,82.9,5.59,120.6,55.5,24.5,62.5,2.94,33.8082,90.2555,3.9
Grapes,Loamy,Normal,High,Powdery Mildew,Moderate,Yes,0.242,22.1,37.8,82.9,68.1,5.87,1.6,139.7,200.8,79.8,3.91,22.4143,82.4643,13.1
Orange,Silty,Normal,High,Citrus Canker,Low,No,0.489,30.6,34.2,91.1,107.7,6.3,35.2,13.2,5.2,52.4,2.82,16.9198,88.4532,0.0
Muskmelon,Loamy,Normal,High,None,High,Yes,0.571,13.0,26.9,94.6,23.6,6.07,103.5,7.6,47.2,61.3,2.49,22.1004,73.1426,0.0
Coffee,Sandy,Normal,Medium,None,Low,No,0.745,47.6,28.4,56.5,137.9,6.98,113.1,17.2,33.4,58.8,5.59,28.0469,79.2773,1.7
Rice,Sandy,Rainy,High,Rice Blast,Low,No,0.632,46.4,33.6,84.2,152.2,6.22,89.7,41.2,39.8,71.8,4.04,20.9588,93.0918,0.0
Pomegranate,Silty,Normal,High,Bacterial Blight,Low,No,0.236,33.9,23.5,85.1,100.3,5.96,1.6,20.9,44.4,49.0,3.15,13.9519,87.0239,14.9
Grapes,Silty,Cool,Medium,Anthracnose,Moderate,Yes,0.206,41.7,10.7,83.0,65.8,5.75,2.8,128.4,203.2,81.5,4.46,16.5103,93.9641,18.6
Orange,Loamy,Normal,High,Citrus Canker,Low,No,0.318,35.1,29.1,90.8,110.5,6.85,30.9,10.0,7.4,49.5,3.0,8.0487,83.2289,4.6
Maize,Clayey,Normal,Medium,Maize Rust,Moderate,Yes,0.403,36.2,24.2,72.7,91.4,5.59,62.7,42.6,16.1,49.4,2.84,30.6323,70.5854,18.6
Grapes,Silty,Normal,High,Powdery Mildew,Moderate,Yes,0.331,24.9,33.9,83.7,72.7,5.74,11.2,128.3,195.3,84.3,4.06,27.4711,87.657,8.5
Pigeonpeas,Silty,Rainy,Low,Fusarium Wilt,Low,No,0.339,40.3,31.0,58.6,161.4,6.31,10.0,58.9,23.6,63.4,4.68,26.7248,79.7218,8.5
Coconut,Loamy,Rainy,High,Root Wilt,Low,No,0.513,61.0,29.6,90.3,196.7,5.87,32.5,8.7,29.5,46.5,2.38,16.0192,74.4511,3.3
Coffee,Sandy,Normal,High,None,Low,No,0.66,34.1,29.3,53.7,125.2,7.3,110.1,18.9,28.4,57.6,4.55,15.7241,76.37,2.9
Watermelon,Silty,Normal,High,Anthracnose,High,Yes,0.549,17.6,24.0,82.6,40.5,6.3,92.6,8.9,45.7,63.6,1.49,34.6011,90.4861,5.4
Mungbean,Clayey,Normal,High,None,Moderate,Yes,0.38,19.8,28.4,84.8,53.0,6.57,24.7,47.0,20.3,62.8,3.86,15.4509,81.9978,0.2
Chickpea,Clayey,Normal,Low,None,Moderate,Yes,0.393,20.7,21.2,19.2,69.0,7.85,27.0,68.5,79.9,57.3,4.75,33.1324,84.0575,11.5
Coconut,Silty,Rainy,High,Root Wilt,Low,No,0.461,62.7,29.2,90.7,211.1,5.81,24.0,12.2,34.9,45.8,2.34,8.3099,94.4757,1.9
Apple,Loamy,Normal,High,Apple Scab,Low,No,0.314,45.9,22.6,92.0,113.0,6.46,33.3,124.7,198.2,91.7,4.49,13.6327,92.8055,2.9
Papaya,Sandy,Rainy,High,Papaya Ring Spot Virus,Low,No,0.577,66.5,26.1,91.7,206.2,6.56,59.6,57.3,45.7,69.5,3.6,20.1896,84.8566,5.0
Rice,Silty,Rainy,High,Rice Blast,Low,No,0.678,62.2,27.6,82.5,205.7,5.08,113.1,38.8,37.4,50.4,3.28,27.997,95.1796,0.3
Blackgram,Sandy,Normal,High,Powdery Mildew,Moderate,Yes,0.351,25.0,34.8,63.1,68.5,7.04,34.6,78.3,16.6,56.9,2.94,17.8467,69.1339,4.2
Banana,Clayey,Normal,High,None,Moderate,Yes,0.62,20.7,28.7,81.4,90.4,6.26,111.6,88.7,54.5,76.6,5.07,35.7981,82.6131,0.4
Orange,Loamy,Cool,High,Citrus Canker,Low,No,0.382,35.4,19.4,92.4,102.1,6.25,25.0,11.2,6.6,56.5,3.35,35.2708,73.2764,4.2
Chickpea,Sandy,Normal,Low,None,Moderate,Yes,0.29,36.8,20.2,14.3,84.9,7.47,30.3,67.6,78.9,58.8,4.84,13.4531,79.1339,6.4
Chickpea,Clayey,Normal,Low,None,Moderate,Yes,0.385,25.1,20.7,17.6,74.2,8.05,32.6,68.9,77.2,52.3,4.4,20.4763,95.3425,7.7
Lentil,Loamy,Normal,High,None,Moderate,Yes,0.326,22.4,29.6,60.6,53.7,7.03,32.5,75.0,19.3,62.2,3.92,9.6685,80.7233,1.5
Watermelon,Silty,Normal,High,None,Moderate,Yes,0.511,17.3,20.8,89.3,59.0,6.16,96.7,24.1,52.3,70.3,4.43,23.6954,68.826,3.8
Apple,Sandy,Normal,High,Apple Scab,Low,No,0.421,40.8,24.5,91.0,114.7,5.61,29.2,137.5,204.4,87.4,4.82,31.354,71.0652,0.0
Mango,Loamy,Normal,High,Powdery Mildew,Moderate,Yes,0.383,36.2,31.9,50.4,96.1,4.99,26.1,22.9,30.8,41.8,1.99,11.0842,76.8061,1.3
Coconut,Silty,Rainy,High,Root Wilt,Low,No,0.336,56.7,29.3,98.0,182.5,5.95,14.1,13.7,32.4,51.9,2.67,34.9636,70.432,7.2
Pigeonpeas,Sandy,Rainy,High,Fusarium Wilt,Low,No,0.387,48.1,35.2,64.9,155.4,5.71,39.6,70.7,23.6,58.2,3.74,31.8431,81.0743,1.7
Coffee,Clayey,Rainy,Medium,Coffee Berry Disease,Low,No,0.605,65.5,23.0,67.2,181.1,6.16,107.8,24.2,34.1,64.5,4.3,26.3745,94.2416,2.3
Jute,Loamy,Rainy,High,Stem Rot,Low,No,0.587,50.4,23.2,89.0,164.2,7.23,93.5,37.8,43.0,57.9,3.25,30.8495,73.2953,2.3
Cotton,Clayey,Normal,High,Bacterial Blight,Moderate,Yes,0.785,27.3,23.9,82.9,93.4,6.51,138.5,58.1,16.6,79.6,4.05,13.7841,84.3702,3.6
Mothbeans,Silty,Normal,Low,None,High,Yes,0.295,23.2,24.6,35.1,49.4,3.8,12.2,45.5,20.0,17.7,1.47,24.9614,86.5129,9.3
Muskmelon,Loamy,Normal,High,None,High,Yes,0.598,10.0,29.1,92.7,27.7,6.48,112.2,5.4,46.6,68.7,2.47,27.8892,78.1847,0.0
Jute,Silty,Rainy,High,Stem Rot,Low,No,0.589,54.6,25.5,88.1,163.0,6.08,87.8,44.8,44.1,66.1,3.67,13.288,72.3939,0.0
Maize,Loamy,Normal,Low,None,Moderate,Yes,0.484,24.6,26.7,67.5,82.6,6.22,60.7,44.6,22.9,58.4,5.12,14.1156,76.2717,14.4
Grapes,Loamy,Normal,High,Powdery Mildew,Moderate,Yes,0.427,17.7,37.5,80.3,67.8,6.0,40.0,143.3,199.7,95.7,4.0,24.183,91.1833,2.3
Pigeonpeas,Loamy,Normal,High,None,Low,No,0.287,51.1,21.2,31.6,127.7,5.67,5.0,78.9,19.8,54.2,4.54,10.7855,87.4339,12.5
Coffee,Loamy,Rainy,High,Coffee Leaf Rust,Low,No,0.709,49.6,27.0,53.3,196.3,7.44,84.1,20.6,33.0,52.5,2.83,8.6065,88.2463,10.9
Coconut,Clayey,Rainy,High,Root Wilt,Low,No,0.401,50.3,26.3,95.5,180.3,6.39,37.1,25.8,31.0,55.3,3.04,36.7356,81.5841,2.8
Pomegranate,Silty,Cool,High,Bacterial Blight,Low,No,0.481,30.6,18.8,94.7,105.6,6.73,37.0,12.8,37.9,62.2,3.32,36.3461,84.9272,0.0
Mango,Loamy,Normal,High,Powdery Mildew,Low,No,0.228,23.4,30.9,53.1,100.3,4.71,0.4,37.9,34.5,31.9,1.79,21.8035,68.9829,18.5
Coffee,Silty,Rainy,Low,None,Low,No,0.556,53.7,25.2,54.3,164.2,7.02,83.0,17.9,27.2,54.5,5.21,35.3168,68.2845,12.5
Maize,Silty,Normal,Medium,None,Moderate,Yes,0.455,31.0,27.3,58.2,63.9,5.84,63.5,49.0,20.9,55.8,4.31,11.1167,82.8082,17.7
Rice,Clayey,Rainy,Low,Rice Blast,Low,No,0.77,72.7,22.5,80.5,203.1,6.69,102.0,59.0,40.2,73.7,5.33,28.0267,75.8691,3.5
Lentil,Silty,Normal,Medium,None,High,Yes,0.289,11.0,28.9,60.9,47.6,6.19,1.1,73.6,19.3,61.1,2.98,23.6711,69.9101,14.4
Papaya,Silty,Normal,High,None,Moderate,Yes,0.283,18.0,33.0,91.5,55.6,6.59,36.7,55.1,48.4,64.1,4.07,22.8406,69.6082,13.1
Papaya,Clayey,Normal,High,Phytophthora Blight,Moderate,Yes,0.36,26.4,31.7,92.6,81.9,6.96,46.6,55.2,49.5,60.4,2.53,9.7256,93.8393,7.7
Muskmelon,Clayey,Normal,High,Downy Mildew,High,Yes,0.501,16.8,28.8,92.9,20.3,6.16,82.4,10.6,48.6,62.6,2.02,29.6309,95.6406,16.4
Chickpea,Silty,Normal,Low,None,Moderate,Yes,0.342,32.4,21.6,19.1,71.8,7.45,55.9,77.2,75.7,64.8,5.61,21.7763,91.7023,0.0
Pigeonpeas,Loamy,Normal,Medium,None,Moderate,Yes,0.316,24.5,27.2,33.9,91.5,6.1,29.2,57.0,22.9,60.6,5.06,32.2797,74.8955,3.7
Lentil,Clayey,Normal,Low,None,Moderate,Yes,0.368,18.1,21.0,60.9,52.6,5.64,33.7,74.6,23.0,53.9,4.38,24.4674,83.065,3.7
Orange,Loamy,Normal,High,Citrus Canker,Low,No,0.37,37.8,33.6,93.7,117.1,6.45,18.0,16.5,7.1,54.6,2.77,35.2163,91.5884,4.8
Cotton,Loamy,Normal,Low,Bacterial Blight,Moderate,Yes,0.589,28.0,22.3,75.3,81.2,7.27,117.1,38.9,19.6,64.4,3.56,16.9422,69.975,1.2
Muskmelon,Clayey,Normal,High,None,High,Yes,0.477,21.7,28.2,94.0,25.8,6.06,105.1,11.5,50.4,66.3,2.49,28.8127,86.9247,4.7
Banana,Sandy,Normal,High,Panama Wilt,Low,No,0.731,42.4,25.8,83.2,119.9,5.94,116.6,70.2,50.2,69.4,4.07,26.2989,90.7981,3.2
Watermelon,Sandy,Normal,High,None,Moderate,Yes,0.468,29.5,25.6,84.5,56.4,6.13,91.5,25.6,52.0,70.6,4.83,23.8631,89.5955,10.4
Papaya,Clayey,Normal,High,None,High,Yes,0.438,24.1,31.9,94.0,42.4,6.86,39.0,39.7,47.8,63.6,2.66,33.239,81.9298,12.3
Pomegranate,Silty,Normal,High,Bacterial Blight,Low,No,0.428,36.6,20.9,91.9,113.1,6.71,16.9,24.2,37.0,58.5,3.55,8.5479,69.3676,2.4
Lentil,Loamy,Normal,Low,None,High,Yes,0.313,14.0,28.0,68.7,35.5,5.98,13.6,70.0,18.8,58.8,2.86,23.0103,96.1229,10.1
Mothbeans,Sandy,Normal,High,None,High,Yes,0.327,23.5,30.7,66.9,39.8,4.28,38.8,39.0,23.6,32.4,1.55,8.7096,83.3424,0.5
Banana,Loamy,Normal,High,Panama Wilt,Low,No,0.677,41.0,28.6,84.6,108.1,5.83,101.3,84.1,47.0,68.1,3.57,28.7512,79.8457,2.2
Lentil,Silty,Normal,Medium,None,High,Yes,0.28,26.1,24.8,63.5,47.3,5.75,7.9,61.1,17.8,51.6,2.41,9.5526,74.6696,11.7
Apple,Sandy,Normal,High,Apple Scab,Low,No,0.432,34.8,21.4,92.3,109.4,5.61,34.2,132.6,200.5,81.0,4.81,32.907,72.7075,0.0
Mungbean,Sandy,Normal,High,None,Moderate,Yes,0.327,19.8,28.2,87.4,58.3,7.04,37.8,47.2,24.4,56.1,3.42,13.4759,84.8743,0.0
Jute,Clayey,Rainy,High,Stem Rot,Low,No,0.676,59.9,26.7,80.8,182.5,6.26,98.0,35.8,36.0,70.1,4.27,36.0225,86.1866,0.4
Mothbeans,Silty,Normal,High,None,High,Yes,0.342,27.2,27.3,31.9,49.3,7.04,26.6,48.4,21.7,51.8,1.82,19.9801,77.6462,1.8
Mango,Sandy,Normal,High,None,Moderate,Yes,0.282,37.4,25.5,51.4,89.8,6.77,29.8,16.9,33.2,56.2,3.53,19.2468,73.2938,4.9
Banana,Clayey,Normal,High,None,Low,No,0.617,45.3,29.1,77.3,115.5,5.91,94.2,91.4,54.1,75.3,6.44,30.8406,82.4368,6.7
Pigeonpeas,Loamy,Normal,High,Sterility Mosaic,Moderate,Yes,0.447,25.4,21.8,51.4,93.0,4.71,40.0,57.6,23.5,36.1,1.73,15.6922,96.9517,2.4
Watermelon,Silty,Normal,High,Anthracnose,High,Yes,0.565,29.1,22.4,89.0,45.1,6.04,106.7,22.7,48.8,70.3,2.25,13.7268,90.942,0.7
Lentil,Loamy,Normal,Medium,None,High,Yes,0.231,29.2,22.8,62.1,44.5,7.23,13.0,58.9,18.2,46.2,2.32,19.7457,93.5633,5.3
Jute,Loamy,Rainy,Low,Anthracnose,Low,No,0.594,48.6,20.5,72.4,176.3,6.19,67.1,41.2,41.5,62.1,4.52,11.8918,82.155,13.4
Kidneybeans,Clayey,Cool,Low,None,Low,No,0.37,42.5,18.0,18.5,118.6,6.33,21.4,73.3,17.9,62.9,6.15,34.8327,88.4121,0.0
Blackgram,Silty,Normal,High,None,Moderate,Yes,0.369,24.6,32.4,64.3,62.3,6.67,34.9,61.0,18.2,61.5,4.12,16.8993,94.299,7.5
Rice,Sandy,Rainy,High,Rice Blast,Low,No,0.677,66.6,23.1,80.5,233.2,5.57,94.5,57.9,35.9,60.6,3.33,9.6732,95.6555,5.0
Grapes,Silty,Normal,High,None,Moderate,Yes,0.393,31.5,26.0,81.4,73.6,5.77,13.4,120.2,197.5,85.0,5.16,33.4579,69.9284,5.0
Rice,Sandy,Rainy,Low,None,Low,No,0.451,40.2,22.7,83.1,153.8,7.21,62.7,37.0,42.0,56.9,5.51,11.1676,71.9644,21.1
Coconut,Silty,Rainy,High,Root Wilt,Low,No,0.494,67.1,27.6,91.4,224.7,6.46,12.0,11.4,26.9,54.4,2.91,11.2011,88.742,11.1
Pigeonpeas,Sandy,Rainy,Low,None,Low,No,0.395,52.4,24.9,34.0,170.9,5.14,8.3,72.9,19.6,43.9,4.78,18.5414,94.9676,9.6
Banana,Sandy,Normal,High,None,Moderate,Yes,0.72,26.8,28.7,80.7,98.1,5.62,114.7,90.2,48.2,73.4,4.5,16.3204,68.0661,1.8
Pomegranate,Loamy,Normal,High,Bacterial Blight,Low,No,0.416,33.1,24.0,91.5,104.5,6.89,22.3,15.1,35.3,56.6,3.17,13.571,90.6547,0.3
Apple,Sandy,Normal,High,None,Low,No,0.328,38.4,21.8,90.1,121.7,6.05,23.0,121.2,198.3,84.2,6.36,28.4885,86.7144,4.8
Cotton,Silty,Normal,High,Bacterial Blight,Moderate,Yes,0.523,30.2,24.3,77.5,80.1,6.32,115.6,41.0,15.5,73.4,3.24,18.3077,91.8992,3.2
Pomegranate,Clayey,Cool,High,Bacterial Blight,Low,No,0.363,48.8,19.8,89.9,113.7,5.58,40.0,9.6,38.6,46.3,2.75,19.0435,74.5227,0.0
Kidneybeans,Clayey,Normal,Low,None,Low,No,0.385,46.1,20.7,15.4,144.9,6.13,4.9,61.7,18.0,54.2,5.29,25.9866,79.9135,13.1
Mungbean,Sandy,Normal,High,None,Moderate,Yes,0.364,23.7,27.2,87.4,59.1,6.74,12.4,38.1,18.8,52.8,3.42,13.399,74.439,4.6
Jute,Silty,Rainy,High,Stem Rot,Low,No,0.733,39.0,26.9,84.4,155.9,6.83,99.6,40.3,42.0,68.4,4.3,34.5482,68.7568,0.0
Muskmelon,Silty,Normal,High,None,High,Yes,0.551,21.2,28.9,92.6,26.9,6.43,109.6,24.6,50.6,76.3,3.16,22.7046,94.9973,3.8
Chickpea,Sandy,Cool,Low,None,Moderate,Yes,0.444,34.2,18.4,15.3,79.7,7.49,37.3,55.8,80.4,53.0,4.1,25.2818,76.1027,6.9
Orange,Loamy,Normal,High,Citrus Canker,Low,No,0.457,33.1,22.9,91.4,116.3,6.89,24.1,11.6,11.6,49.0,2.71,14.733,95.1507,1.6
Coconut,Silty,Normal,High,Root Wilt,Low,No,0.432,37.3,25.9,92.2,140.6,5.66,16.5,26.6,25.4,48.2,2.79,22.7174,77.3753,3.3
Mango,Silty,Normal,Medium,Powdery Mildew,Moderate,Yes,0.28,37.1,33.3,54.3,98.5,5.67,2.0,17.4,30.4,42.3,2.31,19.9451,81.8468,17.4
Lentil,Sandy,Normal,High,None,High,Yes,0.298,16.3,24.0,60.5,47.9,7.27,25.2,72.5,15.9,49.2,1.87,35.6486,83.2561,0.5
Grapes,Clayey,Normal,High,Powdery Mildew,Moderate,Yes,0.215,20.2,31.8,80.5,70.8,5.99,10.6,129.3,199.9,82.5,3.59,33.9344,82.4031,12.2
Mungbean,Loamy,Normal,High,None,Moderate,Yes,0.436,13.3,28.9,80.3,53.8,7.25,33.9,48.7,21.1,49.1,3.14,8.8142,95.8838,4.9
Pigeonpeas,Loamy,Normal,Medium,None,Low,No,0.39,28.9,28.4,48.9,100.7,5.39,14.9,69.6,24.8,45.7,4.41,30.8905,75.3515,8.4
Jute,Loamy,Rainy,Low,Stem Rot,Low,No,0.593,62.5,20.5,84.8,193.0,6.43,65.9,59.5,41.2,74.4,5.0,10.0327,80.1089,16.1
Coconut,Silty,Rainy,High,Root Wilt,Low,No,0.39,51.1,27.8,96.4,166.5,6.13,26.7,17.6,32.5,57.5,3.16,26.7145,90.8945,0.0
Muskmelon,Clayey,Normal,High,None,High,Yes,0.562,10.0,25.2,94.6,22.2,6.24,89.6,24.1,47.0,64.1,2.86,22.3903,76.4729,9.5
Coffee,Sandy,Normal,High,None,Low,No,0.544,37.4,28.3,67.6,136.5,7.21,89.3,22.7,28.1,56.7,4.32,8.4194,95.5199,9.2
Mothbeans,Silty,Normal,Medium,Yellow Mosaic,Moderate,Yes,0.361,20.2,24.7,65.3,72.2,7.3,28.8,59.5,21.3,51.5,3.03,13.019,72.2962,4.6
Kidneybeans,Silty,Cool,Low,None,Low,No,0.287,43.0,16.7,18.2,121.4,5.76,2.9,71.4,18.3,48.2,4.6,31.739,91.7815,18.7
Jute,Silty,Rainy,High,None,Low,No,0.516,58.6,28.5,73.8,164.6,6.77,68.6,39.0,39.7,64.0,5.36,36.7596,89.9975,13.2
Kidneybeans,Sandy,Normal,Low,None,Moderate,Yes,0.501,39.7,22.6,16.9,90.5,5.57,40.0,66.0,24.5,52.5,4.67,18.7754,84.3395,0.9
Mango,Silty,Normal,Low,None,Moderate,Yes,0.38,27.5,29.4,52.8,88.1,5.47,13.4,31.8,25.9,48.1,3.93,32.3842,93.5183,4.5
Coffee,Sandy,Rainy,Low,None,Low,No,0.645,45.2,28.0,56.6,160.8,7.42,85.0,39.1,33.0,55.3,5.25,17.6687,92.8157,10.2
Banana,Silty,Normal,High,None,Moderate,Yes,0.663,40.3,25.1,81.6,94.8,5.77,109.1,82.9,53.1,72.9,4.85,9.0816,86.2538,1.2
Papaya,Silty,Rainy,High,Papaya Ring Spot Virus,Low,No,0.507,69.7,34.8,91.1,225.8,6.55,61.7,45.6,52.4,73.5,4.08,34.3403,88.1285,4.5
Kidneybeans,Sandy,Cool,Low,None,Low,No,0.342,39.4,18.2,19.7,107.3,6.18,16.9,67.1,19.2,61.6,6.3,8.6705,95.9945,7.4
Mango,Sandy,Normal,Low,None,Moderate,Yes,0.392,39.1,28.0,45.6,91.7,6.67,5.8,27.9,29.7,51.3,4.43,24.1692,70.5938,13.1
Jute,Loamy,Rainy,High,Stem Rot,Low,No,0.544,39.5,28.5,89.7,160.0,6.8,63.6,44.5,42.8,67.3,4.18,33.067,81.1315,14.3
Kidneybeans,Silty,Cool,Low,None,Low,No,0.479,47.5,15.2,16.9,147.6,6.49,27.8,64.5,18.2,60.5,6.27,27.4595,85.0465,0.4
Kidneybeans,Clayey,Normal,Low,None,Moderate,Yes,0.389,23.8,21.1,18.5,69.6,5.52,38.6,75.3,21.4,48.6,4.3,35.316,73.0503,1.6
Muskmelon,Loamy,Normal,High,None,High,Yes,0.537,22.1,25.9,91.0,23.0,6.06,112.3,18.4,51.8,62.0,2.74,13.3351,94.4938,0.0
Coconut,Sandy,Rainy,High,Root Wilt,Low,No,0.416,59.1,27.8,100.0,172.0,5.86,38.5,8.8,32.8,53.1,3.03,20.7426,71.9384,4.8
Watermelon,Clayey,Normal,High,None,High,Yes,0.617,15.2,25.8,80.1,50.0,6.94,95.9,14.2,47.7,61.7,2.47,30.8629,87.981,1.7
Orange,Silty,Normal,High,Citrus Canker,Low,No,0.469,47.9,20.0,94.1,110.3,6.85,30.7,17.9,5.0,47.3,2.59,20.9324,85.9831,0.0
Coconut,Clayey,Rainy,High,Root Wilt,Low,No,0.417,54.9,29.8,94.5,204.2,6.12,37.5,15.7,34.5,59.6,3.62,35.1796,84.1438,0.0
Mungbean,Sandy,Normal,High,None,High,Yes,0.22,10.0,28.5,87.7,46.0,7.41,23.1,49.1,23.7,50.6,1.94,15.2128,69.2885,4.7
Cotton,Sandy,Normal,High,Bacterial Blight,Moderate,Yes,0.709,23.6,24.5,85.0,94.1,6.44,122.9,55.3,15.9,70.3,2.97,8.6947,85.0876,0.0
Orange,Loamy,Normal,High,Citrus Canker,Low,No,0.464,38.2,29.4,90.9,102.1,7.37,34.2,28.6,5.6,47.5,2.61,8.7224,93.0537,1.8
Apple,Sandy,Normal,High,Apple Scab,Low,No,0.406,38.2,24.0,92.0,113.9,5.87,25.5,137.1,201.0,86.5,4.39,33.5218,72.951,0.0
Papaya,Silty,Normal,High,Papaya Ring Spot Virus,Low,No,0.555,52.1,28.7,91.5,137.0,6.64,45.9,59.9,46.7,69.4,3.88,31.728,83.8006,6.9
Maize,Sandy,Normal,High,None,Moderate,Yes,0.579,28.7,28.9,60.4,63.5,5.54,98.7,45.2,22.9,53.7,3.23,24.0823,70.9357,0.9
Muskmelon,Sandy,Normal,High,None,High,Yes,0.483,10.0,29.7,92.0,27.2,6.32,95.9,23.5,45.2,66.8,2.39,9.3675,73.6526,6.8
Chickpea,Silty,Cool,Low,None,Moderate,Yes,0.401,38.4,18.9,11.8,92.1,6.57,52.2,77.9,76.3,77.8,6.38,19.4206,71.5788,4.5
Mothbeans,Silty,Hot & Dry,Low,None,High,Yes,0.332,16.0,31.3,35.5,39.4,6.7,30.7,54.8,22.6,60.6,3.04,8.5026,80.8445,4.5
Mango,Loamy,Normal,Medium,Bacterial Canker,Moderate,Yes,0.368,23.9,29.4,49.8,88.0,5.2,19.0,29.4,25.8,45.3,2.68,10.2509,74.6984,1.8
Grapes,Clayey,Cool,High,Anthracnose,Moderate,Yes,0.374,27.2,8.3,80.3,67.2,6.02,32.9,134.9,203.3,85.6,3.52,9.646,87.3558,0.1
Coffee,Sandy,Normal,Low,None,Low,No,0.718,37.0,27.0,66.0,147.9,7.14,102.8,18.2,26.3,54.6,5.37,26.4779,90.8143,4.3
Mango,Clayey,Hot & Dry,Medium,Powdery Mildew,Low,No,0.279,40.0,31.0,45.8,101.8,5.75,17.2,25.2,28.9,47.1,3.39,26.4631,85.7606,3.6
Lentil,Loamy,Normal,Low,None,High,Yes,0.293,19.7,22.3,62.8,44.9,6.82,23.9,62.9,19.0,56.2,2.92,19.397,84.9422,4.9
Lentil,Sandy,Cool,High,None,High,Yes,0.315,24.9,19.7,61.1,40.1,7.49,36.4,60.3,18.0,54.0,2.41,11.863,76.8788,0.0
Rice,Sandy,Rainy,High,Rice Blast,Low,No,0.698,73.0,32.4,84.2,225.3,5.84,77.0,47.8,38.2,57.8,3.26,9.6621,85.2657,9.0
Blackgram,Loamy,Normal,Medium,Powdery Mildew,Moderate,Yes,0.33,19.7,30.8,60.3,74.9,6.82,39.3,63.8,21.2,56.1,3.62,25.1211,69.7085,5.1
Mungbean,Clayey,Normal,High,None,High,Yes,0.395,18.1,27.3,89.1,35.9,7.47,40.0,41.8,24.6,47.5,2.13,24.2672,84.9854,0.0
Mungbean,Clayey,Normal,High,None,High,Yes,0.377,25.5,29.1,81.0,49.3,6.51,39.6,37.5,22.9,64.8,2.85,11.2251,79.3512,0.3
Mungbean,Clayey,Normal,High,None,High,Yes,0.19,11.5,27.3,84.7,38.2,6.0,15.2,36.2,20.5,53.8,1.91,16.3214,96.2849,6.7
Cotton,Sandy,Normal,Medium,Bacterial Blight,Moderate,Yes,0.603,41.0,23.3,78.4,94.4,6.12,104.8,49.5,23.2,62.8,3.98,19.0022,71.4283,11.8
Rice,Silty,Rainy,High,Rice Blast,Low,No,0.547,52.2,35.3,81.3,180.6,5.1,70.4,44.4,40.5,48.4,2.94,12.4027,73.8843,19.7
Chickpea,Silty,Cool,Low,None,Moderate,Yes,0.38,36.0,18.0,17.1,85.9,6.64,58.8,77.4,76.8,79.2,6.22,16.0035,92.9416,0.0
Grapes,Silty,Normal,High,Powdery Mildew,Moderate,Yes,0.283,25.5,31.3,83.5,72.2,5.51,0.1,141.0,197.9,76.0,3.27,34.3182,68.8075,16.0
Kidneybeans,Loamy,Cool,Low,Angular Leaf Spot,Moderate,Yes,0.428,28.9,17.4,24.6,98.6,5.74,36.9,76.3,16.9,54.9,3.13,18.1453,78.6581,0.0
Banana,Sandy,Normal,High,Panama Wilt,Low,No,0.49,30.6,27.8,84.7,114.3,6.41,90.4,88.4,50.1,82.3,4.18,17.8041,81.8995,7.1
Cotton,Loamy,Normal,High,Bacterial Blight,Moderate,Yes,0.542,32.6,24.8,81.7,99.1,6.13,102.5,56.6,20.7,66.6,3.27,29.7099,88.0056,14.8
Mungbean,Clayey,Normal,High,None,High,Yes,0.374,14.9,27.1,86.7,42.2,6.27,21.8,46.5,18.1,60.8,2.34,34.0686,96.5837,1.6
Pigeonpeas,Silty,Rainy,High,Fusarium Wilt,Low,No,0.524,35.2,34.9,65.4,158.7,5.6,36.4,68.3,20.1,48.3,2.78,8.5407,76.1368,0.0
Blackgram,Loamy,Normal,High,Powdery Mildew,Moderate,Yes,0.325,16.5,31.2,65.9,73.0,6.66,33.5,68.1,24.3,67.4,2.97,29.9736,75.1856,8.8
Coffee,Clayey,Normal,High,None,Low,No,0.692,38.5,20.3,64.0,127.7,7.31,113.2,38.4,31.2,57.4,5.03,29.606,87.9359,1.3
Mango,Silty,Normal,Medium,Powdery Mildew,Moderate,Yes,0.418,37.1,31.8,53.1,98.3,6.65,31.6,35.1,29.2,60.3,3.46,31.9624,93.4343,4.5
Kidneybeans,Sandy,Cool,Low,None,Low,No,0.507,46.3,17.9,24.7,135.1,5.78,32.8,59.4,21.4,50.2,5.23,26.0881,85.0333,0.0
Blackgram,Sandy,Normal,Medium,None,Moderate,Yes,0.45,17.6,26.6,61.0,75.0,7.04,36.0,62.8,19.5,59.8,4.48,13.1285,73.7731,6.0
Grapes,Loamy,Normal,High,Powdery Mildew,Moderate,Yes,0.233,25.0,35.4,80.7,67.6,6.16,4.4,136.2,198.5,92.1,3.96,15.6743,77.4531,17.0
Mothbeans,Sandy,Normal,Medium,None,Moderate,Yes,0.362,18.7,27.0,36.4,60.3,7.63,37.1,56.7,21.1,52.3,4.65,29.7639,89.5666,0.7
Kidneybeans,Sandy,Cool,Low,None,Moderate,Yes,0.365,25.5,15.2,19.6,77.4,6.21,34.1,60.4,22.8,62.4,5.1,11.2179,95.7372,0.0
Blackgram,Loamy,Normal,High,Powdery Mildew,Moderate,Yes,0.427,31.8,32.8,69.7,69.4,7.43,59.1,79.6,20.1,58.2,3.1,27.7811,80.544,0.0
Lentil,Sandy,Normal,Medium,None,Moderate,Yes,0.312,27.2,24.1,64.7,50.3,5.97,15.0,61.6,18.7,55.0,4.23,12.5199,80.7274,7.5
Mothbeans,Silty,Normal,Low,None,Moderate,Yes,0.237,31.5,26.8,62.4,67.9,9.44,14.6,49.6,20.5,16.9,1.99,24.7569,73.3886,5.8
Coffee,Loamy,Normal,Low,None,Low,No,0.632,43.1,23.7,67.3,112.6,6.35,102.5,26.2,27.5,63.9,6.44,25.6441,92.9254,0.5
Mango,Silty,Normal,High,None,Moderate,Yes,0.458,22.7,26.3,53.8,87.4,6.12,35.0,26.9,29.3,59.8,3.9,31.0811,89.4323,0.0
Pomegranate,Silty,Cool,Low,Bacterial Blight,Low,No,0.435,30.1,19.5,88.9,107.7,6.93,32.7,6.3,41.4,52.7,3.66,22.5767,94.3281,0.0
Blackgram,Clayey,Normal,Medium,None,Moderate,Yes,0.463,21.3,29.1,65.5,67.6,6.68,58.7,56.7,21.3,60.7,4.89,8.3029,93.4503,0.0
Mango,Silty,Hot & Dry,Medium,Powdery Mildew,Moderate,Yes,0.387,29.9,33.0,49.5,92.5,6.6,34.6,38.6,30.6,59.2,3.69,36.6635,85.5109,0.0
Lentil,Silty,Normal,Low,None,High,Yes,0.392,12.5,29.6,64.7,47.8,7.49,37.9,79.9,15.5,50.4,2.9,17.5297,77.6971,3.8
Lentil,Clayey,Normal,High,None,High,Yes,0.32,10.0,24.7,66.8,37.3,5.87,25.2,74.8,24.5,60.8,2.22,30.284,86.4914,0.3
Coffee,Silty,Normal,Low,None,Low,No,0.717,36.0,21.5,65.1,133.7,7.3,113.6,18.1,33.0,62.3,6.68,30.757,94.2207,4.0
Apple,Loamy,Normal,High,Apple Scab,Low,No,0.452,34.5,22.3,93.3,101.5,6.06,34.3,139.2,198.8,94.6,4.2,10.7692,83.6714,0.0
Lentil,Clayey,Normal,Medium,None,High,Yes,0.178,19.0,21.5,62.8,35.4,6.41,0.9,72.4,16.0,60.5,3.09,29.4216,93.062,16.3
Mango,Clayey,Hot & Dry,Medium,Powdery Mildew,Moderate,Yes,0.352,29.3,31.5,45.8,90.2,5.12,36.1,24.0,26.6,45.5,2.7,33.3195,79.1555,1.8
Blackgram,Loamy,Normal,High,Powdery Mildew,Moderate,Yes,0.351,24.6,30.4,68.5,74.3,7.23,33.1,70.9,19.7,53.3,2.86,36.8037,75.7829,8.8
Orange,Loamy,Normal,High,Citrus Canker,Low,No,0.393,37.9,25.2,91.1,107.5,6.12,25.2,11.8,5.5,48.2,2.59,29.6747,93.2462,3.7
Jute,Loamy,Rainy,High,Stem Rot,Low,No,0.698,54.4,20.0,83.0,166.4,6.83,91.0,50.2,41.2,65.6,4.02,14.782,81.9291,4.1
Kidneybeans,Loamy,Normal,Low,None,Low,No,0.536,49.5,23.2,24.2,149.9,5.53,35.1,74.6,21.6,47.7,4.83,32.2172,96.9918,0.0
Chickpea,Loamy,Normal,Low,None,Moderate,Yes,0.337,21.8,23.1,17.0,79.2,7.77,51.4,77.4,82.1,56.1,4.4,28.2413,75.3375,0.2
Blackgram,Loamy,Normal,Low,None,Moderate,Yes,0.332,28.7,29.1,61.3,73.7,7.47,51.0,76.1,16.3,52.3,4.18,27.9018,90.7997,0.8
Orange,Silty,Cool,High,Citrus Canker,Low,No,0.46,47.8,18.9,91.5,113.6,6.65,25.6,8.3,9.1,48.3,3.0,11.0975,74.9589,4.3
Mothbeans,Sandy,Normal,High,Root Rot,Moderate,Yes,0.195,25.5,31.6,61.6,60.8,9.77,6.4,47.7,18.3,13.0,0.65,9.3022,95.0084,10.3
Muskmelon,Loamy,Normal,High,None,High,Yes,0.486,12.2,25.4,93.4,20.4,6.3,96.6,28.1,52.1,66.8,3.03,17.2518,91.5087,6.2
Coffee,Loamy,Rainy,High,Coffee Berry Disease,Low,No,0.698,64.0,23.3,60.9,199.3,6.17,92.7,37.8,27.2,65.8,4.12,20.5158,92.6659,4.8
Coconut,Loamy,Rainy,High,Root Wilt,Low,No,0.433,45.1,29.6,95.4,179.9,5.58,18.3,20.6,33.3,50.2,3.13,27.7683,77.4007,6.2
Coconut,Silty,Normal,High,Root Wilt,Low,No,0.368,36.2,28.2,96.8,134.3,6.49,36.8,27.3,30.4,61.1,3.92,21.8768,75.2377,3.9
Lentil,Clayey,Normal,High,None,High,Yes,0.258,23.2,29.1,67.8,47.7,5.85,23.5,64.6,24.0,54.7,2.18,11.3864,72.5197,0.8
Watermelon,Sandy,Normal,High,None,High,Yes,0.428,20.6,25.2,87.7,44.6,6.18,87.2,14.6,54.0,60.5,2.38,27.9002,76.4273,14.0
Jute,Clayey,Rainy,High,Stem Rot,Low,No,0.643,57.4,30.0,80.5,175.3,6.5,86.2,52.9,41.6,69.9,4.15,31.5685,74.6539,3.1
Lentil,Sandy,Normal,Medium,None,Moderate,Yes,0.268,25.9,29.9,63.0,50.6,6.88,11.9,57.4,21.0,58.3,4.57,32.838,76.9676,9.8
Jute,Silty,Rainy,Low,Anthracnose,Low,No,0.568,63.6,22.2,78.5,186.0,6.99,71.6,57.5,39.0,67.5,4.6,20.7783,68.4602,11.5
Muskmelon,Sandy,Normal,High,None,High,Yes,0.458,15.1,29.5,92.1,23.9,6.44,90.6,8.1,46.3,67.2,2.39,11.8213,84.2158,9.6
Jute,Silty,Rainy,Medium,Stem Rot,Low,No,0.621,57.3,20.1,86.2,197.5,6.41,79.9,47.5,40.1,74.3,5.21,25.3588,90.4708,4.5
Muskmelon,Sandy,Normal,High,None,High,Yes,0.522,16.0,27.6,94.8,20.6,6.22,89.0,20.5,53.9,61.8,2.39,9.9548,76.4451,9.5
Chickpea,Silty,Cool,Low,None,Moderate,Yes,0.485,30.7,17.5,11.1,86.6,6.82,37.5,67.4,83.4,68.0,5.51,27.3111,80.4789,1.7
Apple,Sandy,Normal,High,Apple Scab,Low,No,0.332,36.8,22.2,92.7,123.5,6.38,5.6,120.7,195.7,84.8,4.65,19.8333,75.356,15.7
Blackgram,Sandy,Normal,High,Powdery Mildew,Moderate,Yes,0.362,20.4,34.6,68.8,74.7,7.38,20.7,55.9,21.8,45.9,2.27,25.4701,87.5992,13.5
Papaya,Loamy,Normal,High,Phytophthora Blight,Moderate,Yes,0.46,20.8,34.8,90.8,99.0,6.64,61.5,37.0,50.4,70.0,3.56,28.3878,84.6079,3.2
Chickpea,Sandy,Normal,Medium,Ascochyta Blight,Moderate,Yes,0.522,36.9,25.7,15.7,74.7,7.13,51.7,57.3,81.1,67.6,3.93,24.2815,84.2134,4.1
Blackgram,Loamy,Normal,High,None,Moderate,Yes,0.466,25.9,28.8,60.7,64.3,6.84,52.6,62.5,22.1,64.5,4.37,11.7825,69.8379,3.7
Mothbeans,Clayey,Normal,High,None,Moderate,Yes,0.204,11.0,29.0,39.6,54.6,8.73,2.7,37.0,21.5,24.6,2.02,22.6632,80.8728,17.3
Mango,Sandy,Normal,Medium,None,Moderate,Yes,0.433,27.5,29.6,49.4,98.8,6.35,37.9,20.7,32.4,55.3,4.51,36.0846,77.7877,4.9
Rice,Sandy,Rainy,High,Rice Blast,Low,No,0.577,51.3,33.9,81.0,153.5,5.59,71.6,44.6,40.8,61.4,3.87,31.8619,77.3882,19.4
Cotton,Sandy,Normal,Medium,Bacterial Blight,Moderate,Yes,0.577,24.0,21.7,83.7,63.6,5.64,128.3,55.2,16.7,59.8,3.39,11.1478,74.1213,0.0
Jute,Clayey,Rainy,High,Stem Rot,Low,No,0.583,42.1,29.0,88.0,156.2,6.16,68.5,43.7,36.0,60.1,3.73,21.6118,87.9572,7.5
Mothbeans,Loamy,Normal,High,Root Rot,Moderate,Yes,0.272,16.0,31.0,59.0,71.6,4.64,29.7,38.1,17.1,30.1,1.58,9.4161,81.98,2.0
Blackgram,Loamy,Normal,Low,Leaf Crinkle,Moderate,Yes,0.372,33.9,26.9,68.1,69.5,7.1,28.3,70.0,23.2,59.7,3.16,24.3503,87.057,12.0
Orange,Clayey,Cool,Medium,Citrus Canker,Low,No,0.47,41.9,15.1,91.6,116.2,7.5,25.4,18.6,7.7,47.1,3.45,18.5079,83.7398,4.9
Muskmelon,Clayey,Normal,High,None,High,Yes,0.445,10.0,27.5,92.3,25.7,6.28,99.4,28.8,50.9,66.8,3.12,23.3597,96.5656,3.5
Lentil,Sandy,Normal,Medium,None,High,Yes,0.223,10.0,27.4,61.9,35.6,7.05,20.6,55.7,22.3,54.4,3.06,34.9284,94.8693,2.5
Papaya,Loamy,Rainy,High,Papaya Ring Spot Virus,Low,No,0.628,55.3,29.6,92.9,211.1,6.89,53.3,35.9,48.0,63.3,3.56,30.1743,78.8805,2.7
Kidneybeans,Clayey,Normal,Low,None,Moderate,Yes,0.265,31.6,20.4,17.5,84.9,5.84,10.9,74.5,23.3,57.3,5.01,13.5117,75.5567,10.0
Maize,Silty,Normal,Medium,Maize Rust,Moderate,Yes,0.427,34.4,22.3,71.6,80.4,6.39,80.3,36.8,24.2,64.1,3.83,35.096,69.7009,2.9
Mango,Silty,Normal,Low,None,Moderate,Yes,0.374,37.0,26.2,47.6,88.5,4.54,18.8,16.2,25.4,27.9,2.21,17.7075,78.2055,0.2
Coconut,Silty,Rainy,High,Root Wilt,Low,No,0.45,61.1,28.4,92.9,206.2,5.93,31.3,29.5,25.2,57.5,3.35,22.3766,77.3707,3.2
Muskmelon,Clayey,Normal,High,None,High,Yes,0.402,12.5,26.1,92.2,20.1,6.35,96.1,28.8,49.3,71.2,2.73,18.3002,85.8589,7.1
Maize,Sandy,Normal,Low,None,Moderate,Yes,0.526,20.5,29.4,59.3,60.3,5.95,78.6,41.9,19.4,57.8,5.1,31.831,73.9914,4.8
Pomegranate,Clayey,Normal,High,Bacterial Blight,Low,No,0.449,39.4,24.9,89.7,110.3,5.7,34.6,30.0,42.5,51.2,2.97,14.7973,75.4625,3.3
Grapes,Loamy,Cool,Low,Anthracnose,Moderate,Yes,0.352,38.4,18.6,82.6,73.7,5.82,35.8,140.7,195.5,83.9,4.95,23.0852,88.4825,4.4
Apple,Silty,Normal,High,Apple Scab,Low,No,0.407,29.0,20.7,90.2,103.4,6.34,18.9,137.2,197.8,92.1,4.31,14.5789,76.799,0.0
Orange,Loamy,Normal,High,Citrus Canker,Low,No,0.445,41.3,27.9,93.6,118.2,6.16,21.8,12.1,9.4,46.8,3.04,29.6983,70.9942,0.0
Kidneybeans,Sandy,Normal,Low,None,Moderate,Yes,0.289,32.9,20.6,16.4,79.7,5.91,23.6,68.1,22.4,55.2,4.54,28.0811,83.3315,2.5
Mungbean,Sandy,Normal,High,None,High,Yes,0.318,22.5,29.5,82.9,42.8,6.69,12.7,42.0,24.7,54.0,2.34,13.8607,93.4006,8.4
Cotton,Clayey,Normal,Low,Bacterial Blight,Moderate,Yes,0.535,24.2,21.0,79.4,65.8,5.71,121.6,46.1,16.3,66.0,3.87,25.1566,81.1104,2.9
Rice,Sandy,Rainy,High,Rice Blast,Low,No,0.573,58.6,26.7,84.8,212.1,6.33,76.3,37.6,43.3,63.8,4.01,8.9485,75.0271,15.2
Muskmelon,Silty,Normal,High,None,High,Yes,0.43,17.2,28.6,92.5,20.2,6.02,98.1,23.9,54.4,69.9,2.91,21.3142,88.5895,0.0
Coconut,Clayey,Rainy,High,Root Wilt,Low,No,0.48,55.8,27.0,94.4,185.2,5.7,16.2,15.4,31.6,46.9,2.35,30.5647,92.7041,4.5
Orange,Clayey,Normal,High,Citrus Canker,Low,No,0.443,35.8,28.4,94.7,112.6,7.42,23.9,22.9,10.7,48.1,2.45,8.382,94.2487,0.0
Pigeonpeas,Sandy,Rainy,High,Fusarium Wilt,Low,No,0.404,62.2,31.4,61.6,196.4,4.95,11.2,67.7,16.9,39.6,2.63,29.0938,92.3502,6.0
Jute,Loamy,Rainy,High,None,Low,No,0.684,53.7,26.5,79.3,176.0,6.78,96.6,43.2,38.7,68.8,5.42,16.3184,68.214,0.0
Coconut,Loamy,Rainy,High,Root Wilt,Low,No,0.579,73.2,26.1,94.5,222.0,6.48,29.4,10.6,33.0,56.6,3.45,33.1144,73.1654,0.0
Mothbeans,Sandy,Normal,Low,Root Rot,Moderate,Yes,0.289,16.6,30.3,61.8,64.6,6.12,21.4,56.7,23.3,59.1,3.26,35.2509,73.0983,0.0
Apple,Silty,Normal,High,None,Low,No,0.225,45.7,22.9,92.7,108.2,6.43,5.5,140.6,198.2,88.5,6.24,34.7244,88.003,11.3
Mungbean,Sandy,Normal,High,None,High,Yes,0.395,10.9,28.2,83.1,45.2,6.92,18.6,56.9,15.2,58.5,2.39,25.0152,73.0826,6.1
Rice,Silty,Rainy,High,None,Low,No,0.674,63.1,33.2,84.0,252.2,5.75,62.3,52.7,40.3,54.1,4.32,27.0375,82.0907,22.1
Coconut,Clayey,Rainy,High,Root Wilt,Low,No,0.525,53.7,29.4,92.7,209.8,5.6,7.5,11.4,33.1,40.0,2.48,33.199,89.6035,12.0
Maize,Sandy,Normal,High,None,Low,No,0.424,34.1,28.5,58.2,100.6,6.96,63.1,38.2,16.8,60.0,4.73,13.412,74.7702,11.8
Pigeonpeas,Clayey,Rainy,High,Fusarium Wilt,Low,No,0.294,54.9,31.6,45.7,165.9,4.78,4.0,61.7,24.4,37.5,1.87,17.5301,81.9032,15.3
Coffee,Sandy,Rainy,High,None,Low,No,0.637,48.2,26.6,51.8,168.8,6.44,111.6,35.3,33.6,67.9,5.63,24.5595,95.3729,3.5
Chickpea,Loamy,Normal,Low,None,Moderate,Yes,0.322,26.9,23.9,16.6,87.5,8.05,39.4,61.0,81.6,54.8,4.88,10.2723,76.4789,5.1
Rice,Loamy,Rainy,High,None,Low,No,0.639,39.0,38.0,82.8,154.1,5.34,116.3,59.1,41.7,65.1,5.35,26.3244,88.4606,0.0
Mango,Sandy,Normal,Medium,None,Moderate,Yes,0.355,23.6,27.0,49.6,97.8,5.43,5.8,32.2,30.6,48.3,4.12,21.4652,88.7864,15.5
Watermelon,Loamy,Normal,High,Anthracnose,Moderate,Yes,0.593,27.3,21.4,88.2,52.3,6.95,97.8,26.0,53.9,61.7,2.82,17.3141,73.8621,4.3
Mothbeans,Silty,Normal,Low,None,Moderate,Yes,0.364,22.7,24.3,56.7,55.0,3.61,12.4,50.8,19.5,23.6,2.34,31.9365,88.6377,10.8
Pigeonpeas,Sandy,Rainy,Medium,None,Low,No,0.452,51.6,24.4,40.7,172.5,4.92,32.8,58.5,22.0,46.5,4.43,31.1036,89.7057,0.0
Banana,Loamy,Normal,High,None,Low,No,0.684,37.1,28.8,79.1,114.9,5.79,111.9,76.5,46.2,71.3,6.18,17.9036,89.5281,0.1
Muskmelon,Clayey,Normal,High,None,High,Yes,0.478,10.0,25.6,92.0,23.1,6.26,107.1,26.1,46.5,74.0,3.31,8.6066,86.4686,0.9
Muskmelon,Sandy,Normal,High,None,High,Yes,0.516,19.0,25.3,93.6,29.4,6.45,100.2,21.3,47.1,65.9,2.83,8.2828,73.4844,0.0
Banana,Sandy,Normal,High,None,Low,No,0.545,28.6,28.1,78.6,104.1,6.08,101.5,79.0,48.6,73.7,6.3,29.8181,96.901,2.5
Pomegranate,Loamy,Normal,High,Bacterial Blight,Low,No,0.374,31.6,23.1,92.9,100.3,6.63,34.7,22.6,42.0,58.2,3.13,32.2067,91.3797,4.2
Coconut,Silty,Rainy,High,Root Wilt,Low,No,0.404,55.6,29.5,99.1,178.8,5.68,34.1,28.2,30.8,48.3,3.17,34.3035,93.814,3.8
Watermelon,Silty,Normal,High,None,Moderate,Yes,0.623,15.5,28.6,88.2,51.4,6.34,109.7,5.1,47.8,67.5,4.72,13.7199,84.0379,0.0
Coffee,Sandy,Normal,Medium,None,Low,No,0.608,38.4,23.4,66.7,141.3,7.14,116.7,15.3,32.2,65.5,7.04,35.8873,80.5879,4.3
Mango,Clayey,Hot & Dry,Medium,Powdery Mildew,Moderate,Yes,0.417,32.4,33.9,49.3,86.0,5.06,33.2,36.0,28.9,44.8,2.9,10.2863,79.4966,0.1
Muskmelon,Silty,Normal,High,None,High,Yes,0.486,11.0,28.8,93.6,28.5,6.28,106.7,20.7,53.4,71.8,3.34,12.2207,82.6287,3.1
Cotton,Sandy,Normal,Medium,Bacterial Blight,Moderate,Yes,0.667,35.8,24.4,77.6,75.7,5.7,115.3,38.7,22.5,64.9,3.93,34.1575,79.6579,1.8
Mungbean,Clayey,Normal,High,None,High,Yes,0.259,20.9,27.3,81.2,49.3,6.08,9.7,43.9,20.1,54.3,2.38,34.9465,74.5714,8.2
Watermelon,Sandy,Normal,Low,Anthracnose,High,Yes,0.541,26.7,20.8,84.2,44.1,6.71,104.0,9.3,54.1,67.3,2.23,28.2848,80.0266,4.6
Kidneybeans,Sandy,Cool,Low,None,Moderate,Yes,0.256,45.2,19.3,18.8,93.1,6.18,2.1,66.7,20.4,52.0,4.48,10.8947,87.5016,17.9
Coffee,Silty,Rainy,Medium,Root Rot,Low,No,0.563,59.8,25.4,68.2,171.0,6.08,94.5,22.7,32.2,61.5,4.54,18.7575,81.1025,5.1
Watermelon,Silty,Normal,High,None,High,Yes,0.573,16.4,28.8,82.0,45.7,6.17,112.0,5.6,53.5,63.4,3.01,12.1101,81.2466,0.9
Banana,Silty,Normal,High,None,Low,No,0.742,44.8,28.0,78.8,115.2,6.18,119.2,80.5,47.3,76.3,6.34,19.9919,88.6622,0.9
Lentil,Loamy,Normal,High,None,High,Yes,0.241,24.1,27.6,69.9,37.4,6.44,18.4,65.8,18.5,58.5,2.81,31.7129,75.4066,5.7
Lentil,Loamy,Normal,Medium,None,High,Yes,0.291,25.5,21.2,62.6,44.1,7.47,32.6,63.5,19.5,47.4,2.58,8.748,85.268,4.4
Jute,Sandy,Rainy,Medium,Stem Rot,Low,No,0.503,58.0,22.4,80.4,174.6,7.14,79.1,55.2,44.6,65.7,5.07,8.2744,73.6049,0.4
Coffee,Sandy,Normal,Medium,None,Low,No,0.559,39.8,25.4,60.9,145.8,6.58,81.6,34.5,25.9,71.6,6.93,9.2444,73.6347,19.3
Coconut,Silty,Rainy,High,Root Wilt,Low,No,0.466,52.7,27.8,96.6,154.6,5.53,17.6,14.0,28.8,39.7,2.43,36.5986,70.8332,5.5
Grapes,Loamy,Normal,High,None,Moderate,Yes,0.364,16.4,26.3,82.1,72.5,6.13,8.0,127.1,198.5,89.3,4.82,32.5065,81.8757,9.4
Coffee,Silty,Rainy,Low,None,Low,No,0.615,62.3,25.3,69.9,186.5,7.17,103.3,32.7,29.8,58.6,5.99,25.3528,72.1263,2.0
Blackgram,Silty,Normal,Low,None,Moderate,Yes,0.414,29.9,27.6,62.7,68.1,7.29,33.5,62.0,23.6,48.9,4.38,25.152,85.413,4.1
Chickpea,Loamy,Normal,Low,None,Moderate,Yes,0.449,27.9,21.7,15.2,76.0,7.99,50.7,72.5,82.9,53.8,4.42,10.4302,73.6667,1.1
Coconut,Silty,Rainy,High,Root Wilt,Low,No,0.53,61.6,26.2,97.5,212.9,5.7,17.4,27.0,34.7,49.7,2.75,9.1498,89.1359,6.4
Kidneybeans,Loamy,Cool,Low,None,Moderate,Yes,0.247,35.4,17.7,16.2,73.8,6.35,13.2,55.8,22.1,58.3,4.52,18.7195,80.9581,8.9
Mothbeans,Silty,Normal,Low,None,Moderate,Yes,0.156,20.0,28.9,62.8,54.1,4.92,0.7,59.6,19.9,37.8,3.26,21.0223,72.1186,15.2
Grapes,Loamy,Cool,High,Anthracnose,Moderate,Yes,0.333,34.9,15.5,80.6,69.7,6.34,12.4,137.2,203.8,91.7,3.32,24.6471,81.4812,5.9
Jute,Sandy,Rainy,High,Anthracnose,Low,No,0.564,59.5,22.3,77.3,174.6,6.98,96.4,59.6,40.9,63.8,3.62,15.1307,68.5478,2.8
Chickpea,Sandy,Cool,Low,None,Moderate,Yes,0.275,27.5,18.6,11.6,70.7,5.71,20.7,72.4,75.8,56.4,5.0,23.7321,79.9211,20.3
Mungbean,Clayey,Normal,High,None,Moderate,Yes,0.261,19.7,29.9,80.4,53.0,6.22,13.7,40.2,22.5,50.6,3.38,31.5982,94.4226,7.4
Coffee,Silty,Normal,Low,None,Low,No,0.565,41.5,25.8,51.5,138.1,6.1,97.2,33.0,32.3,65.1,6.85,27.7596,75.6671,2.9
Apple,Silty,Normal,High,Apple Scab,Low,No,0.356,33.2,23.1,90.3,112.2,5.53,17.1,138.4,200.3,80.6,4.53,36.1577,74.734,4.9
Rice,Sandy,Rainy,High,Rice Blast,Low,No,0.781,70.8,29.0,81.4,263.5,7.25,91.5,56.3,38.7,63.2,4.0,26.2317,72.9866,0.0
Lentil,Clayey,Normal,Low,None,High,Yes,0.319,26.7,21.4,67.9,46.8,7.18,9.3,68.6,18.5,53.2,2.78,32.0692,91.8514,12.9
Rice,Silty,Rainy,High,Rice Blast,Low,No,0.777,76.1,38.8,85.0,255.5,5.57,106.3,46.7,42.9,63.9,4.04,32.9905,88.4221,0.0
Maize,Clayey,Normal,High,None,Low,No,0.617,35.6,27.0,61.7,102.8,6.6,83.6,41.0,24.8,71.4,6.04,22.9035,96.7445,4.4
Mango,Silty,Normal,High,None,Low,No,0.307,33.3,29.4,54.2,105.0,4.7,8.7,37.4,27.3,31.0,2.97,9.7928,86.2756,12.7
Pomegranate,Clayey,Normal,Low,Bacterial Blight,Low,No,0.34,38.0,20.6,86.9,101.6,5.89,10.0,24.7,40.9,48.4,3.54,10.8352,88.6537,8.4
Apple,Loamy,Normal,High,Apple Scab,Low,No,0.437,38.7,23.6,94.0,123.3,5.57,15.6,133.0,203.1,82.9,4.58,23.9981,81.1246,3.7
Coffee,Sandy,Rainy,High,None,Low,No,0.681,67.3,21.9,52.6,185.9,7.36,108.7,15.7,29.0,52.3,4.63,23.7422,80.0218,3.9
Banana,Clayey,Normal,High,None,Moderate,Yes,0.509,22.9,29.5,79.3,96.6,6.28,99.2,79.6,48.9,76.7,4.95,18.3804,75.967,2.9
Orange,Silty,Normal,High,Citrus Canker,Low,No,0.392,30.0,27.8,92.7,112.0,6.52,34.3,12.5,7.7,53.1,3.41,32.1258,85.0684,0.0
Pigeonpeas,Clayey,Hot & Dry,Low,Fusarium Wilt,Low,No,0.441,25.5,31.0,30.5,114.8,4.99,36.6,67.1,15.3,42.8,3.33,13.3206,75.9072,2.9
Apple,Silty,Normal,High,Apple Scab,Low,No,0.504,41.0,23.6,90.5,114.3,5.63,36.9,144.0,202.4,88.0,4.24,15.7838,94.3073,1.1
Muskmelon,Silty,Normal,High,None,High,Yes,0.53,16.6,26.6,94.9,25.9,6.26,113.4,14.6,46.2,72.4,3.19,9.8992,72.7774,0.0
Lentil,Silty,Cool,Medium,None,Moderate,Yes,0.373,32.2,18.4,61.3,51.4,6.78,30.9,78.5,21.8,59.6,4.64,26.7214,69.7624,4.5
Orange,Silty,Cool,Medium,Citrus Canker,Low,No,0.348,43.9,14.0,90.0,107.2,6.92,31.8,24.4,10.5,52.4,3.72,17.1591,89.7512,0.9
Papaya,Clayey,Rainy,High,Papaya Ring Spot Virus,Low,No,0.589,61.0,34.0,93.8,181.2,6.91,50.7,42.8,48.4,66.8,3.83,13.4549,73.0228,0.8
Pomegranate,Silty,Normal,Low,Bacterial Blight,Low,No,0.49,27.3,20.1,87.9,100.9,6.36,33.6,18.0,41.0,57.5,4.19,24.5797,71.706,0.2
Coffee,Sandy,Rainy,Low,None,Low,No,0.634,57.6,22.8,60.6,160.7,7.13,100.3,35.4,27.6,56.6,5.77,8.7936,71.4859,0.0
Mothbeans,Sandy,Normal,Low,None,Moderate,Yes,0.453,21.9,25.2,69.7,65.4,7.58,39.6,45.7,22.5,44.5,3.9,32.3125,95.6235,3.1
Maize,Loamy,Normal,High,Gray Leaf Spot,Moderate,Yes,0.5,35.6,29.0,72.6,81.0,6.89,77.0,58.1,17.6,62.8,2.97,34.533,95.5642,3.1
Mango,Clayey,Normal,Medium,Powdery Mildew,Low,No,0.415,31.9,30.1,50.3,104.7,6.32,19.3,39.3,27.3,55.7,3.68,26.764,70.0808,3.3
Papaya,Sandy,Normal,High,Papaya Ring Spot Virus,Low,No,0.529,32.0,33.5,93.4,139.2,6.86,44.0,58.3,51.4,64.7,3.61,25.098,71.4676,7.2
Watermelon,Clayey,Normal,High,None,Moderate,Yes,0.491,19.3,22.7,85.0,51.5,6.46,85.6,20.1,49.7,67.9,4.08,8.5398,94.2092,14.5
Chickpea,Loamy,Normal,High,None,Moderate,Yes,0.344,22.4,24.8,19.0,89.1,7.05,51.6,73.9,75.4,71.3,5.06,33.4004,94.8611,0.1
Mungbean,Clayey,Normal,High,None,Moderate,Yes,0.323,19.4,28.4,82.9,54.9,6.33,23.6,36.4,22.9,59.4,4.19,15.9768,68.1197,0.0
Pigeonpeas,Clayey,Normal,Medium,None,Low,No,0.377,33.2,27.0,58.2,107.3,7.22,15.8,55.5,18.7,51.8,5.67,36.7621,74.731,2.4
Kidneybeans,Loamy,Cool,Low,None,Moderate,Yes,0.25,36.9,17.3,16.5,95.5,6.09,10.1,67.7,20.0,52.2,4.19,23.1008,77.5642,8.5
Chickpea,Clayey,Normal,Low,None,Moderate,Yes,0.355,39.0,25.1,12.5,87.0,8.23,27.7,63.7,80.0,50.4,4.23,11.6124,83.1008,11.6
Mungbean,Silty,Normal,High,None,Moderate,Yes,0.22,13.5,27.6,81.3,51.1,6.78,8.5,38.0,19.9,56.3,3.93,33.5716,81.6959,9.8
Banana,Loamy,Normal,High,Panama Wilt,Moderate,Yes,0.516,24.5,26.7,78.0,95.8,5.82,91.4,77.0,53.0,65.0,3.19,16.6818,85.8077,5.7
Coffee,Loamy,Normal,Low,None,Low,No,0.639,51.9,24.7,61.0,147.9,6.77,84.2,32.3,33.6,66.8,7.0,17.0886,96.6354,13.0
Cotton,Silty,Normal,Low,Bacterial Blight,Moderate,Yes,0.676,30.6,22.3,79.5,75.9,5.83,111.3,47.4,18.7,61.1,3.34,35.5313,88.9852,5.8
Mothbeans,Loamy,Normal,Low,None,High,Yes,0.224,27.3,26.3,65.5,48.7,9.33,15.1,49.8,24.4,16.4,1.27,22.8175,74.8362,4.1
Maize,Sandy,Normal,Low,None,Moderate,Yes,0.508,22.4,29.1,62.1,99.2,6.26,65.4,47.1,15.2,61.9,5.44,22.3282,84.0788,12.4
Apple,Clayey,Normal,High,Apple Scab,Low,No,0.275,41.5,24.5,91.9,109.9,5.63,22.3,123.3,203.4,81.8,4.2,27.3492,90.5271,2.3
Rice,Silty,Rainy,High,Rice Blast,Low,No,0.65,62.1,26.6,80.5,240.8,6.46,79.7,54.9,44.9,76.3,4.1,36.3559,93.8393,6.8
Coffee,Loamy,Rainy,Medium,None,Low,No,0.608,52.5,21.0,66.1,165.8,7.46,94.5,16.5,32.7,54.8,5.78,8.1764,85.8408,6.1
Apple,Sandy,Normal,High,Apple Scab,Low,No,0.352,50.2,23.9,93.6,121.5,5.86,23.1,129.1,197.1,80.2,4.73,25.0927,71.7818,1.7
Grapes,Silty,Cool,High,Anthracnose,Moderate,Yes,0.38,33.3,9.3,82.3,73.5,6.35,33.8,140.9,204.7,98.1,4.03,25.0403,96.9617,1.8
Mothbeans,Sandy,Normal,High,None,Moderate,Yes,0.334,26.5,27.5,57.7,51.3,5.76,25.4,52.1,15.5,46.9,3.3,13.6996,68.191,3.1
Cotton,Loamy,Normal,High,Bacterial Blight,Moderate,Yes,0.521,39.3,21.5,76.8,77.1,6.34,108.2,39.0,15.2,65.4,3.2,28.9834,68.84,13.5
Coffee,Loamy,Normal,Low,None,Low,No,0.709,53.6,27.2,60.2,149.2,6.01,107.9,19.4,29.0,64.9,6.27,33.8137,72.923,1.0
Jute,Silty,Rainy,High,Stem Rot,Low,No,0.614,44.1,24.6,81.6,159.2,6.97,91.3,37.1,42.8,62.1,3.35,17.4362,74.3854,3.9
Pigeonpeas,Loamy,Rainy,Low,None,Low,No,0.521,55.1,29.9,34.3,189.2,5.06,17.0,56.0,21.4,41.4,3.97,11.95,86.1408,5.6
Coffee,Loamy,Normal,High,None,Low,No,0.697,41.9,29.5,51.9,149.9,6.12,111.7,25.4,34.4,70.0,5.34,25.0834,84.7221,0.0
Jute,Sandy,Rainy,High,None,Low,No,0.565,67.9,25.1,77.4,198.6,6.19,89.0,37.9,40.0,70.8,5.61,12.8007,72.6864,4.0
Maize,Clayey,Normal,High,Maize Rust,Moderate,Yes,0.535,22.7,24.0,70.5,63.0,6.9,93.6,37.8,16.7,65.8,3.04,24.1738,80.7259,2.1
Pomegranate,Loamy,Normal,High,Bacterial Blight,Low,No,0.335,30.9,24.8,91.0,105.5,5.55,24.2,11.0,44.1,48.3,2.74,9.2218,78.1309,0.0
Pomegranate,Silty,Cool,High,Bacterial Blight,Low,No,0.348,32.0,18.5,86.6,103.4,6.0,21.6,11.0,44.3,56.8,3.47,18.2649,90.1859,2.8
Coffee,Silty,Rainy,Medium,None,Low,No,0.712,54.0,27.7,66.3,190.4,7.28,108.8,26.9,25.1,58.2,6.31,35.1323,87.4146,1.7
Banana,Silty,Normal,High,None,Moderate,Yes,0.646,28.0,26.8,79.8,90.7,5.97,100.2,71.8,50.5,69.5,4.52,9.6921,91.538,0.7
Maize,Loamy,Cool,Medium,None,Moderate,Yes,0.494,32.1,18.3,59.1,77.4,6.56,71.4,54.5,15.3,70.4,6.1,23.5545,68.2715,8.1
Jute,Loamy,Rainy,High,Stem Rot,Low,No,0.594,56.8,28.8,82.1,176.0,6.09,94.1,44.6,36.2,64.3,4.07,10.8842,76.6753,0.1
Coconut,Loamy,Rainy,High,Root Wilt,Low,No,0.385,58.0,27.0,91.7,186.7,6.27,10.5,15.3,31.0,55.8,3.25,34.7785,73.4697,12.0
Cotton,Silty,Normal,Low,Bacterial Blight,Moderate,Yes,0.585,33.5,21.7,76.8,94.0,6.98,125.8,58.7,18.2,73.4,4.24,25.5386,91.9836,0.9
Grapes,Silty,Cool,High,Anthracnose,Moderate,Yes,0.273,30.1,15.8,84.8,71.7,6.41,0.9,122.0,196.0,91.6,3.65,28.5424,86.5907,17.3
Coconut,Loamy,Rainy,High,Root Wilt,Low,No,0.418,54.6,28.9,99.5,160.4,5.64,34.2,6.5,25.6,41.5,2.53,8.7526,96.9164,0.0
Grapes,Clayey,Normal,High,Powdery Mildew,Moderate,Yes,0.43,28.3,35.7,82.1,74.4,6.07,26.7,120.1,203.8,90.0,3.88,21.1992,81.3419,1.9
Rice,Silty,Rainy,High,Rice Blast,Low,No,0.709,54.5,31.6,80.9,168.1,5.67,86.5,35.3,43.8,54.9,3.17,26.3601,90.0757,1.0
Rice,Silty,Rainy,High,Rice Blast,Low,No,0.697,56.1,35.2,80.6,199.5,6.48,79.7,40.6,43.4,69.4,3.89,30.5201,69.3271,7.7
Blackgram,Silty,Normal,High,Powdery Mildew,Moderate,Yes,0.377,17.9,32.3,67.1,61.8,7.34,51.2,79.3,22.5,52.7,2.65,34.3198,68.3094,0.0
Orange,Clayey,Cool,Medium,Citrus Canker,Low,No,0.424,48.6,13.6,90.3,102.9,6.21,8.9,17.8,9.4,54.5,3.66,22.0292,94.7575,12.4
Coffee,Sandy,Rainy,Low,None,Low,No,0.715,55.6,23.1,59.2,155.5,7.1,98.9,24.1,33.1,60.5,6.1,25.2635,75.096,1.3
Orange,Loamy,Cool,Medium,Citrus Canker,Low,No,0.288,38.9,16.5,93.5,113.2,7.28,17.9,22.9,12.1,41.6,2.68,14.6152,92.5268,0.2
Cotton,Clayey,Normal,Medium,Bacterial Blight,Moderate,Yes,0.57,29.5,22.0,82.2,76.4,6.47,102.4,52.2,21.9,71.9,4.51,20.2077,86.852,15.3
Pigeonpeas,Silty,Rainy,Medium,None,Low,No,0.526,47.5,27.9,51.6,157.0,6.22,38.1,63.5,15.6,61.0,6.43,35.7412,75.8218,2.6
Pomegranate,Loamy,Normal,High,Bacterial Blight,Low,No,0.425,29.3,21.7,91.9,108.9,6.78,8.3,6.5,43.9,53.0,3.01,29.1052,75.163,10.8
Rice,Silty,Rainy,High,Rice Blast,Low,No,0.669,51.7,30.8,83.8,159.1,5.5,110.6,55.7,40.1,62.1,3.36,8.0969,71.5532,4.7
Cotton,Silty,Normal,Medium,Bacterial Blight,Moderate,Yes,0.72,35.6,20.7,77.6,76.3,7.34,123.4,48.1,19.6,59.1,3.31,10.8031,70.9539,3.0
Papaya,Clayey,Normal,High,Papaya Ring Spot Virus,Low,No,0.544,38.9,24.3,90.6,143.4,6.66,66.9,38.3,48.6,65.9,3.48,8.2706,83.3733,0.9
Watermelon,Sandy,Normal,High,Anthracnose,Moderate,Yes,0.445,16.7,20.3,81.8,58.7,6.71,94.3,15.4,50.4,70.2,3.0,16.6826,80.0353,9.4
Mothbeans,Clayey,Normal,Low,None,Moderate,Yes,0.279,21.5,28.4,64.0,70.1,6.31,32.9,52.6,18.0,63.5,5.55,36.3128,88.1689,2.3
Blackgram,Silty,Normal,High,Powdery Mildew,Moderate,Yes,0.446,13.4,33.0,68.7,62.5,7.39,43.3,64.5,24.2,53.3,2.71,22.3646,95.6438,3.4
Jute,Clayey,Rainy,High,None,Low,No,0.628,49.5,26.4,74.6,176.0,6.61,63.1,58.7,35.3,69.1,5.57,21.9575,76.5949,12.9
Pomegranate,Silty,Normal,High,Bacterial Blight,Low,No,0.434,37.6,24.4,94.5,108.5,6.05,13.3,7.9,44.3,51.5,2.79,34.6729,73.0476,7.2
Apple,Silty,Normal,High,Apple Scab,Low,No,0.301,45.9,22.9,94.9,106.8,6.33,20.0,132.2,198.9,88.4,4.32,22.2979,94.1871,0.2
Coconut,Clayey,Rainy,High,Root Wilt,Low,No,0.591,57.9,29.7,97.2,222.9,5.77,27.3,28.8,34.7,46.3,2.33,9.2675,90.964,0.0
Pigeonpeas,Loamy,Normal,High,None,Low,No,0.428,37.4,27.6,57.7,111.8,7.4,9.8,70.9,19.7,50.0,4.49,25.6098,69.4861,9.7
Pomegranate,Loamy,Normal,High,Bacterial Blight,Low,No,0.457,46.2,23.0,90.1,112.4,5.91,37.7,19.6,41.5,50.1,2.83,9.3241,68.5216,0.0
Watermelon,Clayey,Normal,Low,Anthracnose,High,Yes,0.545,11.7,22.4,80.7,47.9,6.76,104.1,18.5,47.7,69.4,2.16,11.7037,79.4058,0.8
Pomegranate,Sandy,Normal,High,Bacterial Blight,Low,No,0.228,32.9,21.6,88.3,100.3,6.98,1.8,12.0,37.9,46.3,2.3,21.1745,78.5029,14.6
Coffee,Silty,Normal,High,None,Low,No,0.636,44.1,20.9,69.1,112.2,7.41,89.5,26.2,26.2,52.1,4.4,14.9229,85.0008,10.5
Pigeonpeas,Sandy,Normal,High,Fusarium Wilt,Low,No,0.445,24.1,37.8,56.2,120.6,7.37,32.9,67.6,16.2,54.9,3.09,23.5612,89.0829,0.0
Mothbeans,Clayey,Normal,Medium,None,High,Yes,0.45,18.6,31.7,55.2,47.0,4.88,38.4,51.5,18.8,38.2,1.75,12.0138,94.1814,0.0
Apple,Clayey,Normal,High,Apple Scab,Low,No,0.381,47.1,21.1,93.7,109.5,5.66,6.0,141.6,201.4,83.3,4.54,18.8887,82.4681,15.5
Mango,Loamy,Normal,High,Powdery Mildew,Moderate,Yes,0.419,35.0,34.1,53.2,97.5,5.05,21.1,22.6,27.7,40.1,2.07,35.1808,76.3804,4.4
Coffee,Clayey,Rainy,Low,Root Rot,Low,No,0.583,43.5,26.0,69.6,164.2,6.53,85.7,17.7,33.5,68.6,4.68,22.2122,75.5905,13.3
Rice,Sandy,Rainy,High,Rice Blast,Low,No,0.763,46.1,28.2,82.2,162.4,5.92,109.3,50.2,41.1,69.5,3.84,30.767,85.4133,2.5
Blackgram,Silty,Normal,High,Powdery Mildew,Moderate,Yes,0.322,25.1,32.9,62.0,68.0,7.3,39.6,65.7,16.9,52.5,2.71,14.3477,83.6998,0.0
Cotton,Silty,Normal,High,Bacterial Blight,Moderate,Yes,0.657,20.3,24.5,78.9,65.8,5.93,107.8,57.5,16.1,68.9,3.46,9.0127,81.8529,13.5
Apple,Sandy,Normal,High,None,Low,No,0.29,30.2,22.7,94.5,105.7,6.29,3.7,135.6,195.9,90.2,6.26,30.1046,76.8475,16.3
Maize,Clayey,Cool,Low,None,Moderate,Yes,0.45,38.6,18.9,59.7,93.1,5.79,88.3,41.1,17.6,59.8,5.23,14.6269,91.7522,5.0
Pigeonpeas,Clayey,Rainy,High,Fusarium Wilt,Low,No,0.469,56.7,35.6,51.6,185.8,6.39,25.2,74.4,15.4,61.9,3.18,26.0519,79.9815,0.0
Papaya,Sandy,Normal,High,Papaya Ring Spot Virus,Low,No,0.552,39.5,33.4,94.3,130.1,6.66,46.3,40.7,50.9,66.3,3.48,36.1347,71.7325,7.5
Pomegranate,Sandy,Normal,High,Bacterial Blight,Low,No,0.354,32.9,20.2,93.2,114.0,5.87,23.3,10.2,43.6,52.8,2.81,27.9303,71.6402,2.9
Chickpea,Loamy,Normal,Low,None,Moderate,Yes,0.372,28.9,27.7,18.4,71.0,7.84,53.8,73.1,82.6,55.9,4.48,16.9641,87.7952,0.0
Chickpea,Silty,Normal,Medium,None,Moderate,Yes,0.448,33.1,27.4,17.8,92.7,7.97,33.6,79.9,78.9,49.6,4.14,24.2822,80.5434,3.3
Orange,Clayey,Cool,High,Citrus Canker,Low,No,0.319,50.9,14.7,92.1,116.5,7.11,0.6,12.0,5.0,41.5,2.58,15.7543,81.326,14.4
Rice,Sandy,Rainy,High,Rice Blast,Low,No,0.752,46.2,32.9,83.0,174.1,5.25,118.0,40.3,40.2,60.8,3.77,12.2,89.3914,0.0
Maize,Loamy,Normal,Low,None,Moderate,Yes,0.573,23.1,28.9,58.0,87.9,6.98,90.6,35.5,24.7,62.3,5.34,10.7406,70.8238,0.5
Kidneybeans,Clayey,Normal,Low,Anthracnose,Low,No,0.347,33.9,22.5,19.9,110.7,6.01,0.2,65.4,15.5,54.9,4.08,35.5855,92.1707,16.7
Watermelon,Sandy,Normal,High,Anthracnose,High,Yes,0.592,26.6,20.5,89.5,41.5,6.33,106.8,11.0,54.7,71.3,1.87,17.4839,91.4438,0.0
Chickpea,Silty,Cool,Low,Botrytis Gray Mold,Moderate,Yes,0.442,30.0,17.7,16.8,93.3,5.54,30.3,76.6,82.8,63.2,3.46,16.9506,93.5961,7.5
Blackgram,Loamy,Normal,High,Powdery Mildew,Moderate,Yes,0.283,20.6,34.5,69.8,73.2,7.25,23.3,78.3,22.8,57.9,2.86,21.7582,89.6209,17.1
Grapes,Clayey,Normal,High,Anthracnose,Moderate,Yes,0.268,22.0,22.9,80.8,68.2,6.39,8.9,120.8,199.8,87.0,3.94,10.9654,74.1401,10.4
Papaya,Sandy,Rainy,High,Papaya Ring Spot Virus,Low,No,0.538,77.2,37.0,92.8,247.7,6.56,51.8,35.1,50.7,68.1,3.68,36.4674,72.1068,0.0
Pomegranate,Silty,Cool,Medium,Bacterial Blight,Low,No,0.346,49.1,18.5,86.2,114.3,6.45,36.3,8.3,39.2,58.4,4.15,8.3643,90.1829,0.0
Jute,Clayey,Rainy,High,Anthracnose,Low,No,0.653,53.7,22.4,73.4,165.6,6.04,66.1,59.6,39.9,64.3,3.32,28.4463,80.6228,12.0
Grapes,Loamy,Cool,Medium,Anthracnose,Moderate,Yes,0.317,37.7,12.8,84.2,72.3,6.16,17.3,132.9,202.7,87.8,4.52,35.6219,88.6905,3.2
Pigeonpeas,Silty,Rainy,High,None,Low,No,0.426,51.5,26.3,55.7,176.4,6.16,11.2,78.9,23.0,57.2,4.62,25.3429,93.8529,11.8
Mothbeans,Sandy,Normal,Medium,None,Moderate,Yes,0.425,24.1,27.6,41.9,63.9,7.49,22.0,39.0,23.4,44.7,3.47,16.5525,81.1131,1.9
Mothbeans,Clayey,Normal,Medium,None,Moderate,Yes,0.368,29.6,27.1,39.9,68.9,9.52,1.6,37.7,19.9,14.5,1.51,33.4386,69.3409,14.7
Mango,Silty,Normal,High,Powdery Mildew,Low,No,0.392,23.9,31.6,51.4,101.2,6.95,9.1,36.9,26.6,55.6,3.52,31.405,69.377,11.8
Maize,Sandy,Normal,Low,None,Moderate,Yes,0.36,13.6,29.0,64.7,60.9,6.35,67.7,41.7,17.0,67.7,5.52,16.9567,92.8189,12.1
Mango,Loamy,Normal,Medium,None,Moderate,Yes,0.246,32.1,26.6,46.2,92.7,4.81,13.5,38.2,29.3,33.8,3.12,19.0601,88.4751,6.2
Jute,Sandy,Rainy,High,Stem Rot,Low,No,0.564,39.1,28.7,85.5,153.1,6.63,84.5,52.1,35.3,68.6,3.93,15.9046,90.7599,0.0
Pomegranate,Sandy,Normal,High,Bacterial Blight,Low,No,0.379,29.4,21.1,93.0,112.0,6.29,4.8,8.6,40.5,54.1,3.24,13.9492,77.8749,13.5
Blackgram,Silty,Normal,Low,None,Moderate,Yes,0.497,35.7,26.9,68.9,74.2,7.33,46.7,67.9,21.5,56.7,4.36,13.9898,96.3382,0.0
Jute,Silty,Rainy,Medium,None,Low,No,0.563,51.6,22.5,74.7,191.4,6.59,92.1,50.7,35.3,74.3,7.7,8.4092,93.999,2.5
Rice,Loamy,Rainy,High,Rice Blast,Low,No,0.772,77.2,34.8,82.9,297.1,5.7,62.7,43.4,42.6,59.2,3.08,25.9097,73.4153,23.8
Cotton,Sandy,Normal,High,Bacterial Blight,Moderate,Yes,0.717,36.7,20.9,84.4,73.3,6.17,128.0,57.0,19.2,66.9,3.2,32.6014,83.1189,4.7
Maize,Clayey,Normal,Low,None,Moderate,Yes,0.594,27.0,21.2,66.6,97.8,5.63,77.4,35.6,19.2,53.3,4.68,13.7323,78.9531,2.2
Mothbeans,Sandy,Normal,Medium,None,High,Yes,0.278,18.7,25.4,60.4,42.0,5.18,21.4,41.7,17.2,40.2,2.34,33.3951,86.43,0.9
Kidneybeans,Silty,Cool,Low,None,Low,No,0.392,43.3,19.1,18.0,116.7,6.25,13.1,78.3,16.1,60.6,6.25,28.0366,80.2839,8.2
Papaya,Silty,Rainy,High,Papaya Ring Spot Virus,Low,No,0.611,55.4,37.5,92.0,169.5,6.58,69.1,37.5,48.4,65.9,3.43,19.8825,78.1321,0.7
Banana,Silty,Normal,High,None,Low,No,0.592,37.7,28.4,75.2,110.4,6.34,81.3,89.6,45.2,78.9,6.37,26.8912,87.9981,15.8
Rice,Silty,Rainy,High,Rice Blast,Low,No,0.654,79.6,26.2,82.1,299.6,5.83,64.9,43.5,35.7,57.2,3.41,13.0757,94.3068,23.6
Lentil,Loamy,Normal,High,None,High,Yes,0.271,25.4,29.5,62.9,46.7,6.07,7.2,58.8,20.3,51.8,2.39,8.6344,75.9742,13.4
Blackgram,Silty,Normal,High,Powdery Mildew,Moderate,Yes,0.425,29.4,33.2,67.5,74.0,7.15,56.3,72.1,24.6,61.0,2.52,11.1679,73.2361,0.0
Mango,Clayey,Normal,Low,None,Moderate,Yes,0.402,26.6,25.7,55.0,97.7,6.89,20.9,38.4,30.0,56.9,5.04,16.741,75.4018,0.0
Orange,Clayey,Normal,High,Citrus Canker,Low,No,0.267,42.1,33.6,94.6,111.8,6.16,2.8,17.8,11.2,45.8,3.03,17.0219,73.3711,13.4
Chickpea,Clayey,Normal,Low,None,Moderate,Yes,0.291,37.5,28.4,16.9,91.1,7.39,34.5,79.6,79.8,63.8,5.38,13.0443,78.9841,2.6
Blackgram,Clayey,Normal,High,Powdery Mildew,Moderate,Yes,0.418,29.7,32.6,61.7,65.2,7.01,43.3,76.8,18.1,63.3,2.95,22.8026,73.8542,0.0
Pomegranate,Loamy,Normal,High,Bacterial Blight,Low,No,0.273,27.7,21.7,89.1,106.6,5.92,22.9,7.0,44.6,47.7,2.76,33.5828,80.1296,3.8
Jute,Loamy,Rainy,High,None,Low,No,0.594,38.6,28.1,71.1,158.6,6.17,81.8,38.7,40.7,68.2,5.3,23.0382,91.6385,1.2
Mango,Sandy,Normal,High,None,Moderate,Yes,0.465,29.3,29.9,45.7,96.1,6.84,25.0,31.0,25.3,59.4,3.77,18.4884,78.7419,0.0
Rice,Sandy,Rainy,High,Rice Blast,Low,No,0.639,71.8,29.9,82.1,270.1,6.14,63.0,38.8,41.8,63.9,3.82,28.2594,86.2641,22.6
Chickpea,Clayey,Cool,Low,None,Moderate,Yes,0.411,36.2,19.2,17.1,91.1,6.02,41.6,69.8,76.1,67.2,5.78,27.605,75.9609,0.0
Coconut,Loamy,Rainy,High,Root Wilt,Low,No,0.324,52.1,27.3,96.3,169.1,5.91,10.7,24.9,30.5,49.4,3.15,12.5493,94.9841,11.1
Blackgram,Clayey,Normal,High,Powdery Mildew,Moderate,Yes,0.403,35.2,28.2,66.7,73.4,7.3,37.7,77.9,19.4,53.7,2.16,14.6604,80.1291,2.0
Muskmelon,Clayey,Normal,High,None,High,Yes,0.445,12.0,29.3,94.7,26.5,6.47,95.4,17.4,51.8,73.1,3.26,8.8242,95.3292,4.1
Blackgram,Clayey,Normal,High,None,Moderate,Yes,0.361,19.0,25.7,69.3,69.0,6.53,24.8,74.3,22.0,68.3,4.49,35.6643,70.725,14.9
Kidneybeans,Sandy,Cool,Low,None,Moderate,Yes,0.283,23.1,15.3,19.7,65.1,6.19,0.0,77.1,24.1,62.6,5.24,14.6573,81.7965,16.5
Grapes,Loamy,Cool,Low,Anthracnose,Moderate,Yes,0.324,28.3,18.4,81.4,74.3,5.89,9.0,136.4,198.2,87.5,4.53,19.3376,81.501,12.9
Mango,Clayey,Normal,Low,None,Low,No,0.262,39.6,25.7,45.6,104.5,5.85,19.1,33.8,25.4,50.0,5.12,19.9037,76.4292,4.6
Pomegranate,Silty,Normal,High,Bacterial Blight,Low,No,0.424,43.2,24.7,89.5,101.0,6.84,15.9,27.5,43.3,60.9,3.47,32.5998,73.2974,3.5
Chickpea,Sandy,Normal,Medium,None,Moderate,Yes,0.343,33.4,30.0,13.5,85.4,7.36,30.9,69.9,75.6,63.0,4.75,27.3404,88.8966,7.6
Jute,Clayey,Rainy,High,Stem Rot,Low,No,0.523,46.8,28.6,88.5,172.2,7.22,76.5,58.4,40.3,65.0,3.99,33.0282,72.3209,1.0
Pigeonpeas,Loamy,Rainy,High,Fusarium Wilt,Low,No,0.458,46.5,37.9,58.8,186.9,4.91,7.5,79.4,22.3,42.1,2.84,11.1046,72.3078,14.2
Blackgram,Sandy,Normal,High,Powdery Mildew,Moderate,Yes,0.299,21.2,31.7,65.9,68.5,6.56,42.9,57.9,21.6,64.2,2.66,13.073,82.7726,0.0
Coconut,Loamy,Rainy,High,Root Wilt,Low,No,0.452,45.4,28.6,98.9,172.9,6.34,14.8,7.4,25.1,51.6,3.05,25.6617,91.0457,7.2
Jute,Silty,Rainy,High,None,Low,No,0.626,60.4,26.1,79.4,169.5,7.12,82.3,46.3,39.1,64.1,5.44,33.9915,92.4532,0.0
Jute,Sandy,Rainy,Low,None,Low,No,0.611,47.4,26.0,70.6,170.2,7.21,83.4,52.0,36.4,64.9,6.95,16.7302,87.1795,4.5
Mungbean,Silty,Normal,High,None,High,Yes,0.275,18.8,28.4,81.0,40.4,6.13,27.0,44.1,23.5,54.7,2.21,35.639,76.4337,5.0
Kidneybeans,Clayey,Normal,High,None,Moderate,Yes,0.258,42.4,22.5,24.3,97.8,5.58,8.2,77.7,16.1,54.4,3.75,36.4427,68.1109,11.0
Pomegranate,Loamy,Normal,High,Bacterial Blight,Low,No,0.442,46.2,20.1,89.7,111.7,5.93,15.4,28.1,39.4,54.8,3.27,22.0137,90.6574,5.1
Cotton,Clayey,Normal,Medium,Bacterial Blight,Moderate,Yes,0.71,22.5,20.4,84.3,79.6,7.48,136.8,48.5,17.5,63.7,3.28,26.3933,95.7811,4.8
Watermelon,Silty,Normal,Low,Anthracnose,High,Yes,0.436,15.9,20.4,80.6,48.0,6.87,83.3,30.0,47.4,61.5,2.64,26.6236,88.6351,17.9
Muskmelon,Silty,Normal,High,None,High,Yes,0.499,10.0,25.5,90.4,22.3,6.01,102.5,28.4,45.8,67.7,2.87,25.1054,95.8806,3.5
Cotton,Silty,Normal,Low,Bacterial Blight,Moderate,Yes,0.622,27.8,21.9,75.9,77.3,6.04,117.5,36.7,16.7,66.7,3.61,12.6863,96.6102,0.8
Pigeonpeas,Silty,Rainy,Low,None,Low,No,0.508,66.7,19.9,44.2,178.0,6.82,18.1,71.7,24.2,60.8,5.86,20.4353,73.8971,1.3
Coconut,Sandy,Rainy,High,Root Wilt,Low,No,0.479,57.6,27.2,95.2,208.3,6.23,24.8,18.9,27.6,53.4,2.7,11.0702,89.3549,1.6
Apple,Clayey,Normal,High,Apple Scab,Low,No,0.41,47.5,21.3,93.4,112.6,6.47,35.1,131.7,196.1,96.9,4.26,29.1482,87.9346,2.2
Blackgram,Clayey,Normal,Low,None,Moderate,Yes,0.334,23.8,25.8,64.9,68.7,7.22,28.6,79.6,21.8,59.1,4.49,29.1281,88.5051,9.9
Rice,Clayey,Rainy,High,Rice Blast,Low,No,0.691,71.4,34.2,82.4,248.7,5.79,95.3,36.7,36.4,63.8,3.78,21.5472,95.1968,0.0
Pomegranate,Silty,Normal,High,Bacterial Blight,Low,No,0.344,30.1,23.4,89.4,103.9,5.54,39.8,9.0,41.6,49.2,2.67,16.1964,96.9359,1.2
Grapes,Loamy,Cool,Low,Anthracnose,Moderate,Yes,0.271,32.8,16.3,82.6,68.1,6.36,5.7,138.1,199.0,89.7,4.2,19.6531,94.4358,9.8
Pigeonpeas,Sandy,Normal,High,Sterility Mosaic,Low,No,0.381,44.1,24.7,34.7,129.0,7.44,24.5,76.5,16.4,46.7,2.37,33.6371,86.1726,4.1
Mango,Sandy,Normal,Low,Powdery Mildew,Moderate,Yes,0.312,23.3,33.4,51.8,88.4,4.87,27.5,39.0,31.4,37.3,1.94,20.1618,96.22,1.4
Lentil,Sandy,Normal,High,None,High,Yes,0.438,27.7,21.4,60.6,45.3,7.3,35.9,78.6,24.2,56.8,2.36,28.2224,91.1233,0.0
Rice,Silty,Rainy,High,Rice Blast,Low,No,0.752,55.3,26.6,81.5,211.9,6.85,88.3,54.8,35.4,67.5,3.59,29.038,86.3599,2.9
Lentil,Silty,Normal,High,None,High,Yes,0.297,24.0,29.6,66.4,35.3,7.48,33.5,62.9,23.5,48.6,2.26,13.2974,76.8212,3.6
Coconut,Loamy,Rainy,High,Root Wilt,Low,No,0.371,46.6,29.5,98.6,168.1,6.27,15.8,9.2,27.8,54.2,3.07,9.4628,73.1351,2.3
Watermelon,Loamy,Normal,High,Anthracnose,High,Yes,0.482,15.4,24.2,88.8,48.4,6.62,107.3,29.3,54.1,69.9,2.45,9.8864,76.7585,2.7
Maize,Loamy,Normal,High,None,Moderate,Yes,0.479,15.6,29.5,68.0,65.2,6.34,81.5,52.6,18.9,71.4,4.74,31.7279,79.0624,1.3
Mango,Loamy,Normal,High,None,Moderate,Yes,0.29,25.5,26.7,50.1,85.2,5.57,19.2,39.7,26.7,47.2,2.96,9.8445,93.9647,0.0
Maize,Sandy,Normal,Low,None,Moderate,Yes,0.55,22.4,26.6,65.4,71.6,6.7,81.6,47.7,19.1,65.4,5.4,34.795,85.272,3.1
Chickpea,Silty,Normal,Low,None,Moderate,Yes,0.44,20.8,20.0,19.5,69.0,6.14,26.0,74.6,80.8,71.2,6.16,9.3137,84.2875,11.5
Watermelon,Loamy,Normal,High,None,Moderate,Yes,0.535,15.2,28.7,86.1,50.3,6.71,111.3,27.9,45.4,65.8,4.02,10.6061,68.9782,3.5
Chickpea,Loamy,Cool,Low,None,Moderate,Yes,0.475,25.3,18.8,11.5,85.7,8.45,54.5,63.4,83.7,45.1,3.42,23.1219,81.6798,0.0
Watermelon,Loamy,Normal,High,None,Moderate,Yes,0.584,14.4,28.6,80.3,58.6,6.68,100.3,17.8,53.1,64.1,4.57,32.1074,89.2775,0.7
Kidneybeans,Silty,Normal,Low,None,Moderate,Yes,0.318,28.2,20.6,16.1,67.0,5.67,34.7,67.2,23.2,58.2,4.5,17.2111,75.7699,1.8
Coconut,Silty,Rainy,High,Root Wilt,Low,No,0.571,60.5,29.6,94.5,218.8,6.32,28.2,23.6,32.7,61.1,3.4,12.0459,88.2915,0.0
Mungbean,Silty,Normal,High,None,Moderate,Yes,0.338,24.8,27.1,89.3,52.7,6.81,35.2,55.0,21.2,60.4,3.76,28.9958,89.1122,4.2
Jute,Clayey,Rainy,Low,None,Low,No,0.533,51.4,27.9,70.2,160.2,7.15,77.3,39.9,35.9,60.5,6.55,25.967,94.9279,6.6
Grapes,Clayey,Normal,High,Powdery Mildew,Moderate,Yes,0.33,17.4,35.0,81.6,68.6,6.43,1.5,137.3,200.0,87.7,3.68,16.9518,79.8477,19.8
Cotton,Loamy,Normal,High,Bacterial Blight,Moderate,Yes,0.62,24.1,22.6,78.7,94.8,7.16,102.5,42.1,18.4,59.3,2.85,36.6874,78.3896,12.1
Mungbean,Clayey,Normal,High,None,High,Yes,0.257,12.1,28.2,88.2,43.5,7.09,32.9,44.7,23.7,52.8,2.46,14.925,68.0225,4.6
Lentil,Loamy,Normal,Low,None,Moderate,Yes,0.289,11.6,25.5,64.2,53.4,6.81,16.4,78.1,19.2,64.2,5.63,26.0612,95.486,0.9
Jute,Loamy,Rainy,Low,Anthracnose,Low,No,0.536,51.4,25.0,73.5,176.4,7.15,66.2,49.1,42.3,61.7,4.81,30.9963,70.6902,14.7
Chickpea,Sandy,Normal,High,None,Moderate,Yes,0.476,17.6,29.3,18.2,66.2,8.39,46.6,56.3,81.5,43.2,2.66,22.1452,82.2298,0.0
Mungbean,Clayey,Normal,High,None,High,Yes,0.265,10.3,28.7,88.6,39.6,7.03,16.1,49.0,18.4,57.2,2.05,9.8508,78.5525,3.6
Lentil,Silty,Cool,High,None,High,Yes,0.406,14.3,18.6,69.5,49.1,6.09,31.6,71.2,18.5,57.3,2.07,22.8268,79.1703,4.1
Mothbeans,Clayey,Hot & Dry,Medium,None,High,Yes,0.3,15.2,31.9,39.9,31.7,7.56,18.2,43.5,22.6,49.3,2.22,21.7504,71.4284,1.9
Mungbean,Clayey,Normal,High,None,High,Yes,0.254,10.0,28.5,82.9,36.6,6.24,17.2,47.3,16.1,58.2,2.74,20.175,84.7557,3.7
Apple,Silty,Normal,High,Apple Scab,Low,No,0.351,39.2,20.5,90.5,115.8,6.3,7.6,135.4,198.7,90.2,4.42,12.0805,68.2773,13.5
Mango,Sandy,Normal,Low,None,Moderate,Yes,0.435,22.7,29.7,52.2,92.9,4.59,15.2,26.2,28.1,30.5,2.91,11.175,69.8452,6.2
Chickpea,Sandy,Normal,Medium,None,Moderate,Yes,0.286,27.7,28.8,13.1,66.7,8.02,32.0,58.3,76.9,45.2,3.44,18.724,72.0391,5.4
Chickpea,Silty,Normal,Low,None,Moderate,Yes,0.438,21.9,22.1,12.7,73.8,7.51,56.0,59.6,81.3,63.4,5.56,26.4898,93.7136,0.3
Orange,Loamy,Cool,High,Citrus Canker,Low,No,0.268,30.7,13.1,93.1,101.1,6.65,4.6,9.1,10.7,52.8,3.12,14.5288,80.2658,15.4
Maize,Sandy,Normal,Low,None,Moderate,Yes,0.559,32.8,26.3,65.7,99.8,5.9,62.7,38.6,24.5,59.6,4.73,27.9279,75.2462,12.5
Coffee,Sandy,Normal,Low,None,Low,No,0.556,44.6,23.0,69.4,149.8,6.33,86.5,19.1,33.3,66.8,6.56,24.7622,74.0552,12.2
Jute,Clayey,Rainy,High,None,Low,No,0.558,52.0,27.1,73.8,160.0,7.27,71.2,50.5,38.2,61.7,4.99,19.0301,83.9036,6.7
Mango,Sandy,Hot & Dry,High,Powdery Mildew,Moderate,Yes,0.306,25.9,31.7,46.3,91.9,4.6,4.9,24.0,27.9,28.5,1.56,32.509,83.3529,15.4
Maize,Loamy,Normal,Low,None,Moderate,Yes,0.547,27.2,29.2,60.5,77.5,6.43,68.8,41.7,19.6,62.3,5.32,10.038,93.4206,12.6
Mungbean,Silty,Normal,High,None,High,Yes,0.338,21.5,27.6,88.6,37.5,7.15,5.8,55.9,15.8,54.9,2.65,30.0326,84.6651,10.8
Coffee,Clayey,Normal,High,None,Low,No,0.488,40.0,26.6,60.3,129.7,7.22,84.0,15.8,32.9,60.6,4.55,9.6019,80.8926,16.4
Cotton,Loamy,Normal,Low,Bacterial Blight,Moderate,Yes,0.575,23.8,20.4,75.1,71.7,6.01,121.9,51.5,20.4,71.5,4.01,19.9068,83.0528,2.6
Banana,Silty,Normal,High,None,Low,No,0.726,46.2,26.9,76.5,113.1,6.38,113.9,85.6,54.5,78.8,6.46,17.0161,94.8753,2.9
Coconut,Clayey,Rainy,High,Root Wilt,Low,No,0.449,63.0,27.6,95.2,215.7,5.55,36.2,8.6,28.6,41.5,2.57,33.1958,94.0886,0.0
Cotton,Loamy,Normal,Medium,None,Moderate,Yes,0.663,35.2,20.2,81.1,65.9,6.31,105.1,39.7,24.2,66.8,5.15,9.0803,92.7454,11.9
Apple,Sandy,Normal,High,Apple Scab,Low,No,0.373,34.2,20.7,92.4,112.8,6.18,14.6,142.7,200.1,85.7,4.84,34.9665,73.9522,2.7
Mango,Silty,Hot & Dry,High,Powdery Mildew,Moderate,Yes,0.4,38.1,31.9,49.4,98.5,6.77,9.3,24.9,29.8,57.3,3.02,31.8469,84.1082,6.8
Watermelon,Sandy,Normal,High,None,Moderate,Yes,0.599,11.8,29.3,85.8,54.8,6.68,97.7,8.1,54.4,64.3,4.58,13.7123,85.8699,6.6
Cotton,Loamy,Normal,Medium,Bacterial Blight,Moderate,Yes,0.61,21.6,21.1,75.5,65.6,5.8,129.6,58.4,24.2,64.7,3.7,22.2106,95.0405,0.1
Coconut,Loamy,Rainy,High,Root Wilt,Low,No,0.53,63.8,26.1,95.2,181.5,6.22,29.3,11.9,30.0,55.2,2.92,20.7268,79.3101,0.0
Orange,Clayey,Normal,High,Citrus Canker,Low,No,0.436,33.6,33.8,91.8,106.7,6.19,30.6,6.6,13.3,47.6,3.1,8.8173,68.7988,4.1
Maize,Clayey,Normal,Low,None,Moderate,Yes,0.431,35.7,20.4,69.7,62.5,6.8,81.8,52.2,19.7,64.6,5.5,32.3087,77.8233,4.4
Mungbean,Silty,Normal,High,None,High,Yes,0.393,17.3,29.6,81.3,48.1,7.24,25.2,40.2,17.0,47.5,2.15,23.3957,74.8061,0.7
Papaya,Loamy,Rainy,High,Papaya Ring Spot Virus,Low,No,0.621,56.7,35.4,91.6,219.5,6.72,57.4,37.9,54.9,70.4,4.06,27.5611,79.3044,2.4
Mango,Silty,Normal,High,None,Moderate,Yes,0.401,37.3,26.2,52.7,93.1,4.91,2.9,39.3,25.8,35.2,2.55,23.6191,78.9473,14.4
Chickpea,Sandy,Normal,Low,None,Moderate,Yes,0.306,23.9,25.4,11.0,90.5,6.85,22.4,79.3,79.6,66.8,5.49,11.7845,93.8592,12.5
Pigeonpeas,Clayey,Rainy,High,Fusarium Wilt,Low,No,0.417,40.6,39.0,34.8,178.4,7.3,19.3,62.3,16.0,48.1,2.93,11.1863,82.4641,2.6
Maize,Sandy,Normal,Low,None,Moderate,Yes,0.524,26.4,21.7,64.8,93.1,5.59,69.4,38.5,23.2,54.5,4.45,17.4888,72.2675,10.7
Jute,Clayey,Rainy,High,Stem Rot,Low,No,0.629,62.5,26.4,89.1,182.3,7.36,60.3,43.8,43.7,53.1,2.87,29.0596,95.2613,15.2
Apple,Clayey,Normal,High,Apple Scab,Low,No,0.383,43.1,20.3,93.2,103.7,6.29,20.2,138.8,201.3,91.0,4.7,22.1654,93.4639,2.6
Kidneybeans,Sandy,Normal,Medium,None,Low,No,0.341,48.5,23.3,21.8,134.3,6.48,33.8,59.1,16.9,64.4,6.68,36.5657,76.4653,0.0
Mothbeans,Silty,Normal,High,None,High,Yes,0.307,10.9,31.9,62.2,32.5,8.75,29.1,43.7,24.9,29.7,1.02,28.0368,82.871,0.0
Pigeonpeas,Silty,Rainy,High,Fusarium Wilt,Low,No,0.437,50.7,32.6,60.3,162.6,5.12,8.8,78.4,17.6,43.5,2.72,35.6464,81.7785,9.5
Watermelon,Sandy,Normal,High,Anthracnose,High,Yes,0.588,13.2,21.5,86.9,48.2,6.88,93.5,25.8,49.8,62.1,1.46,26.8817,71.5383,5.0
Chickpea,Clayey,Cool,Low,None,Moderate,Yes,0.471,22.9,19.2,13.4,65.2,7.01,59.2,73.7,78.9,64.8,4.99,10.8079,85.2969,3.7
Banana,Clayey,Normal,High,Panama Wilt,Low,No,0.636,43.5,26.1,80.1,114.3,5.97,89.9,81.6,51.2,67.1,4.13,28.6421,96.2689,9.2
Rice,Sandy,Rainy,High,Rice Blast,Low,No,0.739,64.7,37.3,84.9,266.1,5.89,95.9,49.2,38.7,67.3,3.54,12.555,78.8286,4.5
Mango,Loamy,Normal,Medium,None,Moderate,Yes,0.349,36.6,27.5,45.0,94.5,6.38,39.9,21.6,30.8,58.8,5.01,9.9946,88.3838,0.0
Chickpea,Silty,Normal,Low,None,Moderate,Yes,0.443,18.5,25.1,16.4,68.6,6.78,46.4,64.6,75.5,70.1,5.64,28.4288,81.6199,1.6
Mungbean,Sandy,Normal,High,Cercospora Leaf Spot,Moderate,Yes,0.246,14.0,29.4,87.2,52.4,7.47,11.4,54.6,16.0,45.1,2.07,36.6095,82.1406,8.3
Kidneybeans,Loamy,Normal,Low,None,Low,No,0.417,43.9,21.9,17.5,124.2,5.65,12.8,65.2,20.2,47.5,4.93,20.1934,85.0066,5.1
Jute,Sandy,Rainy,Low,Anthracnose,Low,No,0.637,55.6,20.5,73.0,190.6,6.24,85.3,44.7,37.5,63.3,4.74,23.6506,69.4711,2.6
Cotton,Silty,Normal,Medium,Bacterial Blight,Moderate,Yes,0.603,29.2,23.1,77.8,73.7,6.45,139.0,41.0,17.1,78.4,4.28,9.7514,70.9913,0.7
Muskmelon,Sandy,Normal,High,None,High,Yes,0.496,12.9,27.7,93.9,28.7,6.18,111.1,26.0,46.0,71.3,2.57,35.0046,87.7663,0.5
Muskmelon,Silty,Normal,High,None,High,Yes,0.577,10.0,29.8,94.7,27.1,6.26,108.0,11.9,51.2,68.4,2.7,28.0959,76.3173,0.0
Coffee,Loamy,Normal,Low,None,Low,No,0.579,48.2,26.2,68.1,143.7,7.28,85.3,31.5,29.9,60.3,6.28,20.0354,83.9169,13.4
Cotton,Silty,Normal,Medium,Bacterial Blight,Moderate,Yes,0.521,26.2,21.6,82.1,93.7,7.39,102.1,49.4,17.7,58.1,3.08,30.7676,75.7969,16.9
Lentil,Silty,Normal,Medium,None,High,Yes,0.377,26.4,25.6,69.7,49.1,5.72,29.2,77.3,18.7,51.4,3.05,19.8733,91.3027,4.2
Apple,Loamy,Normal,High,Apple Scab,Low,No,0.319,34.6,24.7,94.1,119.1,6.08,5.0,143.9,197.8,82.5,4.65,33.9329,78.3421,13.0
Mango,Loamy,Normal,Low,None,Low,No,0.383,24.9,29.4,48.4,102.8,5.61,27.0,24.1,31.9,51.0,5.14,17.2985,77.1794,4.6
Maize,Loamy,Normal,Medium,None,Moderate,Yes,0.519,33.1,26.6,59.0,70.2,6.83,90.0,41.3,19.8,63.7,5.08,28.8138,74.5897,2.3
Mothbeans,Loamy,Normal,High,None,High,Yes,0.287,10.0,28.4,69.5,36.8,5.1,11.4,39.9,18.0,38.4,1.66,10.1944,91.3461,5.7
Watermelon,Silty,Normal,High,Anthracnose,Moderate,Yes,0.597,17.3,22.1,86.9,54.6,6.84,100.9,19.7,47.4,67.4,2.83,24.2018,69.6069,0.0
Orange,Loamy,Normal,High,Citrus Canker,Low,No,0.394,42.9,31.9,92.3,117.4,6.01,10.5,6.6,8.7,46.9,2.5,14.7612,73.5713,6.3
Banana,Clayey,Normal,High,None,Low,No,0.607,36.9,29.2,78.0,100.9,5.53,82.1,80.4,46.4,64.8,5.32,15.0487,73.7006,15.5
Orange,Sandy,Normal,High,Citrus Canker,Low,No,0.389,41.9,28.6,90.3,111.0,7.25,19.5,21.7,7.3,46.2,2.34,35.6699,83.5513,0.7
Cotton,Silty,Normal,Medium,Bacterial Blight,Moderate,Yes,0.612,25.7,21.4,78.0,95.1,7.19,113.4,43.7,19.1,61.3,3.36,23.1944,69.737,9.1
Orange,Silty,Normal,High,Citrus Canker,Low,No,0.441,44.6,26.7,94.5,112.1,6.91,36.5,6.1,7.7,48.1,2.92,22.1694,85.4704,4.2
Orange,Loamy,Cool,High,Citrus Canker,Low,No,0.308,36.7,11.0,91.2,119.8,6.01,0.8,11.4,9.5,43.4,2.72,25.2492,81.5704,18.9
Muskmelon,Clayey,Normal,High,None,High,Yes,0.434,10.0,25.5,92.5,24.9,6.37,103.2,26.1,49.5,69.7,2.9,10.0834,84.3518,0.0
Pigeonpeas,Silty,Rainy,Low,None,Low,No,0.398,50.0,29.2,47.1,172.1,6.42,5.4,57.9,23.2,55.0,5.45,28.0401,84.8686,16.6
Apple,Loamy,Normal,High,None,Low,No,0.304,45.4,22.8,93.7,115.9,6.46,6.4,126.3,204.2,93.7,6.85,13.7893,93.2967,9.0
Blackgram,Clayey,Normal,High,Powdery Mildew,Moderate,Yes,0.391,11.2,34.0,66.4,63.2,7.31,31.8,76.0,20.7,50.0,2.23,33.1978,85.1032,4.8
Apple,Loamy,Normal,High,Apple Scab,Low,No,0.361,35.1,21.5,93.3,106.2,5.82,38.6,124.2,199.5,83.8,4.85,26.9466,94.1307,1.4
Banana,Silty,Normal,High,Panama Wilt,Low,No,0.507,41.9,29.3,82.0,117.3,6.23,87.4,73.5,47.3,72.5,4.13,19.029,69.8349,13.3
Papaya,Silty,Normal,High,Phytophthora Blight,Moderate,Yes,0.482,20.0,31.4,90.5,72.2,6.89,63.4,43.5,46.0,60.4,2.7,13.1603,89.772,4.5
Mungbean,Silty,Normal,High,None,Moderate,Yes,0.319,12.7,28.4,87.9,59.0,6.14,35.2,51.3,21.3,57.9,3.58,33.569,72.9707,1.4
Cotton,Loamy,Normal,Low,Bacterial Blight,Moderate,Yes,0.636,19.0,22.2,78.4,74.8,5.58,103.4,35.3,19.7,58.2,3.56,30.9308,86.8974,12.6
Maize,Sandy,Cool,High,Maize Rust,Low,No,0.46,37.5,19.9,72.7,101.2,6.2,72.1,55.8,21.4,69.2,3.61,10.1842,79.7008,5.3
Banana,Clayey,Normal,Low,None,Low,No,0.553,43.8,25.3,75.2,112.2,5.82,80.8,85.4,46.4,66.2,6.51,19.1123,76.6307,18.0
Pomegranate,Sandy,Normal,High,Bacterial Blight,Low,No,0.363,45.4,23.2,94.3,107.3,5.54,8.8,5.5,40.9,40.3,2.52,35.9575,81.6354,10.6
Watermelon,Silty,Normal,High,Anthracnose,High,Yes,0.432,21.1,24.6,85.8,45.0,6.62,85.4,18.0,50.9,67.8,2.0,8.2556,80.9739,10.1
Muskmelon,Sandy,Normal,High,None,High,Yes,0.573,22.0,25.2,93.2,28.8,6.5,99.1,11.9,53.5,70.7,2.87,29.0672,87.4138,3.0
Watermelon,Sandy,Normal,Medium,Anthracnose,Moderate,Yes,0.47,25.0,22.1,80.2,53.0,6.86,102.4,7.9,45.3,66.5,4.2,17.6354,93.3485,0.0
Maize,Loamy,Cool,High,Maize Rust,Low,No,0.556,29.7,18.1,71.1,105.8,5.74,82.3,48.9,18.4,61.5,3.59,24.9986,79.8241,3.0
Pomegranate,Sandy,Normal,High,Bacterial Blight,Low,No,0.27,41.8,21.5,93.5,102.1,5.96,16.8,6.4,42.8,47.8,3.08,22.0995,92.6484,1.6
Mango,Sandy,Hot & Dry,Medium,Powdery Mildew,Moderate,Yes,0.372,32.2,32.7,49.7,99.1,6.79,5.1,21.1,26.0,51.0,2.75,32.4256,74.6449,10.1
Mango,Silty,Hot & Dry,High,Powdery Mildew,Moderate,Yes,0.332,25.7,30.7,45.3,97.8,6.74,27.8,21.3,26.9,52.3,2.66,13.3872,89.8562,0.0
Mothbeans,Silty,Normal,Low,None,High,Yes,0.314,19.9,27.6,56.3,37.0,7.77,4.9,38.6,21.8,40.2,2.51,29.3788,68.8797,14.5
Pigeonpeas,Silty,Normal,Medium,Fusarium Wilt,Moderate,Yes,0.36,32.6,34.6,51.0,92.7,4.83,2.4,76.2,16.1,42.1,2.42,13.4557,72.0454,15.9
Mungbean,Clayey,Normal,High,None,High,Yes,0.367,26.3,28.2,83.0,48.7,6.17,26.6,47.1,17.1,58.3,2.56,8.56,88.9728,2.9
Blackgram,Loamy,Normal,High,None,Moderate,Yes,0.281,33.3,27.9,68.3,68.3,7.24,35.8,57.2,24.7,54.5,3.61,24.6278,83.6283,7.7
Pomegranate,Clayey,Normal,High,Bacterial Blight,Low,No,0.241,43.6,23.4,91.4,100.1,6.24,12.8,22.5,42.1,60.2,3.75,30.4199,84.2833,5.8
Chickpea,Silty,Normal,Low,None,Moderate,Yes,0.383,22.5,22.1,10.5,82.8,8.34,22.7,77.0,76.3,43.0,3.16,15.0729,88.6459,15.0
Watermelon,Loamy,Normal,High,None,High,Yes,0.446,14.6,26.5,80.7,40.8,6.03,101.1,19.9,46.5,62.8,2.81,16.3077,82.0955,0.0
Blackgram,Clayey,Normal,Low,None,Moderate,Yes,0.51,31.3,26.0,68.2,69.0,6.98,55.8,57.1,24.0,62.9,5.03,14.8066,82.0217,0.8
Mungbean,Clayey,Normal,High,None,Moderate,Yes,0.248,18.0,27.5,89.3,52.6,7.03,1.0,43.3,19.4,49.4,3.44,31.1887,90.4429,14.4
Jute,Clayey,Rainy,Medium,Anthracnose,Low,No,0.65,57.4,22.2,77.2,179.0,6.58,64.1,48.0,36.4,65.2,4.5,9.6636,92.147,16.8
Lentil,Loamy,Cool,Medium,None,High,Yes,0.269,10.9,19.9,62.2,40.1,7.33,5.7,73.9,20.8,46.8,2.31,33.1108,94.3989,13.7
Rice,Loamy,Rainy,High,Rice Blast,Low,No,0.637,60.8,35.7,80.8,224.9,5.97,64.2,40.6,39.5,62.9,3.49,27.9659,94.3922,24.5
Rice,Silty,Rainy,High,Rice Blast,Low,No,0.66,49.8,39.9,81.6,214.1,5.09,87.8,46.5,35.2,46.9,2.45,12.3989,94.5577,2.5
Apple,Silty,Normal,High,Apple Scab,Low,No,0.331,32.7,21.7,90.4,105.7,5.71,22.9,143.9,202.6,89.2,4.31,19.5053,88.235,0.7
Coffee,Silty,Normal,Medium,None,Low,No,0.561,47.4,21.2,69.3,133.5,6.01,89.9,28.7,34.7,62.1,6.42,30.7903,69.6536,10.4
Rice,Sandy,Rainy,High,Rice Blast,Low,No,0.713,65.0,23.3,84.1,240.6,6.87,83.8,58.6,41.4,66.1,4.04,35.8735,85.8753,4.0
Coffee,Clayey,Normal,High,None,Low,No,0.622,52.8,22.6,61.0,134.0,7.16,102.2,30.8,29.1,58.0,4.61,29.1747,72.378,4.6
Papaya,Loamy,Normal,High,Phytophthora Blight,Moderate,Yes,0.475,12.1,38.4,91.0,62.7,6.84,45.5,51.5,46.6,65.6,3.12,23.1927,92.5536,2.2
Chickpea,Clayey,Normal,Low,None,Moderate,Yes,0.432,28.9,26.5,10.2,79.6,6.98,27.1,76.1,75.7,62.2,5.19,16.992,96.3064,11.3
Kidneybeans,Loamy,Normal,Medium,None,Low,No,0.305,26.0,24.6,22.6,105.7,6.27,13.4,68.3,17.8,55.2,5.3,15.6712,87.3377,6.7
Watermelon,Clayey,Normal,High,Fusarium Wilt,High,Yes,0.47,19.5,26.1,83.9,45.8,7.0,99.3,14.5,52.9,63.3,2.13,31.9873,80.7002,0.0
Mungbean,Sandy,Normal,High,None,High,Yes,0.205,12.8,28.9,82.5,41.6,6.87,3.4,46.7,19.6,50.1,2.16,24.0145,73.0864,16.5
Maize,Sandy,Cool,High,None,Low,No,0.555,48.5,20.0,62.3,107.7,5.73,84.6,56.2,17.0,57.3,4.98,9.6329,76.2998,0.5
Papaya,Loamy,Rainy,High,Papaya Ring Spot Virus,Low,No,0.403,45.0,25.3,93.7,158.0,6.51,48.4,55.5,46.0,72.9,4.12,9.0205,68.2578,0.7
Kidneybeans,Loamy,Normal,Low,None,Low,No,0.262,43.2,21.3,23.6,110.1,5.95,14.9,63.6,24.3,54.1,5.26,24.1767,87.1388,4.1
Cotton,Clayey,Normal,High,Bacterial Blight,Moderate,Yes,0.651,19.2,24.1,83.1,77.5,6.02,138.4,38.5,20.4,66.4,3.26,30.3513,73.7351,0.3
Watermelon,Silty,Normal,High,None,High,Yes,0.505,20.9,25.3,82.3,42.5,6.33,108.2,27.2,48.4,66.3,2.87,34.7621,81.4239,0.7
Papaya,Sandy,Rainy,High,Papaya Ring Spot Virus,Low,No,0.54,53.1,37.6,91.9,187.4,6.85,55.8,45.3,49.7,67.3,4.11,29.1888,83.0163,3.2
Cotton,Silty,Normal,High,Bacterial Blight,Moderate,Yes,0.688,32.3,20.6,78.8,99.4,7.29,126.3,45.2,18.5,62.2,3.18,33.3623,68.6905,0.0
Kidneybeans,Loamy,Cool,Low,None,Moderate,Yes,0.41,28.3,16.4,22.4,87.4,5.88,26.0,67.6,23.0,58.8,4.66,32.3203,77.3697,1.3
Papaya,Silty,Normal,High,Papaya Ring Spot Virus,Low,No,0.57,46.4,25.3,94.3,134.0,6.86,50.9,52.4,47.2,64.0,3.3,28.5934,81.2203,0.8
Mango,Loamy,Normal,High,Powdery Mildew,Low,No,0.511,23.3,31.7,52.3,102.4,6.04,39.9,38.3,25.8,61.0,3.84,28.3873,90.8268,2.5
Cotton,Loamy,Normal,Low,Bacterial Blight,Moderate,Yes,0.557,24.9,21.0,79.9,76.0,7.35,109.5,39.5,16.4,63.1,4.03,21.8217,71.4603,7.0
Mothbeans,Clayey,Normal,High,None,High,Yes,0.195,19.7,25.4,34.5,33.0,5.07,0.9,53.3,23.7,35.3,1.64,15.0343,96.6052,19.6
Rice,Sandy,Rainy,High,Rice Blast,Low,No,0.719,84.0,26.4,82.2,267.3,5.46,96.4,43.4,39.0,56.8,3.36,33.2999,80.3158,4.2
Grapes,Clayey,Normal,High,Anthracnose,Moderate,Yes,0.361,29.3,22.3,80.7,67.0,5.89,32.8,134.8,203.7,83.5,3.31,13.3716,74.4527,1.3
Jute,Clayey,Rainy,High,Stem Rot,Low,No,0.691,51.2,24.1,82.5,194.3,7.47,91.0,53.8,42.3,55.2,3.11,12.6407,85.0731,0.0
Chickpea,Sandy,Cool,Low,None,Moderate,Yes,0.462,35.0,19.2,16.5,78.3,7.25,41.9,61.4,85.0,64.7,5.3,17.8986,84.6731,0.0
Rice,Loamy,Rainy,High,None,Low,No,0.732,76.5,34.2,81.1,252.3,5.33,117.7,54.3,38.8,61.7,4.83,14.9548,94.9391,0.2
Blackgram,Silty,Normal,High,None,Moderate,Yes,0.462,30.2,33.5,62.2,68.4,7.39,44.1,72.6,18.3,56.0,3.78,11.4254,96.9899,0.0
Pomegranate,Silty,Normal,High,Bacterial Blight,Low,No,0.45,40.1,20.7,88.3,100.9,6.8,26.1,18.3,37.2,58.5,3.73,24.6847,69.9706,4.1
Mungbean,Silty,Normal,High,None,High,Yes,0.192,23.5,28.9,80.3,36.6,6.52,11.4,49.0,15.4,62.6,2.59,14.1424,92.6226,11.8
Papaya,Silty,Rainy,High,Papaya Ring Spot Virus,Low,No,0.532,48.7,31.2,94.4,174.5,6.96,51.9,52.9,50.0,63.7,3.62,31.9299,76.6872,5.0
Kidneybeans,Clayey,Normal,Low,None,Moderate,Yes,0.441,35.6,20.1,21.8,95.8,5.7,21.5,79.9,22.3,57.9,5.09,25.1791,78.7797,4.8
Pomegranate,Sandy,Normal,High,Bacterial Blight,Low,No,0.29,43.7,20.9,90.0,103.4,6.94,5.4,20.9,35.3,50.3,2.66,34.1359,92.6223,14.5
Papaya,Loamy,Normal,High,None,High,Yes,0.337,10.0,38.8,94.0,41.9,6.7,67.3,44.4,51.5,66.9,2.38,8.6666,94.0666,3.0
Banana,Clayey,Normal,High,None,Low,No,0.521,31.3,28.7,76.7,102.6,5.77,80.1,85.6,53.0,66.5,5.21,30.1186,89.1864,20.0
Lentil,Loamy,Normal,High,None,Moderate,Yes,0.358,16.1,20.8,65.0,50.9,5.87,3.1,76.1,22.3,51.9,3.59,25.8218,93.5742,16.8
Watermelon,Clayey,Normal,High,Anthracnose,Moderate,Yes,0.522,21.3,24.2,88.2,58.2,6.38,119.7,7.2,50.3,73.4,3.43,25.0857,75.4839,1.7
Coconut,Clayey,Rainy,High,None,Low,No,0.371,56.9,25.5,98.7,170.9,5.99,19.3,25.7,31.1,48.6,4.14,12.6591,74.2268,0.7
Coffee,Loamy,Rainy,Medium,None,Low,No,0.723,60.0,23.5,50.8,179.8,6.98,114.9,16.0,34.7,64.0,6.43,28.1553,69.3161,1.3
Mothbeans,Silty,Normal,Low,None,Moderate,Yes,0.372,20.5,29.3,53.5,69.6,9.71,35.4,40.9,18.8,11.5,1.5,26.8654,95.2454,1.2
Orange,Silty,Normal,High,Citrus Canker,Low,No,0.352,47.4,23.0,93.6,112.9,6.13,21.4,23.1,10.3,52.7,2.76,33.5058,93.4365,4.0
Orange,Silty,Cool,Low,Citrus Canker,Low,No,0.512,37.7,17.8,90.3,114.6,6.69,37.0,29.3,8.0,58.8,4.48,20.7916,68.3032,2.3
Lentil,Clayey,Normal,Low,None,High,Yes,0.385,23.3,22.4,61.9,40.2,7.5,25.7,62.7,21.3,50.9,2.43,10.7461,87.8662,0.0
Grapes,Loamy,Normal,High,None,Moderate,Yes,0.456,32.8,26.7,84.6,66.1,5.89,32.1,140.2,198.0,83.9,5.23,33.4243,70.0531,4.1
Pomegranate,Sandy,Normal,High,Bacterial Blight,Low,No,0.425,43.4,23.9,87.9,100.8,7.0,39.8,27.2,35.6,60.4,3.66,11.895,93.4286,5.0
Pigeonpeas,Silty,Rainy,Low,Fusarium Wilt,Low,No,0.451,61.0,31.7,33.0,193.5,7.03,24.9,74.8,23.9,60.9,4.39,15.1452,72.4921,3.6
Banana,Sandy,Normal,High,Panama Wilt,Low,No,0.573,40.1,25.5,84.6,117.5,5.72,99.8,87.5,48.7,65.3,3.51,36.2219,83.9009,0.0
Apple,Clayey,Normal,High,Apple Scab,Low,No,0.366,33.5,22.2,91.7,119.5,6.06,4.5,134.8,198.8,87.0,4.54,23.0554,81.7002,12.7
Coffee,Clayey,Normal,High,None,Low,No,0.62,41.3,21.9,56.5,126.9,6.42,102.8,23.9,31.3,65.1,4.92,12.2789,76.2694,3.0
Lentil,Silty,Normal,Medium,None,High,Yes,0.333,20.9,27.5,61.4,48.3,6.21,37.4,66.6,24.5,62.3,3.31,23.3267,92.9155,2.7
Blackgram,Silty,Normal,High,Powdery Mildew,Moderate,Yes,0.34,20.0,30.7,68.6,74.7,7.5,35.9,77.2,17.1,48.2,1.92,15.498,86.2501,3.6
Mango,Clayey,Normal,Medium,None,Moderate,Yes,0.37,40.8,25.4,51.1,94.1,6.64,39.9,30.4,25.8,57.8,4.34,32.6373,75.1631,0.5
Cotton,Silty,Normal,Medium,Bacterial Blight,Moderate,Yes,0.562,31.1,22.0,82.0,86.3,5.88,108.8,39.4,24.9,59.0,3.77,27.6843,71.7528,10.0
Grapes,Loamy,Normal,High,None,Moderate,Yes,0.367,18.2,26.3,81.1,67.8,6.21,24.7,131.7,203.1,92.9,5.1,30.7952,92.8896,0.0
Watermelon,Sandy,Normal,High,Anthracnose,Moderate,Yes,0.649,19.9,24.8,82.4,52.5,6.72,117.1,26.1,50.6,67.4,2.92,34.6747,92.8557,0.0
Coconut,Silty,Rainy,High,Root Wilt,Low,No,0.464,54.2,25.8,90.9,200.9,6.16,18.1,8.7,30.4,54.9,3.36,19.772,83.835,5.9
Mango,Silty,Hot & Dry,High,Powdery Mildew,Low,No,0.458,38.5,32.7,47.5,104.6,6.83,38.2,22.5,29.4,61.1,3.13,14.2615,92.3542,0.0
Muskmelon,Sandy,Normal,High,None,High,Yes,0.548,14.7,27.3,93.4,28.7,6.41,99.4,7.8,49.6,73.1,3.17,21.6422,75.8299,1.7
Orange,Loamy,Cool,Medium,Citrus Canker,Low,No,0.434,39.0,18.2,90.3,100.2,6.5,31.3,11.8,11.9,55.5,3.94,18.8403,94.023,0.0
Papaya,Clayey,Rainy,High,Papaya Ring Spot Virus,Low,No,0.557,72.2,27.6,92.4,237.1,6.82,64.5,46.7,46.9,63.7,4.06,9.8917,94.3524,0.0
Maize,Clayey,Normal,Low,None,Moderate,Yes,0.518,26.0,24.5,66.3,70.1,5.58,81.9,38.6,23.3,53.5,4.6,14.7141,82.9096,4.0
Banana,Loamy,Normal,High,Panama Wilt,Low,No,0.626,27.1,27.4,83.6,105.1,5.59,91.0,70.8,50.4,60.9,3.6,31.4668,82.4909,10.2
Coffee,Clayey,Normal,High,None,Low,No,0.554,44.4,28.6,55.0,144.0,6.37,91.2,22.9,30.2,70.1,5.67,36.8259,95.0308,11.2
Coconut,Silty,Rainy,High,Root Wilt,Low,No,0.49,64.9,25.2,98.1,185.0,6.48,36.2,17.5,29.9,59.6,3.21,23.6357,87.4919,3.0
Lentil,Sandy,Normal,High,None,Moderate,Yes,0.416,21.4,20.9,67.4,53.7,5.68,34.8,74.6,18.9,50.6,3.62,10.6378,73.096,0.0
Jute,Clayey,Rainy,High,None,Low,No,0.641,50.3,26.6,75.2,182.0,6.18,85.4,51.9,36.9,68.0,5.72,17.2507,71.005,1.7
Orange,Silty,Cool,Low,Citrus Canker,Low,No,0.343,44.7,15.3,91.6,103.3,7.17,2.2,9.4,6.8,43.2,3.46,12.4761,95.631,16.1
Pomegranate,Clayey,Normal,High,None,Low,No,0.375,37.5,21.3,87.2,107.8,6.66,29.7,13.1,42.2,58.2,4.69,17.8106,76.8934,0.5
Mungbean,Sandy,Normal,High,Yellow Mosaic Virus,High,Yes,0.221,14.9,29.2,87.4,35.0,6.34,7.3,41.3,18.5,58.6,1.76,30.5461,87.8444,8.8
Apple,Sandy,Normal,High,Apple Scab,Low,No,0.387,37.1,24.6,92.9,116.9,5.73,7.3,141.2,199.4,78.5,4.62,13.4991,81.1246,9.9
Coffee,Sandy,Rainy,Medium,None,Low,No,0.734,42.9,27.0,58.9,166.7,6.98,97.8,33.2,31.3,63.6,6.76,20.3692,79.1843,4.0
Mango,Silty,Hot & Dry,Medium,Powdery Mildew,Low,No,0.236,40.1,34.6,46.5,103.2,6.76,7.6,29.3,25.2,55.8,4.31,30.2391,78.0659,9.1
Coffee,Clayey,Rainy,Medium,None,Low,No,0.534,53.6,21.9,62.7,157.5,7.18,91.9,26.4,30.3,56.8,6.1,28.7895,77.1936,8.1
Grapes,Clayey,Normal,High,Powdery Mildew,Moderate,Yes,0.331,18.5,38.3,83.6,69.6,5.82,2.4,130.1,195.4,84.0,3.65,8.2589,79.8742,15.2
Pomegranate,Sandy,Cool,High,Bacterial Blight,Low,No,0.434,43.5,19.4,92.1,103.0,5.6,34.0,6.8,40.8,50.9,3.29,33.5009,96.7779,4.5
Watermelon,Silty,Normal,High,Anthracnose,Moderate,Yes,0.48,22.6,22.4,83.4,55.1,6.6,83.3,26.4,45.9,67.7,3.31,30.892,75.4128,12.2
Pomegranate,Silty,Normal,High,Bacterial Blight,Low,No,0.408,44.2,22.7,90.1,112.2,5.74,34.2,14.5,43.1,51.5,2.95,22.0326,93.4816,0.8
Lentil,Clayey,Cool,Low,None,High,Yes,0.185,26.3,18.6,68.8,46.6,6.85,2.9,58.1,24.2,52.9,2.37,29.3789,72.8521,14.8
Orange,Silty,Normal,High,Citrus Canker,Low,No,0.314,32.2,29.1,92.4,100.8,7.12,0.2,28.6,5.7,42.9,2.16,20.5018,74.0844,19.6
Muskmelon,Silty,Normal,High,None,High,Yes,0.489,10.0,28.6,90.9,29.6,6.15,119.7,11.1,51.2,68.2,2.43,33.8015,68.4033,4.5
Mungbean,Loamy,Normal,High,None,Moderate,Yes,0.351,29.3,29.9,89.0,59.6,6.44,8.5,44.4,24.9,57.4,3.82,24.1365,88.555,13.3
Maize,Silty,Normal,High,None,Moderate,Yes,0.538,22.2,26.7,67.2,61.9,5.85,69.6,53.5,16.7,56.7,3.95,34.7074,75.1713,12.3
Rice,Sandy,Rainy,High,Rice Blast,Low,No,0.803,74.8,26.6,82.5,256.3,7.12,92.2,49.3,36.3,62.1,3.86,21.4643,93.6406,0.0
Coconut,Loamy,Rainy,High,Root Wilt,Low,No,0.333,42.7,28.1,94.8,166.4,6.12,6.0,21.3,29.6,55.9,2.93,21.4499,96.7592,12.4
Kidneybeans,Clayey,Cool,Low,None,Low,No,0.376,46.2,16.1,15.5,149.7,6.3,16.7,56.3,23.1,55.8,5.62,33.6572,77.5556,6.3
Papaya,Silty,Normal,High,Phytophthora Blight,Moderate,Yes,0.486,25.9,33.8,93.2,97.1,6.57,40.4,43.6,46.6,62.4,3.05,11.8549,68.978,7.7
Orange,Silty,Normal,High,Citrus Canker,Low,No,0.356,35.2,34.1,93.1,103.6,7.25,5.9,27.4,6.7,46.1,2.81,8.2413,80.1068,10.1
Chickpea,Loamy,Normal,Low,None,Moderate,Yes,0.343,31.4,21.0,10.9,92.4,6.54,36.1,63.4,84.3,73.0,6.07,9.4862,79.5967,1.3
Watermelon,Clayey,Normal,High,Gummy Stem Blight,Moderate,Yes,0.488,23.3,26.6,81.9,59.3,6.1,114.0,30.0,49.8,66.3,3.39,20.3266,75.1239,2.3
Blackgram,Silty,Normal,Low,None,Moderate,Yes,0.41,26.8,27.4,65.9,60.2,7.45,39.8,58.4,24.5,51.7,3.89,10.8868,79.1187,2.9
Coffee,Loamy,Rainy,Low,None,Low,No,0.636,55.2,20.9,60.9,184.3,6.05,110.4,37.1,29.3,63.9,6.36,21.0486,70.3321,4.3
Mothbeans,Loamy,Normal,Low,None,Moderate,Yes,0.321,24.3,26.6,56.4,69.9,3.59,0.4,51.5,18.5,17.6,2.04,25.0927,90.2123,14.7
Pigeonpeas,Clayey,Rainy,High,None,Low,No,0.348,55.8,22.4,37.9,165.5,6.33,14.2,71.6,23.8,57.1,4.9,12.0905,82.9453,7.1
Mungbean,Silty,Normal,High,None,Moderate,Yes,0.332,12.0,27.2,81.4,57.3,7.47,9.8,35.4,19.0,41.7,2.77,26.9795,74.6689,10.4
Orange,Silty,Normal,High,Citrus Canker,Low,No,0.395,40.2,21.1,93.2,116.1,6.83,4.1,26.0,13.4,53.9,2.88,34.8931,76.4172,15.3
Blackgram,Silty,Normal,Low,None,Moderate,Yes,0.41,26.4,27.2,60.4,61.1,6.57,34.0,74.4,20.1,62.1,4.84,28.4598,77.4591,5.7
Banana,Silty,Normal,High,None,Moderate,Yes,0.476,41.3,26.9,84.0,93.4,6.29,82.4,76.1,52.2,74.9,5.16,36.4336,78.2626,18.5
Jute,Loamy,Rainy,High,Stem Rot,Low,No,0.674,57.9,23.5,86.9,163.4,6.02,98.2,45.3,43.7,69.4,3.77,34.8183,79.6422,2.3
Pigeonpeas,Loamy,Rainy,Low,None,Low,No,0.383,56.1,28.2,35.2,172.0,6.31,37.7,66.3,21.4,61.3,6.28,25.556,92.6073,0.0
Rice,Loamy,Rainy,High,Rice Blast,Low,No,0.784,78.1,28.4,84.3,287.8,6.39,94.5,54.8,39.1,74.4,4.57,9.0935,72.6672,2.2
Papaya,Loamy,Normal,High,None,Moderate,Yes,0.44,32.1,26.6,91.5,66.8,6.6,41.7,39.3,46.7,61.8,3.89,34.6506,86.0176,7.3
Mungbean,Clayey,Normal,High,Yellow Mosaic Virus,Moderate,Yes,0.16,10.6,27.0,83.4,51.1,6.76,1.2,38.2,17.0,52.9,2.21,18.3586,85.226,13.7
Watermelon,Sandy,Normal,High,None,High,Yes,0.439,19.9,26.4,81.2,49.6,6.24,80.3,22.7,47.2,62.5,2.69,11.8306,82.1526,15.4
Maize,Silty,Normal,High,None,Moderate,Yes,0.523,21.6,27.2,73.6,76.3,6.45,89.4,59.7,19.9,69.8,4.38,23.9014,74.714,2.0
Lentil,Loamy,Normal,Low,None,High,Yes,0.215,10.0,22.3,63.9,36.3,7.39,5.9,55.2,24.7,46.0,2.45,28.2671,76.9525,16.1
Mango,Sandy,Normal,Medium,None,Low,No,0.381,33.3,29.6,50.1,102.8,5.97,9.6,34.5,32.2,49.7,5.07,13.3085,83.8075,8.6
Chickpea,Sandy,Normal,Low,None,Moderate,Yes,0.406,36.3,24.6,14.0,91.7,8.3,26.1,56.3,83.2,48.6,3.91,23.6711,81.8337,9.4
Pigeonpeas,Clayey,Rainy,High,Fusarium Wilt,Low,No,0.53,45.3,31.5,59.1,150.3,6.68,37.3,67.9,15.1,60.3,3.57,8.2545,89.2783,0.0
Coconut,Sandy,Rainy,High,Root Wilt,Low,No,0.551,66.6,25.3,93.4,195.1,5.89,21.6,6.1,29.3,44.8,2.98,17.6732,79.9349,0.6
Apple,Sandy,Normal,High,Apple Scab,Low,No,0.326,38.2,21.1,93.3,124.4,6.35,26.3,123.2,203.1,93.8,4.73,21.5483,93.7734,2.1
Lentil,Loamy,Normal,Medium,None,High,Yes,0.349,28.8,23.4,63.2,43.4,6.3,37.0,78.0,18.8,63.9,3.29,8.1376,89.4718,2.8
Grapes,Loamy,Normal,High,None,Moderate,Yes,0.186,14.8,28.4,80.1,69.5,6.48,1.2,135.9,199.6,96.2,4.94,18.3494,89.8713,15.8
Cotton,Sandy,Normal,Medium,Bacterial Blight,Moderate,Yes,0.634,32.2,20.3,80.4,98.8,7.37,132.3,57.6,24.4,65.7,4.04,15.6022,88.2895,0.0
Mothbeans,Clayey,Normal,High,None,Moderate,Yes,0.312,29.8,24.5,60.6,65.4,4.04,38.6,50.0,24.9,28.7,1.79,12.1833,70.2461,0.9
Muskmelon,Silty,Normal,High,None,High,Yes,0.497,10.5,28.3,92.0,27.2,6.16,100.7,8.6,53.0,63.4,2.61,26.6053,83.3525,0.3
Muskmelon,Silty,Normal,High,None,High,Yes,0.599,19.2,28.9,93.1,21.3,6.24,117.0,27.3,54.1,71.4,2.72,21.8709,83.5807,1.2
Muskmelon,Clayey,Normal,High,None,High,Yes,0.418,10.0,28.6,90.8,25.2,6.19,86.1,15.3,52.7,69.4,2.86,19.3624,69.3319,15.9
Mothbeans,Sandy,Normal,Low,None,Moderate,Yes,0.442,24.4,29.7,49.3,56.4,7.59,37.9,48.5,24.5,47.4,4.23,12.1484,77.9631,4.4
Kidneybeans,Sandy,Cool,Low,None,Moderate,Yes,0.321,22.0,17.9,21.8,67.4,5.77,29.0,61.0,23.2,57.2,4.83,11.3988,74.3542,0.0
Pigeonpeas,Sandy,Rainy,High,None,Low,No,0.49,45.0,26.4,56.9,154.7,7.2,13.8,56.4,24.3,47.4,3.78,16.7985,96.9939,8.4
Coffee,Loamy,Normal,Medium,Coffee Berry Disease,Low,No,0.73,54.1,22.8,55.7,141.7,6.78,110.5,33.0,30.4,64.1,4.71,26.821,75.9761,3.8
Grapes,Sandy,Cool,Low,Anthracnose,Moderate,Yes,0.375,28.5,11.4,84.4,67.3,6.14,11.7,125.8,205.0,84.5,4.94,21.2557,96.036,11.5
Pigeonpeas,Loamy,Normal,Low,None,Low,No,0.481,40.2,20.3,32.4,121.7,5.6,30.5,73.7,24.6,54.4,5.82,21.9605,92.3739,1.9
Papaya,Silty,Rainy,High,Papaya Ring Spot Virus,Low,No,0.537,66.8,23.6,94.5,248.4,6.64,41.5,35.4,49.4,66.4,3.84,20.079,73.3087,11.0
Grapes,Sandy,Normal,Medium,Anthracnose,Moderate,Yes,0.331,32.5,21.5,82.7,74.9,5.9,27.8,122.3,199.1,86.5,4.49,30.2047,80.0254,4.7
Orange,Silty,Normal,High,Citrus Canker,Low,No,0.364,43.1,25.8,93.6,112.1,7.23,14.0,14.7,13.2,45.1,2.28,28.1597,94.5394,5.7
Mango,Sandy,Normal,Medium,None,Moderate,Yes,0.385,23.7,27.4,46.2,98.7,6.24,30.8,19.8,26.2,58.0,5.05,23.3268,94.8909,4.3
Coconut,Loamy,Normal,High,Root Wilt,Low,No,0.325,34.7,29.2,94.7,131.7,6.21,29.8,19.2,25.2,58.5,3.38,28.7663,72.664,1.2
Muskmelon,Loamy,Normal,High,None,High,Yes,0.458,13.3,25.0,91.0,27.5,6.01,82.1,15.7,47.8,63.4,2.54,29.4871,79.362,12.6
Pomegranate,Sandy,Normal,Low,Bacterial Blight,Low,No,0.298,38.3,21.4,85.4,112.9,6.34,6.2,15.4,38.5,52.8,4.01,34.9878,92.326,11.3
Jute,Loamy,Rainy,Medium,Anthracnose,Low,No,0.608,61.4,23.4,77.8,162.3,6.69,67.2,41.1,41.6,64.9,4.72,24.3526,76.1906,13.5
Papaya,Silty,Rainy,High,Papaya Ring Spot Virus,Low,No,0.601,49.8,26.7,90.0,172.8,6.97,57.7,57.8,45.1,63.0,3.76,22.9248,82.6754,0.0
Coffee,Loamy,Rainy,Low,None,Low,No,0.572,51.0,22.4,67.1,182.0,6.83,97.3,16.5,34.4,59.2,6.2,25.4498,71.3932,2.8
Mango,Silty,Normal,High,Powdery Mildew,Moderate,Yes,0.421,35.3,34.8,53.4,97.4,5.2,35.2,29.3,34.0,40.9,2.02,26.2354,80.2234,0.0
Cotton,Clayey,Normal,High,Bacterial Blight,Moderate,Yes,0.564,34.1,23.6,84.2,87.3,7.02,117.1,40.5,17.3,61.0,2.69,27.6948,96.4686,3.6
Maize,Silty,Cool,Medium,None,Low,No,0.583,37.9,18.3,56.3,105.7,6.32,73.3,38.3,21.4,59.5,6.31,20.7973,79.779,9.9
Muskmelon,Loamy,Normal,High,None,High,Yes,0.52,16.6,25.9,90.0,28.2,6.31,101.9,24.5,49.7,65.7,2.5,25.9001,80.3928,1.9
Grapes,Silty,Normal,High,Downy Mildew,Moderate,Yes,0.373,15.6,26.8,83.9,69.7,5.74,14.2,127.8,204.4,85.0,3.7,31.5427,93.5611,7.2
Lentil,Sandy,Normal,High,None,Moderate,Yes,0.179,20.3,22.2,62.0,53.3,6.21,8.2,69.0,15.0,57.7,3.94,17.3036,93.8646,9.5
Mothbeans,Silty,Hot & Dry,Medium,None,Moderate,Yes,0.271,31.4,31.3,32.5,72.6,8.27,13.2,44.9,17.8,37.8,3.34,29.5897,73.7488,8.9
Apple,Silty,Normal,High,Apple Scab,Low,No,0.425,37.3,23.5,93.0,118.9,6.2,27.2,132.8,196.2,87.8,4.73,9.5006,90.035,0.0
Coconut,Loamy,Rainy,High,Root Wilt,Low,No,0.609,69.9,28.4,97.1,218.4,5.57,37.3,5.5,32.4,48.4,2.99,14.8395,73.4058,3.7
Pomegranate,Silty,Normal,High,Bacterial Blight,Low,No,0.437,30.3,23.8,88.1,108.9,5.77,35.6,14.1,42.1,47.7,2.84,28.629,93.3661,3.1
Jute,Sandy,Rainy,High,None,Low,No,0.622,41.8,21.5,77.6,156.8,7.19,80.0,37.6,35.5,58.9,4.57,29.2482,86.5431,3.9
Muskmelon,Sandy,Normal,High,None,High,Yes,0.504,17.0,29.3,94.0,21.5,6.25,80.9,24.1,47.9,60.8,2.55,18.5688,94.5376,15.6
Muskmelon,Clayey,Normal,High,None,High,Yes,0.449,10.0,26.3,93.2,25.4,6.2,88.4,26.2,51.1,68.0,2.89,11.1742,90.0123,14.0
Blackgram,Loamy,Normal,High,Powdery Mildew,Moderate,Yes,0.488,20.3,33.2,69.5,66.1,7.3,53.7,62.9,22.9,52.6,2.4,22.0915,84.1597,3.5
Cotton,Sandy,Normal,High,Bacterial Blight,Moderate,Yes,0.656,30.4,24.5,75.5,86.1,6.19,131.3,46.9,18.9,67.2,3.43,11.5647,76.7243,1.8
Papaya,Sandy,Rainy,High,Papaya Ring Spot Virus,Low,No,0.424,59.4,24.7,94.2,159.5,6.64,53.2,35.4,46.5,63.2,3.36,33.1452,73.7728,0.0
Mungbean,Clayey,Normal,High,None,Moderate,Yes,0.23,11.4,29.9,84.5,58.3,7.24,0.9,38.9,23.1,50.1,3.11,31.0009,91.2687,14.0
Lentil,Clayey,Normal,Medium,None,High,Yes,0.447,23.4,24.5,63.6,49.2,5.62,38.9,75.9,21.8,56.7,2.97,18.2392,94.7053,0.0
Pigeonpeas,Clayey,Cool,Low,None,Low,No,0.478,43.1,19.5,59.3,118.6,5.7,28.4,72.4,24.5,56.9,5.53,34.5441,90.9243,0.7
Chickpea,Sandy,Cool,Low,None,Moderate,Yes,0.383,32.9,16.2,18.1,83.1,6.81,34.1,72.1,83.6,67.4,5.12,32.9703,79.6112,3.7
Maize,Clayey,Normal,High,None,Moderate,Yes,0.486,40.2,25.3,64.3,87.3,5.92,63.0,46.3,19.9,62.2,3.86,33.5464,88.3194,16.1
Apple,Clayey,Normal,High,Apple Scab,Low,No,0.29,36.3,20.1,92.2,112.3,6.23,0.7,144.3,202.5,89.3,4.31,32.5324,85.1856,19.5
Pigeonpeas,Loamy,Rainy,Medium,None,Low,No,0.536,60.8,29.8,61.6,194.8,4.83,36.6,57.1,22.1,38.3,3.86,14.2398,68.4212,0.0
Papaya,Clayey,Rainy,High,Papaya Ring Spot Virus,Low,No,0.681,68.7,26.8,91.6,223.4,6.52,56.8,50.1,50.2,70.7,4.14,33.4569,92.8543,0.0
Grapes,Sandy,Normal,High,None,Moderate,Yes,0.372,31.2,25.3,82.1,71.7,5.55,14.1,127.9,197.8,78.9,5.41,9.7241,72.5528,3.1
Cotton,Sandy,Normal,Low,Bacterial Blight,Moderate,Yes,0.654,27.8,21.1,84.5,92.5,5.8,107.6,50.9,21.7,58.9,3.78,16.1943,90.8965,11.8
Mungbean,Loamy,Normal,High,None,Moderate,Yes,0.366,13.1,29.5,89.3,56.0,7.3,10.0,46.7,18.2,46.7,2.78,23.2096,73.0207,11.3
Maize,Clayey,Cool,High,None,Moderate,Yes,0.564,41.4,18.8,55.9,91.5,6.35,86.9,44.3,23.6,68.2,4.3,25.7707,90.1458,0.0
Rice,Loamy,Rainy,High,Rice Blast,Low,No,0.689,48.9,27.1,81.7,188.4,6.21,73.1,43.4,36.7,65.8,3.99,18.3027,84.4515,17.6
Kidneybeans,Clayey,Cool,Low,None,Moderate,Yes,0.436,34.9,17.6,20.7,87.1,5.93,26.5,73.2,17.5,59.9,4.98,23.1664,91.1787,0.8
Coffee,Silty,Rainy,Low,None,Low,No,0.658,51.8,28.7,66.9,165.2,6.66,84.3,28.2,33.5,61.1,5.94,8.9364,73.4991,13.2
Watermelon,Sandy,Normal,High,Anthracnose,High,Yes,0.639,14.8,21.9,89.8,47.3,6.41,116.0,16.5,53.0,69.5,1.93,35.504,81.0671,4.9
Pomegranate,Loamy,Cool,Medium,Bacterial Blight,Low,No,0.363,37.6,18.7,88.2,103.6,6.06,18.3,29.9,40.1,59.2,4.58,22.5037,82.419,1.5
Mothbeans,Clayey,Hot & Dry,Low,None,High,Yes,0.164,13.0,32.0,48.8,48.6,4.89,4.6,35.0,16.9,30.9,1.85,11.1657,76.3566,14.8
Maize,Silty,Normal,Medium,Gray Leaf Spot,Moderate,Yes,0.547,16.7,26.6,61.6,69.6,6.27,70.6,37.5,20.9,62.9,3.42,17.5807,86.8254,9.7
Jute,Loamy,Rainy,High,Anthracnose,Low,No,0.608,53.2,22.5,73.9,151.8,6.57,68.3,58.1,44.8,66.9,3.51,18.4752,87.4977,12.4
Apple,Silty,Normal,High,Apple Scab,Low,No,0.349,27.5,21.2,94.2,103.3,5.86,34.5,130.3,196.8,82.0,4.33,36.3556,87.4714,1.7
Coconut,Silty,Rainy,High,Root Wilt,Low,No,0.444,45.4,28.4,92.8,158.0,6.23,30.5,11.9,29.0,53.4,3.49,12.5418,85.6618,2.0
Papaya,Clayey,Rainy,High,Papaya Ring Spot Virus,Low,No,0.463,50.1,23.1,94.8,158.4,6.9,65.7,39.1,53.8,59.3,3.79,11.3538,85.131,0.8
Orange,Sandy,Cool,High,Citrus Canker,Low,No,0.39,43.9,19.9,90.6,109.0,6.12,13.2,20.8,9.4,54.9,3.45,18.4387,76.293,10.1
Apple,Loamy,Normal,High,Apple Scab,Low,No,0.333,36.4,23.0,90.9,101.9,6.44,35.7,128.4,204.7,99.7,4.67,18.616,82.5585,2.7
Banana,Clayey,Normal,High,None,Low,No,0.552,39.1,26.3,83.0,111.6,5.61,97.9,74.7,46.7,65.4,5.28,29.0205,72.15,1.9
Lentil,Sandy,Normal,Medium,None,High,Yes,0.343,18.8,20.5,66.3,39.8,6.65,14.2,61.3,17.8,55.5,2.94,19.7562,74.4988,5.8
Jute,Clayey,Rainy,Low,Stem Rot,Low,No,0.736,64.1,20.7,86.5,190.9,6.91,98.4,35.8,38.5,62.6,4.84,20.5613,78.1825,0.0
Pigeonpeas,Clayey,Rainy,Low,None,Low,No,0.363,48.7,29.9,64.8,192.3,6.58,13.9,57.1,24.1,59.0,6.21,12.9683,81.9947,6.3
Mungbean,Silty,Normal,High,None,High,Yes,0.336,12.6,29.6,87.3,37.3,7.29,11.7,57.2,21.2,47.2,1.94,26.9297,83.0953,11.4
Kidneybeans,Silty,Normal,Low,None,Low,No,0.325,43.6,20.5,22.7,103.1,5.63,22.4,59.7,19.8,50.5,5.22,19.6814,82.1361,4.5
Mango,Loamy,Hot & Dry,Medium,Powdery Mildew,Moderate,Yes,0.389,34.6,31.0,49.5,88.2,6.28,27.4,35.3,29.0,53.8,2.83,10.3787,94.106,4.6
Apple,Loamy,Normal,High,Apple Scab,Low,No,0.311,38.8,22.5,93.3,111.7,6.49,1.3,120.5,202.1,89.1,4.76,11.7237,82.4878,14.6
Apple,Silty,Normal,High,Apple Scab,Low,No,0.405,30.1,23.4,94.8,114.5,5.92,30.7,121.4,195.8,80.8,4.5,34.5906,80.5939,4.1
Lentil,Sandy,Cool,High,None,High,Yes,0.29,27.9,18.6,62.7,46.0,6.18,2.7,65.1,24.9,57.2,2.2,11.949,77.8959,18.2
Cotton,Clayey,Normal,Medium,Bacterial Blight,Moderate,Yes,0.629,27.8,21.8,80.0,99.6,6.62,129.9,47.8,17.9,71.9,4.07,35.9357,95.2805,0.0
Kidneybeans,Loamy,Cool,Low,None,Moderate,Yes,0.255,24.7,15.9,19.7,79.2,6.04,13.7,59.3,23.4,54.3,4.34,32.5761,79.335,5.1
Orange,Clayey,Normal,High,Citrus Canker,Low,No,0.479,37.6,22.3,92.4,107.3,6.0,27.0,15.4,11.9,53.0,2.86,13.1208,76.8132,0.0
Cotton,Clayey,Normal,Medium,Bacterial Blight,Moderate,Yes,0.512,20.5,20.1,75.2,63.3,5.77,107.4,56.9,21.4,67.0,4.15,11.405,73.3329,8.5
Lentil,Clayey,Normal,Low,None,High,Yes,0.265,12.8,26.7,64.7,37.3,5.81,0.4,68.7,24.7,48.0,2.4,11.6402,78.8511,18.1
Blackgram,Clayey,Normal,High,None,Moderate,Yes,0.374,24.9,29.2,61.1,69.2,7.15,56.1,59.6,15.3,55.6,3.9,30.5612,96.4455,3.5
Rice,Clayey,Rainy,High,Rice Blast,Low,No,0.579,59.7,36.8,80.8,227.5,5.8,70.1,53.0,37.3,59.3,3.27,9.8077,76.3639,20.7
Grapes,Sandy,Cool,Medium,Anthracnose,Moderate,Yes,0.344,34.3,18.1,81.6,72.9,5.6,29.9,135.3,203.5,86.2,4.91,11.3769,86.3779,0.0
Lentil,Silty,Normal,Medium,None,High,Yes,0.279,25.1,22.7,65.2,39.2,6.68,31.7,63.0,20.6,61.5,3.35,13.5755,91.8955,4.1
Coconut,Clayey,Normal,High,Root Wilt,Low,No,0.437,42.8,29.3,97.4,144.0,5.96,24.6,11.8,30.2,50.8,3.14,10.133,68.0125,0.0
Coffee,Sandy,Rainy,Medium,None,Low,No,0.6,48.3,25.3,62.0,152.7,6.15,91.4,24.4,27.6,67.7,6.59,33.6926,72.6784,5.7
Pomegranate,Sandy,Normal,High,Bacterial Blight,Low,No,0.465,43.0,24.8,86.1,107.9,6.28,36.0,21.2,41.9,60.2,3.59,11.8747,89.2254,4.4
Jute,Sandy,Rainy,High,None,Low,No,0.559,54.6,25.8,76.2,159.4,6.63,65.5,59.1,41.9,71.3,5.74,25.1984,69.3058,12.9
Rice,Clayey,Rainy,High,Rice Blast,Low,No,0.781,62.7,36.0,84.7,220.1,7.27,113.2,50.5,35.5,61.3,3.62,31.3843,88.0484,3.1
Chickpea,Sandy,Cool,Low,None,Moderate,Yes,0.475,22.4,18.2,12.5,76.4,6.05,55.7,71.0,84.0,68.1,5.18,24.8987,79.4712,0.0
Banana,Clayey,Normal,High,None,Low,No,0.627,41.0,26.5,79.9,105.2,6.31,101.5,90.9,47.7,72.6,5.84,8.4462,82.1465,1.2
Lentil,Sandy,Normal,High,None,High,Yes,0.315,18.8,27.8,65.2,40.4,7.02,2.4,76.5,19.7,51.5,1.96,33.7945,79.0506,14.3
Watermelon,Sandy,Normal,High,Anthracnose,High,Yes,0.479,26.8,20.1,86.1,47.8,6.42,101.9,5.1,46.8,68.1,1.88,20.1487,87.9069,2.4
Lentil,Silty,Normal,Low,None,High,Yes,0.221,28.5,25.9,68.9,48.8,5.81,5.1,60.4,18.0,51.9,2.57,19.381,85.7836,12.8
Mango,Silty,Normal,Medium,None,Moderate,Yes,0.355,31.8,28.8,51.1,90.3,4.97,19.1,20.7,31.0,34.4,3.1,18.9128,74.3139,2.2
Orange,Clayey,Normal,High,Citrus Canker,Low,No,0.279,26.0,29.5,91.7,106.5,6.26,4.2,8.0,6.5,47.4,2.86,26.4715,92.8142,14.9
Kidneybeans,Silty,Cool,Low,None,Low,No,0.408,36.8,17.7,15.4,114.9,5.89,25.0,55.1,18.3,56.6,5.75,24.6089,75.4827,3.4
Mungbean,Clayey,Normal,High,None,Moderate,Yes,0.223,19.6,29.7,84.5,57.4,7.41,13.5,59.2,19.0,44.2,2.87,36.4369,85.1419,8.1
Papaya,Sandy,Rainy,High,Papaya Ring Spot Virus,Low,No,0.493,52.2,25.8,90.0,182.6,6.74,34.5,41.1,45.6,63.6,4.01,12.137,86.3931,13.8
Rice,Clayey,Rainy,High,Rice Blast,Low,No,0.686,76.6,39.7,81.2,280.2,6.37,102.0,56.5,37.9,73.0,4.49,19.954,93.0163,0.0
Maize,Loamy,Normal,High,None,Moderate,Yes,0.496,18.3,28.7,55.7,69.3,6.02,74.8,55.2,24.3,62.0,3.85,11.5766,82.101,5.1
Pigeonpeas,Sandy,Normal,High,Fusarium Wilt,Low,No,0.376,41.8,34.2,57.9,141.5,4.7,23.9,69.5,24.8,34.9,1.85,17.9781,94.0959,0.0
Kidneybeans,Silty,Normal,Low,None,Low,No,0.446,53.3,21.3,16.7,143.5,6.38,12.6,56.2,17.2,57.1,5.8,24.4632,95.6339,4.5
Mango,Loamy,Normal,High,None,Moderate,Yes,0.415,34.2,27.1,48.5,96.6,6.52,14.2,16.8,29.7,61.0,4.11,16.406,81.2805,9.6
Apple,Silty,Normal,High,None,Low,No,0.428,38.3,24.5,92.2,107.5,5.72,24.7,139.6,201.2,86.2,6.14,33.9381,72.7401,0.0
Papaya,Clayey,Normal,High,None,Moderate,Yes,0.493,39.2,27.4,92.1,90.9,6.82,68.5,37.4,53.3,70.0,4.6,13.7683,95.6028,4.9
Coconut,Loamy,Normal,High,Root Wilt,Low,No,0.414,37.7,28.5,91.3,148.7,5.78,5.4,24.8,32.0,51.6,3.23,24.1203,77.6421,14.6
Kidneybeans,Silty,Normal,High,None,Low,No,0.483,35.2,22.9,23.2,135.5,5.91,35.0,61.2,15.1,60.4,4.62,23.3205,84.1183,1.1
Maize,Silty,Cool,Low,None,Moderate,Yes,0.547,33.7,19.0,61.1,63.5,6.27,71.1,56.1,20.0,61.8,4.85,16.3328,83.316,10.4
Chickpea,Sandy,Cool,Low,None,Moderate,Yes,0.449,32.8,19.4,16.7,94.2,6.52,46.7,65.4,79.2,73.6,5.66,26.7763,75.3282,0.0
Blackgram,Silty,Normal,Low,None,Moderate,Yes,0.453,30.7,27.6,62.3,71.0,6.63,53.3,70.0,23.4,63.5,5.35,31.9527,72.8481,3.8
Mothbeans,Silty,Normal,High,None,High,Yes,0.411,12.0,28.8,59.8,48.9,7.22,29.2,55.9,16.0,54.2,1.87,21.7863,71.9213,0.0
Rice,Sandy,Rainy,High,Rice Blast,Low,No,0.769,90.0,20.8,84.4,293.3,5.41,74.0,42.2,42.5,49.4,3.23,19.0711,94.8092,13.7
Chickpea,Sandy,Normal,Medium,None,Moderate,Yes,0.308,28.2,25.6,17.6,68.4,5.97,39.7,67.1,80.0,64.0,4.91,25.0116,68.1279,0.0
Mango,Clayey,Normal,Medium,None,Moderate,Yes,0.451,29.9,27.5,45.1,88.3,4.62,24.7,20.5,30.6,35.4,2.77,19.1272,73.8111,2.2
Jute,Sandy,Rainy,Medium,Stem Rot,Low,No,0.625,62.6,20.5,85.0,163.5,7.16,61.8,45.7,38.1,62.2,4.35,17.6114,70.7266,17.2
Pigeonpeas,Sandy,Normal,Medium,None,Low,No,0.497,34.2,21.0,50.1,120.6,7.32,27.8,79.6,15.1,54.0,5.89,9.1976,76.9928,2.5
Mothbeans,Loamy,Normal,Low,None,Moderate,Yes,0.304,11.4,28.4,37.8,56.1,6.67,32.7,52.0,16.4,55.7,4.42,23.3831,94.1949,4.5
Apple,Loamy,Normal,High,Apple Scab,Low,No,0.338,47.6,22.2,91.3,109.4,6.41,23.9,125.6,204.6,89.5,4.84,23.1795,91.0804,2.9
Watermelon,Sandy,Normal,High,None,Moderate,Yes,0.514,19.9,28.1,82.3,57.4,6.29,102.6,19.6,49.5,72.4,4.98,27.312,89.0181,0.2
Coffee,Sandy,Normal,Medium,None,Low,No,0.537,34.5,25.9,60.9,138.7,6.47,96.1,24.0,34.9,64.7,6.46,13.2085,96.5649,4.5
Apple,Silty,Normal,High,Apple Scab,Low,No,0.414,28.0,24.1,93.5,100.1,5.65,27.1,137.4,197.7,87.8,4.53,23.1504,84.7616,0.7
Chickpea,Sandy,Normal,Medium,None,Moderate,Yes,0.3,30.9,27.0,16.6,76.2,7.97,39.1,73.1,82.6,56.3,4.35,12.219,75.0321,0.0
Maize,Loamy,Normal,Low,Maize Rust,Moderate,Yes,0.559,24.9,22.7,74.2,86.0,6.56,63.6,57.5,17.9,70.6,3.82,24.0177,86.9687,15.7
Maize,Clayey,Normal,High,None,Moderate,Yes,0.523,23.9,27.2,63.1,67.2,6.55,88.8,37.0,20.2,62.7,4.37,24.1701,81.922,1.1
Lentil,Clayey,Normal,Medium,None,High,Yes,0.273,10.0,26.7,60.5,39.9,5.81,15.8,60.8,21.4,49.5,2.9,31.2673,96.2793,4.5
Pomegranate,Silty,Cool,High,Bacterial Blight,Low,No,0.438,48.0,19.7,85.9,114.4,6.3,25.5,23.4,43.0,58.0,3.72,18.7642,70.4078,4.3
Pigeonpeas,Clayey,Normal,High,None,Low,No,0.307,39.6,25.5,52.4,123.3,4.76,3.9,65.0,17.6,38.5,3.22,25.6964,83.9111,13.0
Rice,Clayey,Rainy,Low,Rice Blast,Low,No,0.7,59.0,22.9,81.8,199.5,5.93,97.8,40.6,35.6,64.5,5.0,29.7666,77.411,0.9
Rice,Silty,Rainy,High,Rice Blast,Low,No,0.624,47.0,37.0,80.0,171.3,5.43,98.2,52.7,44.6,56.7,3.23,33.9296,94.331,0.0
Rice,Sandy,Rainy,High,Rice Blast,Low,No,0.804,47.4,24.7,84.1,174.3,5.56,116.2,53.6,35.9,60.8,3.5,34.4526,77.2403,3.7
Banana,Sandy,Normal,High,None,Moderate,Yes,0.546,39.7,28.5,83.8,92.4,6.35,96.0,89.8,48.9,73.9,5.17,12.8629,95.8351,7.6
Jute,Loamy,Rainy,High,None,Low,No,0.658,57.7,28.2,74.4,186.8,6.64,79.5,42.0,44.5,69.6,5.73,10.3008,78.1461,0.0
Jute,Sandy,Rainy,High,Stem Rot,Low,No,0.611,52.6,20.6,89.3,170.6,7.24,61.2,46.5,41.3,59.9,3.48,29.1987,69.828,15.6
Mungbean,Loamy,Normal,High,None,High,Yes,0.343,20.2,27.5,82.3,41.8,6.56,25.0,38.9,22.1,58.2,2.17,29.1254,83.441,0.0
Watermelon,Sandy,Normal,High,None,Moderate,Yes,0.531,28.2,29.5,83.1,55.9,6.66,90.5,18.2,49.1,69.2,4.65,27.9538,85.5476,6.8
Orange,Clayey,Normal,High,None,Low,No,0.342,32.4,25.4,92.8,100.2,6.62,36.8,15.8,12.7,57.2,4.52,19.6819,96.0845,3.5
Pomegranate,Silty,Cool,Medium,Bacterial Blight,Low,No,0.315,37.9,19.2,90.4,113.4,6.85,24.7,12.7,42.4,58.3,4.36,25.2273,82.0463,1.8
Muskmelon,Clayey,Normal,High,None,High,Yes,0.374,23.0,26.2,93.1,23.9,6.01,86.3,16.5,46.9,62.6,2.88,11.3984,73.2385,14.8
Pomegranate,Silty,Normal,High,Bacterial Blight,Low,No,0.451,40.6,20.2,94.0,106.3,6.83,39.2,5.2,41.8,52.2,3.12,23.0731,76.6322,0.0
Rice,Sandy,Rainy,High,None,Low,No,0.675,74.0,30.9,84.2,258.2,7.0,76.3,58.1,35.4,60.9,5.13,31.0733,71.7541,13.2
Kidneybeans,Clayey,Cool,Low,None,Moderate,Yes,0.39,24.7,17.0,20.0,61.2,6.31,13.0,71.5,17.5,55.4,4.46,12.0236,78.8684,8.0
Blackgram,Clayey,Normal,High,Powdery Mildew,Moderate,Yes,0.378,31.2,32.8,68.2,74.3,7.02,26.9,59.5,15.1,55.2,2.89,19.8054,93.5274,14.4
Pigeonpeas,Silty,Rainy,Low,None,Low,No,0.479,42.9,24.1,67.5,152.6,4.58,12.8,73.9,20.1,32.4,3.41,13.2282,71.5713,4.5
Watermelon,Silty,Normal,Medium,Anthracnose,High,Yes,0.534,12.6,22.6,82.1,47.4,6.63,112.0,17.5,45.4,71.2,2.88,22.9882,68.8757,1.6
Blackgram,Loamy,Normal,High,Powdery Mildew,Moderate,Yes,0.482,12.5,30.8,67.9,65.6,6.8,52.1,55.2,19.5,61.4,2.72,26.0162,92.9545,1.2
Blackgram,Clayey,Normal,High,Powdery Mildew,Moderate,Yes,0.43,29.7,31.4,65.7,64.7,7.44,28.7,69.9,21.9,49.0,2.44,29.4357,96.5721,8.4
Banana,Silty,Normal,High,Panama Wilt,Low,No,0.664,28.6,28.9,83.6,111.9,5.74,114.9,79.8,52.5,74.1,4.58,21.7268,83.7669,3.8
Grapes,Silty,Normal,High,Powdery Mildew,Moderate,Yes,0.354,17.1,39.7,84.8,72.9,6.31,15.1,138.8,200.5,92.6,3.57,17.1643,72.2755,7.3
Maize,Sandy,Normal,Medium,None,Moderate,Yes,0.62,36.0,23.1,62.9,71.3,6.93,89.6,37.6,22.2,62.6,5.03,17.7672,77.6949,2.4
Lentil,Clayey,Normal,Medium,None,High,Yes,0.192,23.8,23.0,69.7,47.2,6.13,7.0,60.5,24.7,56.8,2.59,28.6215,70.4578,8.4
Kidneybeans,Loamy,Normal,Low,None,Low,No,0.317,37.3,21.6,22.3,120.2,6.23,26.9,69.4,18.4,58.7,5.66,26.3543,79.511,0.0
Banana,Silty,Normal,High,None,Moderate,Yes,0.543,34.1,27.0,77.9,99.6,5.77,94.3,84.5,52.8,66.5,4.53,17.1715,83.4994,4.4
Coconut,Silty,Rainy,High,Root Wilt,Low,No,0.467,63.2,25.6,90.9,224.8,5.52,20.0,8.7,28.7,44.0,2.51,11.5192,73.1262,0.0
Muskmelon,Clayey,Normal,High,None,High,Yes,0.548,10.0,29.2,93.3,28.6,6.22,96.1,16.0,48.4,67.9,2.77,10.6726,79.6079,6.8
Mungbean,Clayey,Normal,High,None,Moderate,Yes,0.31,12.9,27.7,87.6,56.6,6.6,13.4,38.4,21.1,57.5,3.93,21.5411,85.5835,5.0
Jute,Loamy,Rainy,Low,Anthracnose,Low,No,0.638,46.7,21.0,71.6,166.4,7.3,78.2,38.3,38.5,53.2,3.88,15.3055,87.3175,6.3
Papaya,Silty,Normal,High,Phytophthora Blight,Moderate,Yes,0.326,19.8,33.0,94.5,84.6,6.62,43.4,50.9,45.5,62.9,3.07,26.7568,83.7529,3.6
Coconut,Clayey,Rainy,High,Root Wilt,Low,No,0.32,50.6,25.0,99.6,173.8,6.35,16.0,22.2,32.2,58.7,3.08,34.3688,79.8708,3.5
Apple,Clayey,Normal,High,Apple Scab,Low,No,0.385,40.3,24.3,93.3,103.3,6.42,29.8,126.9,199.8,93.9,4.85,23.0401,80.5816,0.0
Watermelon,Loamy,Normal,High,None,High,Yes,0.43,23.1,25.8,85.9,45.7,6.62,93.9,23.9,51.2,72.4,2.99,27.9765,83.239,7.2
Kidneybeans,Clayey,Normal,Low,None,Moderate,Yes,0.297,19.6,21.6,19.3,61.1,5.52,27.6,78.3,23.5,54.5,4.67,8.0547,80.0876,3.9
Maize,Silty,Cool,High,Maize Rust,Moderate,Yes,0.533,27.4,18.3,73.1,97.9,6.53,91.6,53.1,21.3,71.9,2.99,12.4949,76.0113,2.6
Chickpea,Loamy,Normal,High,None,Moderate,Yes,0.464,21.4,29.4,16.1,88.7,6.39,59.6,68.4,77.5,74.6,5.17,18.202,73.4778,4.8
Kidneybeans,Silty,Cool,Low,None,Low,No,0.464,38.9,15.2,16.6,116.9,6.42,35.2,59.4,19.2,64.9,6.65,27.1373,75.4708,3.3
Grapes,Clayey,Normal,Medium,Anthracnose,Moderate,Yes,0.215,27.3,22.6,80.6,65.3,6.17,6.0,141.0,200.4,87.2,4.43,12.4961,77.0952,14.9
Pomegranate,Sandy,Normal,High,Bacterial Blight,Low,No,0.464,40.6,24.7,86.0,101.7,6.2,33.8,6.6,35.1,56.2,3.0,8.437,87.0427,0.0
Pomegranate,Silty,Cool,Low,Bacterial Blight,Low,No,0.395,44.7,18.5,92.5,114.6,5.81,4.3,14.2,35.4,42.6,3.48,19.5916,83.5397,14.4
Papaya,Sandy,Normal,High,Papaya Ring Spot Virus,Low,No,0.518,31.6,35.0,92.3,129.4,6.59,61.3,43.1,48.0,69.2,4.32,14.1458,68.4926,2.8
Kidneybeans,Clayey,Cool,Low,None,Moderate,Yes,0.423,27.9,19.8,17.6,97.9,5.64,28.3,66.9,23.0,49.1,3.86,24.0511,94.7023,0.3
Kidneybeans,Loamy,Cool,Low,None,Moderate,Yes,0.303,37.2,15.2,15.9,65.0,6.43,21.7,69.6,20.7,63.8,5.49,25.4552,68.874,3.0
Coconut,Loamy,Rainy,High,Root Wilt,Low,No,0.379,55.3,26.5,98.6,170.2,6.1,38.0,19.0,30.6,58.6,3.35,31.5245,85.2526,0.0
Lentil,Sandy,Normal,High,None,High,Yes,0.219,13.9,28.1,66.3,48.3,6.98,12.6,71.9,20.5,55.3,2.08,26.305,94.1306,7.2
Mothbeans,Clayey,Normal,Low,None,Moderate,Yes,0.197,17.2,29.8,38.8,59.0,5.51,6.0,47.3,20.9,45.2,3.49,33.6427,69.9879,13.4
Papaya,Sandy,Normal,High,Phytophthora Blight,Moderate,Yes,0.419,14.3,36.2,90.7,76.3,6.73,61.0,57.3,51.4,68.9,3.01,31.596,79.2547,2.1
Papaya,Sandy,Rainy,High,Papaya Ring Spot Virus,Low,No,0.612,66.0,39.5,94.8,236.3,6.96,51.7,41.2,48.4,59.0,3.48,16.6684,83.2401,0.4
Mungbean,Silty,Normal,High,None,Moderate,Yes,0.359,12.6,28.3,86.4,56.5,6.09,37.9,47.2,23.1,62.3,3.89,19.4724,94.8734,0.0
Mungbean,Sandy,Normal,High,None,Moderate,Yes,0.37,12.6,27.9,80.3,56.0,6.68,14.8,53.1,22.8,63.7,4.37,31.6503,73.5468,2.9
Blackgram,Loamy,Normal,High,Powdery Mildew,Moderate,Yes,0.432,14.7,31.3,67.0,71.8,7.07,48.4,77.3,23.3,64.3,3.28,33.8075,82.7087,3.4
Banana,Silty,Normal,High,None,Low,No,0.532,42.4,28.4,76.7,110.3,6.09,104.4,94.0,51.0,74.6,5.85,23.4065,74.8392,1.4
Orange,Clayey,Cool,Medium,Citrus Canker,Low,No,0.275,42.3,12.1,92.0,112.9,6.5,17.2,15.2,9.2,53.6,4.16,33.4011,89.94,0.3
Jute,Silty,Rainy,High,None,Low,No,0.572,45.1,28.5,84.0,151.1,7.28,80.0,54.4,35.7,57.4,4.4,36.6734,82.0153,0.1
Watermelon,Clayey,Normal,High,None,High,Yes,0.502,19.5,29.7,80.4,49.1,6.45,111.6,14.4,46.4,74.2,2.84,27.9374,84.5429,0.0
Grapes,Loamy,Normal,Low,Anthracnose,Moderate,Yes,0.252,26.7,22.1,82.9,69.8,5.63,20.3,126.4,199.4,78.3,4.52,21.2312,92.567,0.8
Mungbean,Silty,Normal,High,None,Moderate,Yes,0.298,24.2,27.1,84.7,58.1,6.58,36.2,37.8,16.1,62.0,3.69,25.9778,94.5597,2.6
Grapes,Clayey,Normal,High,Powdery Mildew,Moderate,Yes,0.273,22.2,36.2,81.5,65.6,5.62,24.1,122.1,197.3,77.5,3.42,11.7621,70.6971,0.5
Coconut,Sandy,Rainy,High,Root Wilt,Low,No,0.547,57.1,28.9,97.8,201.8,6.26,20.0,7.1,32.4,55.7,3.51,25.5988,96.5384,0.0
Blackgram,Loamy,Normal,Low,None,Moderate,Yes,0.488,27.0,27.6,60.7,69.5,7.31,44.7,64.6,20.5,50.7,4.35,31.586,77.5045,1.8
Mungbean,Clayey,Normal,High,None,Moderate,Yes,0.335,22.2,27.4,81.6,56.5,7.04,11.1,39.6,23.6,54.1,3.44,33.5302,81.5772,9.6
Banana,Sandy,Normal,High,None,Low,No,0.697,29.8,25.9,76.5,100.8,6.09,116.9,77.1,47.5,70.7,5.95,13.3215,69.7285,1.3
Jute,Loamy,Rainy,High,Stem Rot,Low,No,0.649,50.2,28.9,86.8,184.6,6.88,85.6,55.4,38.3,69.4,3.96,15.078,90.197,0.0
Coconut,Silty,Rainy,High,Root Wilt,Low,No,0.379,64.1,27.3,95.1,206.9,5.56,9.8,7.5,34.4,41.7,2.31,33.9021,68.1755,10.5
Watermelon,Clayey,Normal,Low,None,High,Yes,0.479,12.3,22.0,84.9,42.4,6.76,83.8,11.9,48.2,62.5,2.98,9.0274,80.1273,17.9
Mothbeans,Loamy,Normal,Medium,None,Moderate,Yes,0.419,22.6,25.3,62.1,65.6,7.94,35.2,58.1,24.5,44.5,3.63,19.7911,76.3301,0.0
Muskmelon,Loamy,Normal,High,None,High,Yes,0.511,10.0,29.6,93.5,29.3,6.32,101.2,17.5,45.4,64.9,2.85,17.0729,93.508,0.0
Blackgram,Clayey,Normal,Low,None,Moderate,Yes,0.287,16.2,26.0,61.2,64.0,6.66,26.7,55.1,15.5,64.5,4.99,10.4314,96.6824,9.2
Maize,Clayey,Normal,Medium,None,Moderate,Yes,0.574,30.6,25.3,66.3,79.4,6.89,82.1,57.2,15.0,65.8,5.04,15.8396,69.6992,1.8
Kidneybeans,Sandy,Normal,Medium,None,Moderate,Yes,0.349,39.9,23.9,23.1,96.2,5.89,12.1,63.8,23.9,53.6,4.0,21.9458,85.4038,9.4
Mothbeans,Silty,Normal,Medium,None,High,Yes,0.21,10.6,29.3,55.9,48.0,7.27,5.6,50.2,21.2,44.0,1.96,20.1245,87.6943,12.8
Chickpea,Silty,Normal,Medium,None,Moderate,Yes,0.294,36.3,26.4,14.2,75.1,7.77,33.9,78.2,78.5,60.1,5.01,14.4544,76.0253,5.1
Muskmelon,Clayey,Normal,High,None,High,Yes,0.558,16.4,27.9,94.7,29.3,6.5,111.1,27.2,48.4,72.3,3.17,36.426,77.2411,4.7
Jute,Sandy,Rainy,High,None,Low,No,0.586,47.0,29.0,75.2,182.5,6.77,99.2,37.2,36.2,70.2,5.33,20.4008,79.9943,0.3
Coconut,Clayey,Rainy,High,Root Wilt,Low,No,0.448,69.0,29.4,96.4,202.9,6.08,22.6,23.3,26.9,50.1,2.54,30.4276,80.8714,0.8
Cotton,Silty,Normal,High,Bacterial Blight,Moderate,Yes,0.554,27.7,20.5,80.1,94.9,7.5,117.6,52.9,22.9,55.3,2.32,23.4463,84.8799,5.8
Banana,Clayey,Normal,High,None,Moderate,Yes,0.556,30.5,29.7,84.8,90.6,5.56,105.8,70.4,52.4,68.8,4.79,13.3429,82.8588,2.5
Mango,Loamy,Normal,Low,Powdery Mildew,Moderate,Yes,0.288,22.5,33.4,54.7,92.1,4.62,5.0,16.3,30.0,32.9,2.07,19.2524,85.0664,14.8
Muskmelon,Sandy,Normal,High,None,High,Yes,0.491,13.1,27.5,91.9,27.5,6.39,86.0,16.0,46.7,67.5,2.82,12.7814,91.8324,12.9
Chickpea,Silty,Normal,Low,None,Moderate,Yes,0.43,22.7,21.1,18.3,75.2,5.52,58.8,68.2,79.4,63.9,4.95,33.0132,71.0325,5.0
Cotton,Silty,Normal,Medium,Bacterial Blight,Moderate,Yes,0.654,22.2,24.6,77.6,79.6,6.55,118.4,53.2,19.0,76.1,4.52,11.5311,85.5656,1.3
Kidneybeans,Silty,Cool,Low,None,Moderate,Yes,0.354,33.2,16.7,20.7,75.8,5.96,25.0,66.8,19.8,54.9,4.36,9.9153,80.4958,0.5
Coconut,Loamy,Rainy,High,Root Wilt,Low,No,0.33,49.4,25.3,99.2,151.7,6.47,20.2,6.6,27.0,59.7,3.84,15.2109,77.4856,1.6
Grapes,Sandy,Normal,High,Powdery Mildew,Moderate,Yes,0.279,13.5,34.0,83.3,69.3,6.06,30.6,129.2,200.4,86.6,3.81,26.0959,89.6144,2.7
Grapes,Silty,Normal,High,Powdery Mildew,Moderate,Yes,0.309,27.4,36.3,82.3,72.3,5.86,26.7,142.0,196.0,82.0,3.59,35.7541,75.1493,5.0
Coconut,Sandy,Rainy,High,Root Wilt,Low,No,0.41,72.8,28.3,93.6,223.9,6.39,9.2,28.2,27.6,56.9,3.48,20.4438,73.6158,13.4
Jute,Silty,Rainy,High,Stem Rot,Low,No,0.651,45.6,23.8,86.8,154.1,6.79,88.4,48.0,37.4,67.7,3.65,31.8282,94.1019,0.0
Grapes,Clayey,Cool,Low,Anthracnose,Moderate,Yes,0.339,19.7,16.5,81.0,65.2,6.5,24.2,138.4,200.4,99.0,4.25,9.9205,82.6842,4.4
Jute,Silty,Rainy,High,None,Low,No,0.54,52.1,25.3,88.6,173.7,7.09,62.3,52.3,42.8,64.6,5.62,33.4634,91.1248,18.5
Rice,Loamy,Rainy,High,Rice Blast,Low,No,0.662,57.4,37.6,84.8,248.1,5.16,80.6,51.2,40.3,51.3,3.06,30.9491,92.1513,9.4
Rice,Sandy,Rainy,High,Rice Blast,Low,No,0.739,56.7,35.9,80.8,211.3,5.37,105.0,50.2,40.8,60.5,3.11,26.1337,90.4548,2.9
Coconut,Clayey,Normal,High,Root Wilt,Low,No,0.359,44.5,29.2,91.4,135.9,5.52,27.2,25.1,31.4,44.7,2.53,15.5979,87.746,0.0
Coconut,Silty,Normal,High,Root Wilt,Low,No,0.439,35.8,29.6,95.1,149.2,6.36,8.6,14.1,34.3,58.0,3.01,20.2343,93.6579,8.1
Pomegranate,Clayey,Normal,High,Bacterial Blight,Low,No,0.348,42.1,22.8,90.2,114.6,6.55,28.0,23.2,40.1,60.0,3.14,27.6184,78.892,4.9
Coffee,Sandy,Rainy,Medium,None,Low,No,0.685,52.2,20.6,65.4,194.7,7.0,113.7,25.0,33.5,60.2,5.73,16.177,68.4739,0.0
Mungbean,Clayey,Normal,High,None,High,Yes,0.234,10.9,27.3,86.4,45.5,6.79,25.6,46.4,20.9,61.2,2.5,10.6229,68.8304,1.0
Coffee,Silty,Rainy,Low,None,Low,No,0.636,44.6,28.2,55.9,172.4,6.25,104.4,33.6,32.2,66.4,6.46,32.1385,79.2549,2.4
Coconut,Clayey,Rainy,High,Root Wilt,Low,No,0.483,59.5,29.8,90.0,199.5,6.49,23.5,13.1,31.6,55.0,3.42,32.8647,84.7949,4.9
Watermelon,Clayey,Normal,High,None,Moderate,Yes,0.471,30.7,27.0,84.8,53.1,6.48,87.6,5.3,47.4,71.3,4.77,17.7301,76.7542,12.1
Chickpea,Loamy,Normal,Low,None,Moderate,Yes,0.401,29.0,24.0,17.4,71.6,6.36,59.6,59.5,78.9,74.3,5.9,18.4806,83.4673,4.0
Pigeonpeas,Sandy,Rainy,Low,None,Low,No,0.358,62.3,20.7,31.3,166.3,6.01,9.6,73.2,15.3,60.1,5.83,22.4163,72.3469,7.4
Mango,Loamy,Hot & Dry,Medium,Powdery Mildew,Low,No,0.276,28.7,30.2,45.4,100.3,5.94,23.2,28.0,29.5,54.0,4.13,24.8547,86.1247,0.0
Jute,Sandy,Rainy,High,Anthracnose,Low,No,0.649,51.7,23.6,79.7,189.4,6.34,80.0,53.6,37.2,67.3,3.91,11.0674,86.5529,3.9
Apple,Loamy,Normal,High,Apple Scab,Low,No,0.252,34.7,22.7,92.0,100.7,6.05,14.4,138.0,197.2,85.3,4.55,10.156,83.2881,5.5
Chickpea,Loamy,Normal,Low,None,Moderate,Yes,0.352,30.1,26.4,10.0,75.2,5.66,52.4,55.5,75.4,59.1,4.85,14.434,76.0997,0.1
Papaya,Sandy,Rainy,High,Papaya Ring Spot Virus,Low,No,0.633,56.9,39.6,91.2,247.1,6.96,49.7,54.5,50.0,59.2,3.31,18.4051,83.7866,3.9
Chickpea,Silty,Normal,Low,None,Moderate,Yes,0.287,28.4,28.1,17.4,79.1,8.02,31.8,65.1,76.0,47.0,4.0,27.8744,75.1144,4.6
Cotton,Clayey,Normal,Low,Bacterial Blight,Moderate,Yes,0.566,24.2,23.8,77.7,79.7,6.0,115.2,56.2,24.9,66.9,3.78,13.096,96.415,5.7
Muskmelon,Silty,Normal,High,None,High,Yes,0.637,19.1,26.7,92.5,25.7,6.18,119.1,26.9,47.8,69.7,2.7,28.3746,93.861,3.4
Pigeonpeas,Sandy,Rainy,Medium,None,Low,No,0.452,60.4,18.4,41.4,181.4,6.95,34.8,56.3,23.1,55.0,5.89,21.1027,74.7602,0.0
Mothbeans,Loamy,Normal,Medium,None,Moderate,Yes,0.393,20.9,28.5,43.7,62.5,9.45,35.4,51.3,24.1,21.4,1.48,34.8949,86.875,4.2
Mothbeans,Clayey,Normal,Low,None,Moderate,Yes,0.309,24.8,25.1,64.5,59.3,6.29,37.3,47.7,15.3,62.4,5.16,22.6413,80.883,3.0
Coffee,Silty,Rainy,Medium,Coffee Berry Disease,Low,No,0.575,58.3,29.5,52.9,171.8,6.63,105.8,23.2,34.3,68.1,5.21,19.6976,76.3701,2.7
Rice,Sandy,Rainy,High,Rice Blast,Low,No,0.814,80.3,24.6,83.2,241.8,6.69,114.8,35.9,39.9,67.0,4.05,29.3122,96.1695,0.0
Lentil,Sandy,Normal,Medium,None,Moderate,Yes,0.219,20.8,25.9,63.8,50.6,5.78,5.1,79.9,23.8,54.3,4.44,19.2043,77.4379,10.1
Muskmelon,Loamy,Normal,High,None,High,Yes,0.524,22.8,26.3,91.7,26.3,6.25,92.5,6.6,47.7,63.4,2.87,34.6213,81.0599,9.8
Mango,Clayey,Normal,High,None,Moderate,Yes,0.323,25.4,29.2,54.6,90.1,5.43,34.4,37.4,31.9,44.2,3.05,28.4715,80.2167,0.0
Apple,Silty,Normal,High,Apple Scab,Low,No,0.37,45.5,21.4,92.8,111.4,6.31,25.9,137.5,204.6,94.7,4.92,29.9996,72.7282,0.0
Papaya,Silty,Normal,High,Papaya Ring Spot Virus,Low,No,0.426,33.7,23.9,94.4,130.9,6.72,54.2,44.9,45.9,68.2,4.09,26.689,94.9591,0.4
Mango,Silty,Normal,Low,Powdery Mildew,Low,No,0.496,32.8,33.3,50.8,101.4,5.87,39.7,31.5,25.8,49.2,3.56,24.1505,72.7727,0.0
Mango,Loamy,Normal,Medium,Powdery Mildew,Moderate,Yes,0.314,22.3,32.8,53.8,90.0,5.11,13.8,31.7,26.0,39.2,1.9,10.6661,89.1935,8.4
Pigeonpeas,Loamy,Cool,High,None,Low,No,0.518,45.6,18.9,60.2,137.9,4.77,33.9,72.4,19.3,45.4,3.35,34.2962,82.7812,1.8
Banana,Loamy,Normal,High,None,Moderate,Yes,0.644,23.2,29.3,81.9,96.7,6.38,98.3,85.2,53.8,74.4,4.85,19.1981,96.4354,1.3
Lentil,Clayey,Cool,High,Rust,High,Yes,0.284,29.2,18.3,63.0,46.5,5.84,17.2,75.7,21.1,54.3,1.76,10.8557,90.2564,0.7
Orange,Sandy,Normal,High,Citrus Canker,Low,No,0.483,28.9,24.1,90.4,108.2,6.0,34.2,26.9,5.1,51.0,3.29,25.8913,71.5599,1.3
Muskmelon,Sandy,Normal,High,None,High,Yes,0.406,14.4,26.4,94.5,23.9,6.04,86.3,7.8,48.8,58.2,2.52,21.7205,83.4889,14.2
Rice,Clayey,Rainy,High,Rice Blast,Low,No,0.651,82.1,29.9,81.6,272.4,5.87,90.1,49.9,44.3,65.0,3.36,16.8701,94.8647,3.3
Maize,Loamy,Normal,Medium,None,Moderate,Yes,0.654,27.8,26.2,62.9,80.3,5.92,96.5,39.2,15.3,56.2,4.85,13.0196,87.8132,1.5
Mango,Sandy,Normal,High,None,Moderate,Yes,0.257,34.8,29.7,50.6,87.4,6.21,12.4,19.9,28.2,48.5,3.38,14.2609,82.9118,7.7
Coconut,Sandy,Rainy,High,Root Wilt,Low,No,0.404,47.4,28.0,99.9,168.3,6.21,19.4,18.8,27.7,55.5,2.82,30.8289,73.1858,0.0
Pigeonpeas,Loamy,Rainy,High,Fusarium Wilt,Low,No,0.408,43.7,34.0,69.4,180.5,6.79,10.5,67.7,21.4,60.1,3.37,16.6941,93.8281,9.4
Apple,Sandy,Normal,High,Apple Scab,Low,No,0.452,30.7,21.3,92.2,105.0,6.31,37.8,131.5,196.8,89.2,4.65,9.7092,79.239,0.8
Rice,Loamy,Rainy,High,Rice Blast,Low,No,0.63,51.9,39.6,81.3,169.1,6.27,111.4,52.7,44.9,74.2,4.0,14.3389,83.0949,0.0
Cotton,Loamy,Normal,High,Bacterial Blight,Moderate,Yes,0.575,22.6,24.1,82.1,79.9,6.3,133.6,56.2,19.9,73.3,3.17,11.5668,81.9264,0.0
Grapes,Silty,Normal,High,None,Moderate,Yes,0.304,20.6,29.0,80.2,73.1,5.89,9.1,131.1,202.7,85.3,5.46,22.9403,73.4585,8.2
Coconut,Loamy,Rainy,High,Root Wilt,Low,No,0.31,55.7,27.7,99.8,195.8,5.51,3.0,13.4,26.1,39.3,2.22,24.8091,87.9109,17.6
Orange,Clayey,Normal,High,Citrus Canker,Low,No,0.269,39.1,32.6,92.7,113.7,6.31,5.9,25.5,9.5,57.4,3.51,11.7625,92.6223,11.5
Apple,Clayey,Normal,High,Apple Scab,Low,No,0.258,41.3,25.0,92.7,110.3,5.71,9.6,135.9,196.5,83.5,4.41,14.7567,70.5219,6.8
Rice,Sandy,Rainy,High,Rice Blast,Low,No,0.583,59.4,25.9,84.2,159.5,6.02,95.6,55.6,35.6,67.0,3.5,18.8048,89.7246,2.2
Watermelon,Loamy,Normal,High,None,High,Yes,0.557,15.6,26.4,86.5,40.2,6.85,98.9,19.2,48.5,70.8,3.07,28.8777,93.9289,2.8
Coconut,Loamy,Rainy,High,Root Wilt,Low,No,0.511,50.2,25.1,90.7,156.8,5.96,30.3,15.9,26.8,48.4,2.95,18.9614,74.1887,4.8
Maize,Sandy,Cool,High,None,Moderate,Yes,0.598,26.4,18.1,69.3,93.8,6.24,87.3,39.4,21.9,65.8,4.59,16.1099,82.7899,1.7
Lentil,Loamy,Normal,Low,None,High,Yes,0.283,19.2,27.9,63.5,35.6,6.43,4.0,68.7,17.1,63.3,3.25,29.2532,89.5074,11.8
Mothbeans,Sandy,Normal,High,None,High,Yes,0.259,19.0,30.5,51.5,31.2,3.57,37.4,39.3,20.2,16.0,1.14,22.6342,71.843,0.0
Watermelon,Clayey,Normal,High,None,High,Yes,0.589,10.4,30.0,82.4,45.3,6.53,101.5,15.5,47.4,68.6,2.49,11.9184,92.6383,2.4
Chickpea,Sandy,Normal,Low,None,Moderate,Yes,0.544,32.2,28.3,13.6,79.8,6.89,59.7,72.9,79.0,67.5,5.44,26.1452,76.1915,2.4
Coffee,Loamy,Normal,Medium,None,Low,No,0.614,46.4,23.4,63.0,142.2,6.33,111.6,22.3,29.3,69.9,7.05,35.8869,78.1303,2.4
Grapes,Silty,Cool,Low,Anthracnose,Moderate,Yes,0.331,23.2,19.6,83.5,71.1,5.84,1.3,120.9,203.3,85.5,4.29,31.8659,85.0559,19.7
Cotton,Loamy,Normal,Low,Bacterial Blight,Moderate,Yes,0.659,29.5,22.4,78.8,70.2,6.8,110.4,53.1,18.4,71.2,3.86,9.0794,71.4121,7.3
Muskmelon,Loamy,Normal,High,None,High,Yes,0.613,17.1,30.0,92.0,28.4,6.31,108.6,21.7,49.7,74.1,3.2,19.9326,79.1533,2.1
Coconut,Sandy,Rainy,High,None,Low,No,0.446,53.3,26.6,99.2,202.6,5.88,38.5,11.7,25.9,50.2,4.23,20.8423,91.705,3.3
Pomegranate,Silty,Normal,High,Bacterial Blight,Low,No,0.425,42.0,24.5,85.6,105.1,6.16,7.1,16.6,42.6,54.0,2.81,31.9953,79.9731,14.8
Coconut,Loamy,Normal,High,Root Wilt,Low,No,0.433,43.8,27.3,99.0,131.1,6.1,35.5,26.1,25.8,55.0,3.07,34.8433,84.1192,0.0
Kidneybeans,Clayey,Cool,Low,Angular Leaf Spot,Moderate,Yes,0.439,34.0,18.3,17.5,66.2,5.76,34.6,64.9,16.7,58.6,3.43,10.0711,68.7205,4.2
Pigeonpeas,Silty,Rainy,High,Fusarium Wilt,Low,No,0.398,42.0,38.5,48.3,155.7,6.72,6.0,68.2,24.5,55.9,3.28,34.5273,74.4332,15.6
Rice,Sandy,Rainy,High,Rice Blast,Low,No,0.622,41.0,26.5,80.6,156.1,5.67,69.2,40.1,40.4,52.8,2.69,19.629,91.203,18.8
Orange,Loamy,Normal,High,Citrus Canker,Low,No,0.264,41.8,20.9,90.1,103.4,7.3,20.1,8.9,9.5,43.1,2.15,36.1283,73.4071,3.9
Mothbeans,Sandy,Hot & Dry,Low,Root Rot,Moderate,Yes,0.379,15.1,32.0,35.3,66.9,7.08,31.0,54.2,22.2,57.4,3.07,34.1276,76.3978,0.0
Lentil,Loamy,Normal,Medium,None,Moderate,Yes,0.265,21.6,21.2,66.1,52.1,7.33,2.1,73.7,18.8,47.0,3.72,26.0594,95.8494,13.1
Lentil,Sandy,Normal,High,None,High,Yes,0.39,26.2,29.2,69.7,42.8,6.72,20.7,74.0,20.3,64.7,2.5,24.1976,77.5368,0.0
Pigeonpeas,Silty,Normal,Low,None,Moderate,Yes,0.352,38.4,27.2,63.4,93.5,5.05,9.3,64.5,24.1,42.0,3.21,28.4282,75.5931,8.6
Pigeonpeas,Loamy,Normal,High,None,Low,No,0.433,30.8,24.2,56.2,108.3,4.68,30.9,61.3,22.8,39.8,3.19,11.2966,71.4934,2.9
Apple,Clayey,Normal,High,Apple Scab,Low,No,0.478,28.2,24.1,91.7,100.6,6.22,28.1,125.7,202.9,86.9,4.8,24.2128,84.1526,0.9
Mango,Clayey,Normal,High,None,Moderate,Yes,0.238,21.4,25.0,48.1,88.2,4.57,4.1,26.9,34.6,32.5,2.56,9.7005,68.2458,11.0
Coconut,Clayey,Rainy,High,Root Wilt,Low,No,0.318,61.7,25.2,95.7,183.1,5.67,0.5,7.2,25.6,46.6,2.73,22.839,77.6932,19.9
Kidneybeans,Clayey,Cool,Low,None,Low,No,0.473,41.1,18.7,24.8,138.6,6.3,18.6,69.5,16.6,58.0,6.04,18.6308,94.5724,2.7
Maize,Clayey,Normal,Low,None,Low,No,0.592,26.3,26.0,58.2,106.0,6.92,82.8,58.8,15.9,64.2,6.3,9.8165,78.8703,1.7
Apple,Clayey,Normal,High,Apple Scab,Low,No,0.426,36.2,21.1,91.3,107.3,5.65,13.2,126.4,201.1,78.6,4.31,13.3285,68.687,7.8
Rice,Silty,Rainy,High,None,Low,No,0.657,79.2,22.0,80.2,246.1,5.17,66.4,42.3,42.8,52.3,4.46,8.3194,75.9182,23.5
Cotton,Loamy,Normal,High,Bacterial Blight,Moderate,Yes,0.633,26.2,24.1,78.7,68.2,7.18,108.6,43.7,20.0,57.6,3.06,11.5673,74.81,12.9
Mothbeans,Silty,Normal,High,None,High,Yes,0.366,20.1,24.7,41.2,40.8,8.27,27.4,51.0,16.1,34.8,1.66,24.7824,71.0651,0.4
Banana,Silty,Normal,High,None,Low,No,0.549,27.3,26.9,78.0,105.7,6.34,113.0,73.7,52.2,78.1,6.1,19.4235,75.5511,2.4
Coffee,Sandy,Normal,High,None,Low,No,0.527,45.5,26.7,54.0,138.8,7.15,84.7,17.1,35.0,61.6,4.65,29.1224,75.7733,14.6
Blackgram,Clayey,Normal,Medium,None,Moderate,Yes,0.466,32.1,25.2,68.6,65.9,7.36,47.4,57.2,16.8,56.6,4.56,32.3338,84.1884,3.5
Pomegranate,Clayey,Normal,High,Bacterial Blight,Low,No,0.441,40.0,22.5,94.7,112.6,6.4,11.9,16.8,44.7,59.6,3.79,14.3282,73.7421,9.5
Jute,Silty,Rainy,High,None,Low,No,0.688,50.6,25.2,76.9,157.8,7.17,97.5,53.6,44.0,60.3,4.66,36.9669,77.3315,1.9
Blackgram,Sandy,Normal,High,Powdery Mildew,Moderate,Yes,0.323,19.8,32.5,68.0,70.9,6.56,48.2,74.6,17.2,62.9,3.05,36.3335,70.2024,0.0
Chickpea,Silty,Normal,Low,None,Moderate,Yes,0.442,25.3,21.2,10.8,78.4,7.26,44.3,59.6,84.2,60.6,4.84,13.4024,94.6862,2.6
Grapes,Loamy,Normal,High,Powdery Mildew,Moderate,Yes,0.195,18.5,39.5,83.7,74.0,6.47,0.1,122.9,201.9,90.6,3.55,12.6269,76.8249,19.8
Grapes,Loamy,Normal,High,None,Moderate,Yes,0.249,11.4,38.4,84.8,70.3,5.54,4.7,144.2,202.6,83.9,5.37,18.0549,81.8745,10.7
Banana,Silty,Normal,High,Panama Wilt,Moderate,Yes,0.657,33.5,26.2,79.6,93.3,5.71,98.5,81.6,54.8,69.4,3.14,19.1772,80.501,5.8
Watermelon,Loamy,Normal,High,None,Moderate,Yes,0.547,24.1,26.2,85.6,51.7,6.76,88.4,18.9,52.5,65.5,4.59,35.6363,86.8398,12.3
Coconut,Sandy,Normal,High,Root Wilt,Low,No,0.334,40.5,26.3,94.7,135.6,5.81,32.4,13.3,32.5,51.4,3.12,34.2339,75.4329,3.4
Chickpea,Clayey,Normal,Low,None,Moderate,Yes,0.406,33.7,27.6,10.1,75.5,6.42,35.2,60.5,84.9,66.9,5.75,25.9444,82.8731,8.5
Orange,Sandy,Cool,Medium,Citrus Canker,Low,No,0.384,39.8,15.8,90.4,104.0,6.89,27.4,18.7,12.9,52.2,3.98,12.3611,93.2941,3.5
Apple,Clayey,Normal,High,None,Low,No,0.476,35.4,23.1,92.5,107.7,6.47,30.6,129.6,203.7,90.2,6.68,14.1385,84.5494,0.0
Kidneybeans,Silty,Normal,Low,None,Low,No,0.281,34.6,22.0,20.1,122.8,6.28,13.4,58.4,21.1,53.7,5.14,27.8423,87.5681,9.6
Mungbean,Clayey,Normal,High,None,High,Yes,0.209,10.0,28.5,89.8,39.2,6.27,15.9,52.5,18.2,55.0,2.38,28.8697,77.3748,3.6
Pomegranate,Loamy,Normal,High,Bacterial Blight,Low,No,0.33,35.9,20.6,90.1,114.9,6.66,0.1,9.9,37.3,49.1,2.75,31.2911,87.9238,15.3
Rice,Sandy,Rainy,High,Rice Blast,Low,No,0.866,73.2,33.5,81.6,270.8,5.83,103.5,50.2,37.5,60.1,3.25,36.077,92.525,0.0
Rice,Loamy,Rainy,High,Rice Blast,Low,No,0.717,50.4,29.7,83.6,162.1,5.03,101.7,46.9,38.1,50.9,2.64,20.3318,71.4032,3.1
Chickpea,Silty,Normal,High,None,Moderate,Yes,0.422,36.1,27.7,14.1,82.9,5.77,26.0,61.4,78.2,62.9,3.84,10.5935,73.5889,12.5
Apple,Sandy,Normal,High,Apple Scab,Low,No,0.356,29.8,21.8,93.0,107.0,6.37,15.8,136.7,195.0,88.7,4.39,9.6658,81.0694,7.9
Orange,Loamy,Normal,High,Citrus Canker,Low,No,0.319,26.1,31.2,92.4,108.1,7.43,33.5,22.2,5.5,44.5,2.31,33.5594,84.3973,0.0
Cotton,Sandy,Normal,Medium,Bacterial Blight,Moderate,Yes,0.463,20.0,23.8,78.0,66.9,5.55,102.0,55.6,16.7,57.5,3.0,12.2052,82.4579,17.4
Mungbean,Sandy,Normal,High,None,High,Yes,0.447,21.4,29.0,87.7,36.9,7.16,39.3,56.9,20.1,58.3,2.24,30.7506,91.4626,0.0
Lentil,Silty,Normal,High,None,Moderate,Yes,0.282,16.0,26.9,61.8,50.6,5.7,7.1,61.6,21.9,49.4,3.32,12.534,92.936,13.3
Pomegranate,Sandy,Normal,High,Bacterial Blight,Low,No,0.412,40.4,21.4,86.6,106.4,6.2,30.5,28.4,44.8,63.2,3.42,15.6045,91.0835,3.4
Chickpea,Loamy,Cool,Low,None,Moderate,Yes,0.439,37.0,15.8,12.5,84.4,8.13,45.7,70.3,78.0,46.5,4.17,9.7898,93.5067,0.0
Apple,Clayey,Normal,High,Apple Scab,Low,No,0.272,27.8,23.9,90.0,105.0,6.34,8.7,145.0,202.8,91.5,4.73,24.6876,93.1432,11.9
Cotton,Loamy,Normal,Medium,Bacterial Blight,Moderate,Yes,0.505,31.7,23.6,77.3,81.9,5.63,109.7,44.8,24.6,60.0,3.19,10.7464,85.1454,11.6
Mango,Silty,Normal,Medium,None,Moderate,Yes,0.216,34.2,29.9,47.0,95.5,6.75,5.0,31.1,25.6,50.1,4.32,8.5301,86.4807,16.6
Grapes,Clayey,Normal,High,Powdery Mildew,Moderate,Yes,0.242,27.6,32.9,82.5,74.1,6.2,20.1,130.7,195.3,84.8,3.71,24.7147,87.4875,1.2
Chickpea,Silty,Normal,Low,None,Moderate,Yes,0.355,32.5,24.3,10.6,66.7,8.42,43.1,76.4,75.9,45.9,3.58,27.4826,84.792,1.2
Coconut,Sandy,Rainy,High,Root Wilt,Low,No,0.351,39.5,28.0,95.2,153.5,5.73,7.9,17.7,26.4,47.1,2.87,18.1373,76.4228,9.3
Pomegranate,Sandy,Normal,High,Bacterial Blight,Low,No,0.304,29.1,23.1,93.2,106.3,6.53,5.4,7.7,42.2,60.3,3.61,31.9102,89.171,10.0
Coconut,Sandy,Rainy,High,Root Wilt,Low,No,0.388,37.7,29.5,98.3,150.2,6.14,21.6,7.3,30.1,47.4,2.74,24.4039,92.2797,0.6
Banana,Silty,Normal,High,Panama Wilt,Low,No,0.623,42.0,26.0,82.0,111.1,5.71,106.6,72.6,50.3,67.1,3.84,10.5732,76.0102,4.9
Pomegranate,Sandy,Cool,High,Bacterial Blight,Low,No,0.272,44.0,19.0,92.3,112.0,6.73,10.3,13.3,40.4,55.6,3.04,31.0075,69.6112,12.1
Kidneybeans,Silty,Normal,Low,None,Low,No,0.523,52.1,23.5,18.9,142.3,5.68,28.5,70.5,20.2,54.0,5.5,20.0438,79.883,3.1
Rice,Sandy,Rainy,High,Rice Blast,Low,No,0.621,55.5,26.8,83.5,153.7,7.36,107.7,56.7,36.8,59.8,3.43,9.7164,85.3733,2.8
Apple,Sandy,Normal,High,Apple Scab,Low,No,0.34,32.7,22.1,92.8,123.2,6.11,15.7,134.9,197.4,91.4,4.38,16.2499,80.9004,3.2
Mango,Loamy,Normal,Low,None,Moderate,Yes,0.432,33.0,27.0,53.1,90.9,5.26,34.1,33.9,29.3,40.3,3.16,32.027,75.4961,5.0
Maize,Clayey,Normal,High,None,Moderate,Yes,0.514,23.0,22.0,67.0,77.4,5.75,95.8,41.5,15.6,62.2,4.12,21.4575,96.3834,2.6
Coconut,Clayey,Rainy,High,Root Wilt,Low,No,0.516,56.5,29.5,98.9,197.3,6.03,39.6,16.4,30.1,57.0,3.69,22.0075,87.9278,2.5
Cotton,Loamy,Normal,Low,Bacterial Blight,Moderate,Yes,0.674,36.7,20.8,84.4,98.8,7.44,127.1,52.1,25.0,60.6,3.72,12.9157,82.4652,4.8
Rice,Sandy,Rainy,High,Rice Blast,Low,No,0.479,48.8,35.6,84.3,190.4,7.09,61.4,40.3,42.9,62.5,3.63,35.7239,82.6371,22.6
Orange,Loamy,Normal,High,Citrus Canker,Low,No,0.398,40.3,28.1,90.2,105.3,6.7,24.4,20.2,11.8,50.4,2.85,31.7353,93.3857,3.1
Papaya,Clayey,Normal,High,Phytophthora Blight,Moderate,Yes,0.346,28.7,39.8,94.9,72.6,6.86,52.8,59.3,51.5,61.3,3.23,11.1124,96.4426,0.4
Jute,Silty,Rainy,High,None,Low,No,0.569,56.0,27.7,74.0,180.6,7.4,71.3,57.7,44.2,54.4,4.21,25.9877,93.3926,10.0
Muskmelon,Sandy,Normal,High,None,High,Yes,0.55,11.1,27.1,94.4,24.4,6.03,119.5,18.8,50.9,68.0,3.13,34.4132,87.6626,0.6
Apple,Loamy,Normal,High,Apple Scab,Low,No,0.303,38.8,24.1,92.7,123.1,5.9,24.0,138.9,199.0,83.1,4.67,18.8314,83.5542,3.1
Mungbean,Clayey,Normal,High,None,High,Yes,0.306,22.0,29.9,84.4,35.8,6.59,1.7,40.6,15.5,54.2,2.09,20.7304,91.4358,12.7
Watermelon,Clayey,Normal,High,Anthracnose,High,Yes,0.522,28.3,24.9,87.8,45.0,6.94,100.6,25.7,51.2,70.1,2.41,11.4847,68.8801,0.0
Mango,Clayey,Normal,Medium,None,Low,No,0.342,40.9,26.0,45.3,101.8,4.91,33.4,29.4,28.5,34.5,3.22,30.1248,68.5906,3.4
Mothbeans,Sandy,Normal,Low,None,High,Yes,0.263,18.4,27.5,65.3,37.8,9.77,38.0,55.1,18.3,17.6,0.79,12.7059,82.3912,4.3
Papaya,Silty,Rainy,High,Papaya Ring Spot Virus,Low,No,0.542,54.0,26.3,92.6,150.2,6.58,44.3,48.6,46.5,66.4,3.55,33.196,79.1617,4.2
Chickpea,Sandy,Normal,Low,None,Moderate,Yes,0.418,37.4,26.1,18.0,81.0,5.93,36.4,57.6,77.5,66.4,5.32,35.4232,95.2397,6.5
Maize,Clayey,Normal,Low,Maize Rust,Moderate,Yes,0.59,36.3,20.5,72.1,99.2,6.92,81.0,36.0,22.0,62.7,3.45,14.94,95.0108,3.2
Mothbeans,Loamy,Normal,Low,None,High,Yes,0.329,12.3,27.5,46.0,35.0,5.34,39.8,39.4,16.0,48.5,2.54,10.1595,87.8512,3.6
Watermelon,Sandy,Normal,High,None,Moderate,Yes,0.541,18.1,28.6,89.2,57.4,6.17,81.4,9.1,45.5,67.1,4.18,21.3647,77.0317,19.0
Pomegranate,Loamy,Normal,High,Bacterial Blight,Low,No,0.284,31.8,23.3,89.1,100.2,6.88,20.3,27.5,43.9,51.5,3.32,21.5465,87.13,3.5
Mungbean,Loamy,Normal,High,None,High,Yes,0.314,16.3,27.3,87.9,46.8,6.48,18.8,41.7,23.1,63.7,2.25,26.0138,85.206,0.1
Kidneybeans,Sandy,Normal,Low,None,Low,No,0.395,33.1,22.3,19.9,120.2,6.17,4.4,71.8,23.3,60.9,6.06,10.2944,91.6317,15.9
Watermelon,Clayey,Normal,High,None,High,Yes,0.547,14.0,28.6,87.7,49.1,6.66,117.3,7.5,51.0,71.6,3.17,25.456,71.6413,3.7
Mango,Clayey,Normal,Low,None,Moderate,Yes,0.216,28.3,27.8,46.0,97.9,5.8,0.1,35.5,34.9,51.7,4.38,13.659,79.8679,15.1
Muskmelon,Sandy,Normal,High,None,High,Yes,0.436,10.0,26.1,91.4,26.0,6.19,86.4,23.0,47.9,62.2,2.23,15.2394,90.7802,13.2
Jute,Sandy,Rainy,High,None,Low,No,0.577,55.3,26.8,85.5,177.1,7.31,78.5,39.0,44.2,54.9,4.13,11.7051,84.5096,1.4
Blackgram,Loamy,Normal,High,Powdery Mildew,Moderate,Yes,0.465,13.4,33.3,67.2,60.3,7.26,51.9,57.9,24.1,58.2,3.07,15.165,83.614,0.9
Pomegranate,Loamy,Normal,High,Bacterial Blight,Low,No,0.449,41.7,21.4,94.7,107.7,5.91,23.7,15.7,40.3,55.6,3.55,25.3925,75.3687,2.9
Coffee,Silty,Rainy,High,None,Low,No,0.753,59.4,25.7,55.4,181.0,6.36,116.2,15.8,28.2,65.5,5.05,9.9175,70.206,0.9
Rice,Loamy,Rainy,High,Rice Blast,Low,No,0.766,66.8,24.2,84.3,211.5,5.57,96.9,50.9,44.5,64.5,3.68,8.9576,68.573,3.8
Lentil,Loamy,Normal,Medium,None,High,Yes,0.283,18.3,28.8,64.0,46.2,6.56,37.2,61.5,22.6,59.7,3.27,25.8672,96.6767,2.0
Jute,Clayey,Rainy,High,None,Low,No,0.765,51.6,26.4,76.5,197.5,6.09,96.6,43.5,39.9,64.1,4.86,8.0482,87.0964,2.0
Mothbeans,Sandy,Normal,High,None,High,Yes,0.226,17.7,29.5,30.6,31.1,5.62,4.1,39.7,21.5,47.7,2.11,30.1479,90.459,16.4
Cotton,Loamy,Normal,Low,Bacterial Blight,Moderate,Yes,0.753,29.6,21.0,81.3,95.2,7.36,133.6,48.4,20.7,61.6,3.7,32.3526,70.6014,0.0
Coconut,Silty,Normal,High,Root Wilt,Low,No,0.358,45.8,27.3,95.4,140.8,5.71,28.2,12.1,28.2,46.6,2.88,30.1597,93.5951,0.3
Watermelon,Loamy,Normal,High,Anthracnose,High,Yes,0.493,17.4,24.7,84.0,49.6,6.59,119.9,6.4,50.0,71.1,1.77,21.9607,95.6524,0.0
Papaya,Silty,Rainy,High,Papaya Ring Spot Virus,Low,No,0.613,59.0,31.4,93.8,205.0,6.54,56.2,52.8,53.8,67.7,4.14,31.1327,70.1362,1.5
Mango,Loamy,Normal,Low,None,Moderate,Yes,0.241,39.8,28.8,49.8,98.2,5.6,14.9,31.6,29.2,44.5,3.86,19.0397,93.9891,2.7
Mango,Silty,Hot & Dry,High,Powdery Mildew,Moderate,Yes,0.386,29.9,34.1,46.4,93.5,5.26,8.3,15.5,31.4,40.4,1.87,22.9731,85.8474,11.4
Rice,Silty,Rainy,High,Rice Blast,Low,No,0.455,37.3,36.1,80.6,151.8,7.05,63.1,46.7,36.7,61.3,3.36,24.4027,93.3825,22.9
Mungbean,Clayey,Normal,High,None,High,Yes,0.338,18.6,27.2,81.0,47.1,6.55,22.1,42.6,15.0,54.9,2.42,22.7248,85.7607,0.0
Mothbeans,Loamy,Normal,Low,None,High,Yes,0.257,10.0,29.5,58.2,40.4,5.38,30.0,59.8,18.8,44.6,2.56,11.7231,84.5321,2.5
Jute,Loamy,Rainy,Low,Stem Rot,Low,No,0.656,52.8,20.8,87.1,163.0,7.15,73.9,36.3,38.7,60.6,4.42,34.3886,88.6391,5.1
Jute,Loamy,Rainy,Medium,Anthracnose,Low,No,0.644,42.9,23.7,71.7,164.4,6.99,93.2,52.6,37.3,64.8,4.58,15.7227,70.6146,0.0
Pomegranate,Loamy,Normal,High,Bacterial Blight,Low,No,0.361,41.8,21.9,87.6,108.9,5.99,29.2,15.1,43.2,57.0,3.3,12.2911,86.5982,1.3
Blackgram,Loamy,Normal,High,None,Moderate,Yes,0.397,24.6,34.7,69.0,72.6,6.57,36.2,65.9,24.3,68.0,4.32,13.1485,84.0647,2.7
Blackgram,Loamy,Normal,Medium,None,Moderate,Yes,0.258,29.8,28.8,65.6,64.8,7.39,27.2,63.3,22.2,47.1,3.72,10.7218,82.9404,14.8
Mothbeans,Loamy,Normal,Medium,None,Moderate,Yes,0.33,26.6,27.0,43.6,66.7,7.06,6.6,38.8,22.7,51.6,3.86,34.4876,83.8581,9.7
Banana,Loamy,Normal,High,Panama Wilt,Low,No,0.468,34.1,28.0,82.4,105.0,6.3,85.8,90.5,49.7,76.2,4.38,34.57,93.6331,13.0
Pigeonpeas,Loamy,Cool,High,None,Low,No,0.49,42.3,18.1,60.7,136.1,7.17,23.8,57.0,19.7,55.0,4.44,34.6403,80.792,0.0
Chickpea,Silty,Cool,Low,None,Moderate,Yes,0.468,26.8,17.8,10.6,78.4,6.11,59.2,65.3,75.7,67.5,5.75,25.1988,91.8253,0.7
Lentil,Clayey,Normal,Low,None,High,Yes,0.224,13.4,24.1,69.6,39.2,6.56,7.1,57.5,16.7,55.3,3.2,24.7049,73.1813,14.5
Muskmelon,Loamy,Normal,High,Downy Mildew,High,Yes,0.464,16.9,26.6,94.0,22.4,6.05,116.5,15.0,54.0,68.3,1.79,8.9708,69.0604,0.3
Maize,Sandy,Normal,Medium,None,Low,No,0.482,33.3,23.8,66.9,107.7,6.2,71.8,44.3,22.0,64.4,6.69,21.7256,82.749,7.9
Chickpea,Clayey,Cool,Low,None,Moderate,Yes,0.365,33.3,17.3,11.7,83.1,6.41,25.8,57.8,84.6,73.2,5.89,18.0204,87.0315,15.9
Muskmelon,Loamy,Normal,High,None,High,Yes,0.464,19.7,25.7,90.7,21.5,6.35,110.8,6.7,48.6,69.8,3.25,8.7999,70.5334,0.0
Maize,Clayey,Normal,High,None,Moderate,Yes,0.533,37.1,22.1,56.4,89.5,5.77,82.0,54.5,23.2,60.1,3.62,22.8095,80.5474,0.0
Pomegranate,Clayey,Normal,High,None,Low,No,0.336,35.8,20.8,87.5,105.8,6.61,1.3,8.5,38.2,58.4,4.78,25.7018,95.4772,18.5
Chickpea,Clayey,Cool,Low,None,Moderate,Yes,0.401,22.8,19.9,17.7,72.4,6.79,33.4,72.1,80.0,70.0,5.58,22.7613,77.2747,4.6
Pigeonpeas,Clayey,Normal,Low,None,Low,No,0.277,30.3,23.8,69.6,100.3,6.22,7.8,69.0,20.2,57.4,6.09,16.924,96.92,11.2
Coconut,Loamy,Rainy,High,Root Wilt,Low,No,0.539,55.9,29.0,99.0,220.1,6.35,18.7,16.2,32.7,57.8,3.56,30.4304,86.6885,5.1
Coffee,Clayey,Rainy,Low,None,Low,No,0.704,62.1,24.6,54.3,178.9,7.37,103.6,36.6,30.4,59.9,6.22,17.693,96.2383,4.6
Banana,Silty,Normal,High,None,Moderate,Yes,0.612,23.7,27.3,82.4,92.2,5.94,115.2,80.7,53.5,72.6,4.61,26.6124,85.5805,1.4
Pigeonpeas,Loamy,Rainy,High,Fusarium Wilt,Low,No,0.459,44.6,34.5,60.4,187.5,5.55,11.6,55.7,21.6,43.9,2.57,33.3504,96.2975,6.2
Orange,Sandy,Normal,High,Citrus Canker,Low,No,0.476,32.6,29.3,93.2,113.0,6.42,34.6,13.2,5.7,57.8,3.05,33.6366,94.4917,1.0
Coffee,Clayey,Normal,Low,None,Low,No,0.596,48.3,23.0,53.6,124.5,6.2,116.5,20.9,27.9,69.6,7.06,13.4088,90.6912,0.1
Papaya,Clayey,Rainy,High,Papaya Ring Spot Virus,Low,No,0.467,55.1,29.0,91.5,210.8,6.64,41.5,51.1,45.1,69.9,3.74,13.1093,90.4231,6.1
Muskmelon,Clayey,Normal,High,None,High,Yes,0.567,21.1,29.6,94.0,22.4,6.13,97.9,22.1,47.7,69.8,2.61,27.6802,84.5669,1.8
Papaya,Sandy,Rainy,High,Papaya Ring Spot Virus,Low,No,0.482,53.8,31.4,92.9,165.0,6.68,41.5,39.1,52.9,68.0,4.26,8.0897,91.2178,9.5
Muskmelon,Sandy,Normal,High,None,High,Yes,0.383,10.0,28.8,93.2,22.1,6.2,83.7,15.5,47.2,67.5,2.86,32.4722,79.5792,15.9
Coffee,Clayey,Rainy,High,None,Low,No,0.629,59.5,20.1,63.3,168.2,6.74,106.6,23.3,32.0,62.6,5.03,32.7118,72.0826,3.1
Pomegranate,Clayey,Normal,High,Bacterial Blight,Low,No,0.305,38.5,23.6,92.7,109.4,5.96,28.3,25.9,43.2,56.4,3.08,26.4767,74.4638,4.5
Mango,Clayey,Normal,High,None,Moderate,Yes,0.269,33.5,28.0,48.3,90.4,5.65,18.9,35.3,27.7,44.9,2.63,23.7942,78.8137,5.7
Cotton,Silty,Normal,Medium,Bacterial Blight,Moderate,Yes,0.636,26.9,21.9,78.2,96.0,5.51,117.5,44.4,15.9,59.1,3.1,18.764,76.0823,5.3
Rice,Silty,Rainy,High,Rice Blast,Low,No,0.513,71.0,28.5,83.9,228.8,6.44,63.6,53.3,41.7,67.8,3.62,24.6216,89.2712,23.3
Blackgram,Sandy,Normal,High,Powdery Mildew,Moderate,Yes,0.294,20.9,34.0,64.5,66.9,7.0,32.4,74.4,20.0,54.3,2.28,26.4821,85.8117,5.7
Apple,Loamy,Normal,High,Apple Scab,Low,No,0.24,33.7,23.6,94.7,117.5,6.34,5.6,135.0,203.0,86.6,4.51,14.6812,92.9968,12.1
Cotton,Sandy,Normal,Medium,Bacterial Blight,Moderate,Yes,0.638,27.0,20.9,80.7,75.6,6.51,125.6,53.4,21.9,78.0,4.09,8.5029,95.9305,3.5
Apple,Loamy,Normal,High,Apple Scab,Low,No,0.359,46.6,21.8,91.0,104.1,6.12,14.5,139.1,200.8,89.2,4.46,22.5217,92.4007,5.3
Mango,Silty,Normal,High,Powdery Mildew,Moderate,Yes,0.374,36.7,33.4,50.9,95.4,4.99,36.8,29.5,25.8,35.4,1.94,34.2177,75.2806,0.0
Rice,Sandy,Rainy,Low,Rice Blast,Low,No,0.634,81.8,22.4,82.4,282.3,5.57,68.5,42.0,36.3,57.4,4.27,24.2295,91.9797,17.4
Mango,Loamy,Hot & Dry,Medium,Powdery Mildew,Moderate,Yes,0.259,18.9,32.0,46.4,91.5,4.94,1.4,15.6,27.4,31.3,2.02,35.823,91.9068,17.5
Watermelon,Silty,Normal,High,None,High,Yes,0.402,29.3,21.5,81.1,41.0,6.1,85.2,17.7,51.4,63.7,2.73,19.3854,71.9552,11.0
Maize,Clayey,Cool,Medium,Stalk Rot,Moderate,Yes,0.428,21.3,19.3,65.8,68.2,5.99,84.9,58.8,15.3,65.3,4.11,11.7486,84.3567,3.4
Coconut,Loamy,Rainy,High,Root Wilt,Low,No,0.394,49.8,25.2,94.5,195.7,6.03,19.7,15.1,25.0,47.0,2.55,24.9124,78.1456,0.7
Lentil,Clayey,Normal,Medium,None,High,Yes,0.274,19.8,22.4,68.9,37.2,7.41,1.6,55.2,22.4,48.3,2.51,35.5746,76.23,14.8
Orange,Loamy,Cool,High,Citrus Canker,Low,No,0.305,43.3,19.7,93.8,112.7,7.09,26.5,28.0,11.2,51.6,2.8,19.0769,87.4432,0.0
Watermelon,Clayey,Normal,High,None,Moderate,Yes,0.556,26.3,25.1,81.4,50.1,6.97,97.2,21.7,52.4,63.6,4.28,22.6831,77.242,3.0
Mothbeans,Sandy,Hot & Dry,Low,None,High,Yes,0.285,10.0,30.3,41.9,43.2,6.82,37.5,45.7,18.4,56.6,2.96,30.405,71.4852,0.0
Kidneybeans,Sandy,Normal,Low,None,Moderate,Yes,0.344,38.3,21.6,23.0,77.1,5.53,26.8,74.2,19.7,49.6,4.42,34.3568,70.7089,4.5
Mothbeans,Sandy,Hot & Dry,High,None,High,Yes,0.31,14.2,30.5,43.3,37.2,7.35,10.0,38.9,15.1,49.2,2.42,32.7197,80.651,10.7
Blackgram,Sandy,Normal,High,Leaf Crinkle,Moderate,Yes,0.339,34.6,28.1,68.9,73.3,6.86,35.2,66.7,25.0,61.8,3.01,34.962,68.7444,3.4
Mothbeans,Silty,Normal,High,None,High,Yes,0.261,23.3,26.7,60.8,44.5,8.78,29.7,53.4,19.0,30.0,0.91,12.8542,71.2621,0.0
Coconut,Loamy,Normal,High,Root Wilt,Low,No,0.452,50.8,26.2,93.8,141.7,6.3,38.5,10.3,25.2,53.1,3.32,26.1654,85.9905,3.6
Orange,Sandy,Normal,High,Citrus Canker,Low,No,0.327,26.9,21.5,93.3,100.3,6.53,35.8,11.9,6.0,56.8,3.39,27.9546,93.036,0.0
Orange,Loamy,Cool,High,Citrus Canker,Low,No,0.486,33.2,19.3,91.0,116.5,6.89,25.4,25.7,5.9,53.1,3.29,12.1417,75.876,5.0
Cotton,Sandy,Normal,High,Bacterial Blight,Moderate,Yes,0.499,24.3,22.2,75.7,67.9,6.36,107.8,54.9,19.7,75.0,3.3,25.2354,70.1867,14.3
Papaya,Silty,Rainy,High,None,Low,No,0.477,55.7,28.8,92.0,197.3,6.63,32.4,48.7,48.4,60.4,4.67,14.0882,74.7398,13.6
Maize,Clayey,Normal,Medium,Maize Rust,Moderate,Yes,0.608,27.0,23.6,72.9,66.3,5.65,88.8,44.2,24.2,52.6,3.1,8.8149,77.725,0.0
Blackgram,Silty,Normal,High,None,Moderate,Yes,0.515,26.1,26.3,64.6,62.6,6.99,57.8,66.9,15.2,62.8,4.25,31.7797,89.0599,1.8
Muskmelon,Clayey,Normal,High,None,High,Yes,0.601,12.3,25.0,94.3,27.4,6.1,100.3,8.9,48.9,61.9,2.43,25.9131,82.2209,1.8
Mungbean,Clayey,Normal,High,None,High,Yes,0.296,13.6,27.6,81.5,49.2,6.51,38.4,54.5,20.9,68.8,3.02,27.205,70.3045,0.0
Chickpea,Loamy,Normal,Low,None,Moderate,Yes,0.39,19.2,22.3,17.8,68.8,6.95,41.8,79.5,75.4,70.5,5.7,33.7645,85.4034,0.3
Maize,Silty,Normal,Low,None,Moderate,Yes,0.626,20.8,25.6,57.0,71.1,6.62,96.7,40.5,20.5,63.3,5.16,24.3373,79.6172,0.0
Mothbeans,Silty,Normal,High,None,Moderate,Yes,0.342,26.8,30.3,50.1,57.2,9.51,16.1,55.6,19.5,21.3,1.06,24.7876,69.3893,2.7
Coconut,Silty,Rainy,High,Root Wilt,Low,No,0.449,68.4,28.2,97.3,207.5,6.0,30.5,16.1,32.3,47.8,3.08,34.449,85.0021,0.0
Cotton,Silty,Normal,High,Bacterial Blight,Moderate,Yes,0.722,42.4,22.4,77.1,99.4,6.83,127.7,51.5,15.6,70.3,3.11,30.2966,71.0889,4.5
Lentil,Sandy,Normal,Low,None,High,Yes,0.188,22.1,25.5,64.3,41.9,5.56,8.8,57.5,24.0,43.4,2.03,30.0554,95.8464,11.8
Mothbeans,Sandy,Hot & Dry,Low,None,High,Yes,0.246,18.2,31.4,49.2,41.9,5.92,29.8,45.7,21.7,50.7,2.3,30.6539,77.6903,2.3
Kidneybeans,Clayey,Normal,Low,Anthracnose,Moderate,Yes,0.302,38.2,21.5,20.3,99.6,5.75,20.3,62.4,19.1,52.6,2.74,13.1778,81.6193,2.3
Pomegranate,Clayey,Cool,Low,Bacterial Blight,Low,No,0.245,38.1,18.6,93.3,100.3,6.75,7.2,8.2,40.2,56.6,3.76,22.1098,70.4479,10.9
Muskmelon,Loamy,Normal,High,None,High,Yes,0.611,18.3,29.7,93.9,23.6,6.03,119.1,10.2,45.3,62.8,2.88,19.348,86.965,2.6
Coconut,Loamy,Normal,High,Root Wilt,Low,No,0.364,36.0,29.6,90.1,143.4,6.46,5.0,17.8,27.7,52.5,2.85,9.1272,82.7323,16.4
Pigeonpeas,Clayey,Normal,Medium,None,Low,No,0.353,32.0,26.9,45.7,117.4,4.92,31.4,70.0,21.1,38.9,3.74,33.5403,86.3271,0.0
Pomegranate,Loamy,Normal,High,Bacterial Blight,Low,No,0.391,29.4,24.4,92.7,107.0,6.62,0.5,13.3,36.0,50.2,3.12,25.0626,94.9645,15.5
Watermelon,Clayey,Normal,High,None,High,Yes,0.477,22.1,25.5,86.3,43.7,6.84,83.5,26.9,49.0,68.6,2.82,15.7094,86.2364,16.8
Lentil,Loamy,Normal,Medium,None,High,Yes,0.212,17.2,26.0,64.6,39.2,7.3,21.3,60.0,23.9,48.7,2.36,22.6615,96.3482,4.7
Muskmelon,Sandy,Normal,High,None,High,Yes,0.492,11.2,25.7,93.7,21.5,6.09,90.1,7.6,53.6,60.3,2.81,26.7113,81.8931,9.9
Chickpea,Sandy,Normal,Low,None,Moderate,Yes,0.527,35.1,21.9,17.3,65.7,7.71,58.9,65.6,84.9,57.2,4.57,25.8228,71.4819,0.0
Pigeonpeas,Sandy,Hot & Dry,Low,Fusarium Wilt,Low,No,0.396,35.3,33.4,36.8,147.9,6.36,22.4,59.6,17.7,57.0,4.27,12.346,74.4607,2.5
Papaya,Clayey,Rainy,High,Papaya Ring Spot Virus,Low,No,0.505,47.1,34.2,92.5,159.3,6.58,46.8,48.4,51.9,66.1,3.69,18.8238,82.6979,4.8
Pomegranate,Loamy,Normal,High,Bacterial Blight,Low,No,0.364,35.0,23.4,93.6,110.1,6.39,10.4,8.8,40.2,55.3,2.86,30.017,91.7261,9.8
Coconut,Clayey,Rainy,High,Root Wilt,Low,No,0.484,45.3,28.4,98.4,152.7,5.63,34.2,13.0,28.7,46.2,2.51,28.374,79.0706,3.9
Banana,Silty,Normal,High,Panama Wilt,Low,No,0.528,35.8,25.7,85.0,104.5,5.83,102.8,76.3,48.6,67.2,3.8,14.2302,94.3124,4.4
Coconut,Sandy,Rainy,High,Root Wilt,Low,No,0.406,38.6,28.7,99.3,156.7,6.37,23.4,22.2,27.2,60.9,3.67,19.9052,70.9533,4.5
Pigeonpeas,Loamy,Hot & Dry,High,Fusarium Wilt,Low,No,0.317,37.6,37.4,43.2,119.5,4.51,32.4,67.1,17.0,36.8,2.34,31.9407,89.4179,4.2
Grapes,Loamy,Normal,High,Anthracnose,Moderate,Yes,0.38,19.2,24.3,80.5,73.7,6.15,17.3,125.7,198.0,83.9,3.53,23.489,79.6294,6.5
Orange,Clayey,Normal,High,Citrus Canker,Low,No,0.28,38.5,21.4,94.2,116.4,6.44,8.6,20.0,10.9,58.6,3.15,10.0217,91.421,8.6
Orange,Clayey,Cool,Medium,Citrus Canker,Low,No,0.384,41.5,18.5,90.7,117.3,6.7,20.2,25.4,12.3,58.7,4.16,25.2803,82.4103,3.0
Coconut,Sandy,Rainy,High,Root Wilt,Low,No,0.531,70.3,25.7,99.4,208.2,5.59,19.7,13.4,28.4,43.8,2.71,24.4953,94.7465,4.2
Grapes,Silty,Normal,High,None,Moderate,Yes,0.382,22.1,26.7,83.3,71.1,5.81,8.7,143.4,198.1,81.1,5.33,27.5329,86.7707,11.0
Maize,Silty,Normal,High,None,Moderate,Yes,0.365,24.9,27.1,69.2,60.5,5.67,71.0,50.8,22.0,56.5,3.77,8.5025,93.8333,10.7
Muskmelon,Loamy,Normal,High,None,High,Yes,0.444,22.4,29.4,94.1,29.7,6.19,83.9,17.3,50.9,68.2,3.04,28.7991,73.5303,12.8
Blackgram,Silty,Normal,High,Powdery Mildew,Moderate,Yes,0.322,20.5,32.9,63.3,74.8,6.78,48.2,74.4,16.9,61.4,2.5,35.5044,83.4585,1.4
Kidneybeans,Clayey,Normal,Low,None,Moderate,Yes,0.407,41.3,22.6,20.8,92.4,6.37,16.6,55.7,19.5,59.4,5.0,11.04,93.5082,5.1
Mothbeans,Loamy,Normal,Medium,None,Moderate,Yes,0.286,29.5,25.2,61.8,72.6,6.44,30.3,42.4,23.4,59.0,5.07,9.3429,83.255,0.0
Pomegranate,Sandy,Normal,High,Bacterial Blight,Low,No,0.407,33.8,21.4,86.9,102.3,5.53,22.9,21.1,41.6,47.1,2.45,8.3054,69.3462,4.7
Cotton,Sandy,Normal,High,Bacterial Blight,Moderate,Yes,0.639,40.3,21.7,79.3,95.4,5.5,131.7,41.7,17.2,62.4,2.63,14.1474,80.681,0.9
Coconut,Sandy,Rainy,High,Root Wilt,Low,No,0.465,53.5,27.9,94.3,150.8,6.19,10.0,24.4,29.4,49.8,2.55,31.2258,86.1616,12.6
Orange,Sandy,Cool,Low,Citrus Canker,Low,No,0.385,46.1,12.8,92.6,112.1,6.65,14.3,11.7,12.4,47.8,3.34,16.91,72.0284,5.5
Mungbean,Sandy,Normal,High,None,Moderate,Yes,0.341,13.0,29.1,82.9,51.4,6.01,1.3,39.9,18.4,50.5,3.28,19.9192,88.5866,16.4
Coffee,Loamy,Normal,Medium,None,Low,No,0.601,44.4,27.9,61.6,130.2,6.6,81.6,22.7,29.7,68.7,6.96,9.4783,71.5886,12.9
Orange,Sandy,Normal,High,Citrus Canker,Low,No,0.259,45.6,22.0,91.6,102.7,6.74,1.2,8.9,11.5,52.7,3.37,10.1263,70.3273,13.9
Kidneybeans,Loamy,Cool,Low,Angular Leaf Spot,Moderate,Yes,0.389,26.9,17.5,24.7,80.8,5.94,22.2,58.2,15.8,58.0,3.43,25.6299,95.8298,4.5
Orange,Sandy,Cool,Low,Citrus Canker,Low,No,0.355,47.4,18.9,91.1,108.9,6.38,25.5,29.0,7.5,53.1,3.46,13.0796,79.2485,0.4
Mothbeans,Clayey,Normal,High,Root Rot,Moderate,Yes,0.361,14.9,30.7,58.2,64.6,6.05,29.8,50.6,25.0,56.9,2.86,13.6057,81.6132,0.0
Kidneybeans,Silty,Cool,Low,None,Moderate,Yes,0.272,33.3,15.7,24.7,67.7,5.84,2.9,60.1,24.2,46.9,4.0,15.5042,88.513,14.5
Papaya,Clayey,Rainy,High,Papaya Ring Spot Virus,Low,No,0.419,43.5,38.5,90.6,194.6,6.88,33.9,38.7,52.7,59.4,3.73,15.4128,86.6946,12.8
Coffee,Loamy,Normal,Medium,None,Low,No,0.6,39.6,25.6,65.3,117.4,7.33,105.1,36.3,34.6,60.1,6.48,31.4356,78.5387,0.9
Watermelon,Loamy,Normal,High,None,High,Yes,0.464,13.2,27.7,85.4,42.2,6.85,103.4,12.8,51.1,64.9,2.99,25.3893,69.4494,0.0
Muskmelon,Clayey,Normal,High,None,High,Yes,0.436,15.4,26.2,90.8,21.8,6.5,99.7,5.5,50.6,74.1,2.95,12.3557,75.807,4.0
Pomegranate,Loamy,Cool,High,Bacterial Blight,Low,No,0.392,29.7,18.8,87.4,102.4,6.82,35.0,16.4,42.0,56.6,3.19,11.1699,96.8182,2.9
Blackgram,Silty,Normal,High,None,Moderate,Yes,0.433,22.5,29.8,69.0,68.7,7.33,25.2,60.4,15.1,54.1,3.78,18.8329,86.4633,16.3
Watermelon,Clayey,Normal,High,Anthracnose,High,Yes,0.469,22.9,22.1,87.5,44.2,6.12,106.6,28.9,49.3,64.4,1.69,16.6932,82.2745,2.7
Maize,Sandy,Normal,Medium,None,Low,No,0.599,26.8,29.0,63.6,101.6,5.67,92.9,36.0,18.5,56.9,5.93,31.006,69.0266,2.4
Cotton,Clayey,Normal,High,Bacterial Blight,Moderate,Yes,0.654,43.5,21.3,81.8,99.1,6.74,133.9,50.0,22.8,72.3,3.26,9.6995,80.056,2.8
Coconut,Sandy,Rainy,High,Root Wilt,Low,No,0.338,50.8,27.4,95.8,155.6,5.59,17.7,8.2,34.3,44.8,2.28,27.8474,80.4315,1.9
Grapes,Clayey,Normal,High,None,Moderate,Yes,0.353,33.2,28.0,80.9,73.9,5.51,30.4,136.5,202.5,84.4,4.86,16.5769,74.747,3.4
Coffee,Sandy,Rainy,Medium,None,Low,No,0.671,63.0,28.3,56.0,182.7,6.81,85.9,37.5,30.3,61.1,6.28,24.0666,82.8667,10.7
Apple,Loamy,Normal,High,Apple Scab,Low,No,0.361,37.3,23.0,92.2,104.2,5.59,6.2,122.6,195.3,79.3,4.43,17.49,85.3418,15.0
Mango,Loamy,Normal,High,Powdery Mildew,Moderate,Yes,0.388,18.9,33.8,52.4,90.9,4.92,8.1,23.7,27.1,37.0,1.83,21.4092,84.4828,12.5
Mothbeans,Clayey,Normal,Medium,None,High,Yes,0.35,20.0,26.2,39.8,48.6,5.49,6.8,58.8,17.5,48.3,2.61,19.9596,88.787,11.0
Watermelon,Silty,Normal,High,Anthracnose,Moderate,Yes,0.653,18.6,21.2,84.9,52.5,6.58,118.7,10.7,49.0,71.0,3.41,21.5558,68.1142,1.1
Cotton,Silty,Normal,Low,Bacterial Blight,Moderate,Yes,0.53,20.2,21.0,78.7,75.2,6.52,110.6,37.4,15.0,65.8,4.18,12.3664,94.1751,8.6
Muskmelon,Clayey,Normal,High,None,High,Yes,0.537,10.0,25.7,91.0,21.0,6.3,84.4,28.5,47.2,71.4,2.61,18.2532,74.2762,17.1
Mungbean,Clayey,Normal,High,None,High,Yes,0.233,10.3,28.5,86.3,41.1,7.17,5.8,49.6,15.9,52.0,2.1,9.089,70.9459,10.1
Pigeonpeas,Sandy,Normal,High,Fusarium Wilt,Low,No,0.506,48.6,32.2,69.6,140.2,7.44,27.3,75.6,15.8,51.8,2.71,26.3553,80.9727,2.4
Papaya,Sandy,Rainy,High,Papaya Ring Spot Virus,Low,No,0.489,56.5,27.5,91.9,203.6,6.91,58.3,52.1,49.7,62.9,3.82,8.7142,79.0009,5.0
Apple,Sandy,Normal,High,Apple Scab,Low,No,0.399,44.6,22.0,92.1,102.8,5.78,12.2,126.1,197.4,79.6,4.53,18.2836,75.1435,10.0
Watermelon,Clayey,Normal,High,Anthracnose,Moderate,Yes,0.575,17.9,23.7,83.9,59.8,6.85,92.6,23.0,53.6,66.3,3.4,24.9478,93.1424,8.8
Rice,Clayey,Rainy,High,Rice Blast,Low,No,0.698,74.0,34.4,83.2,286.6,6.49,85.0,59.5,37.3,75.7,4.34,9.3114,79.3401,2.6
Chickpea,Loamy,Normal,High,None,Moderate,Yes,0.438,34.3,25.6,17.7,70.5,7.7,32.8,76.5,82.9,61.3,4.24,9.9617,89.3927,8.1
Chickpea,Clayey,Normal,Low,None,Moderate,Yes,0.378,36.5,23.0,16.9,88.7,8.39,23.8,57.7,76.1,38.3,3.38,25.4654,95.9671,14.7
Mango,Clayey,Normal,Medium,Powdery Mildew,Low,No,0.418,32.1,32.5,53.4,102.7,5.96,28.4,28.7,34.8,54.0,3.73,17.639,90.9588,4.4
Jute,Sandy,Rainy,High,Stem Rot,Low,No,0.598,53.0,24.8,84.4,167.3,6.36,63.8,54.8,43.3,67.7,4.2,29.3184,88.8825,13.4
Mungbean,Sandy,Normal,High,Cercospora Leaf Spot,High,Yes,0.247,10.0,27.9,81.4,38.6,7.07,19.8,51.1,23.8,49.3,1.15,26.7436,70.5459,3.4
Mango,Clayey,Normal,High,Powdery Mildew,Moderate,Yes,0.346,27.8,32.4,51.3,99.0,5.68,16.8,20.5,26.0,44.0,2.36,31.2511,73.4549,5.3
Apple,Silty,Normal,High,Apple Scab,Low,No,0.41,44.1,22.7,91.2,101.0,6.27,33.0,124.1,196.9,91.4,4.21,35.8478,93.4557,0.0
Coffee,Clayey,Normal,High,None,Low,No,0.591,33.5,27.2,52.4,125.6,6.56,88.5,25.8,32.1,68.4,5.82,25.3971,70.7612,11.4
Chickpea,Loamy,Normal,Low,Botrytis Gray Mold,Moderate,Yes,0.412,16.0,27.2,12.4,68.2,5.6,38.1,63.0,81.7,57.2,3.17,26.2442,89.1698,4.7
Kidneybeans,Sandy,Cool,Low,None,Low,No,0.394,53.7,17.2,22.6,146.3,6.14,34.2,61.3,17.6,54.7,5.32,18.478,76.943,0.7
Mungbean,Clayey,Normal,High,None,High,Yes,0.367,17.2,28.4,84.4,38.0,7.01,22.5,46.0,23.1,57.5,2.51,24.7288,76.5899,0.0
Pigeonpeas,Silty,Rainy,Low,None,Low,No,0.408,51.5,20.5,68.4,182.5,7.1,19.2,79.0,18.1,56.5,5.4,15.5966,76.8191,2.4
Mango,Silty,Normal,Medium,None,Low,No,0.287,23.3,29.7,49.5,100.2,5.66,16.5,38.9,28.6,50.9,4.95,20.872,79.0134,7.1
Coffee,Loamy,Rainy,Medium,None,Low,No,0.64,66.9,20.6,56.3,179.9,7.21,101.1,26.3,33.6,55.7,5.7,28.9241,80.7509,0.0
Banana,Silty,Normal,High,None,Low,No,0.624,30.2,27.4,75.9,117.3,6.09,82.1,72.8,46.6,71.4,5.52,12.121,96.7498,14.1
Pigeonpeas,Loamy,Normal,Medium,None,Moderate,Yes,0.421,28.3,21.8,35.8,93.4,6.69,24.9,56.4,19.4,55.0,4.28,12.2716,92.7413,2.5
Lentil,Sandy,Normal,Medium,None,Moderate,Yes,0.31,23.7,22.1,62.0,52.4,7.16,10.8,61.4,15.6,47.1,3.89,9.3171,81.5784,6.6
Banana,Clayey,Normal,High,Panama Wilt,Low,No,0.637,39.5,26.3,81.2,107.1,5.55,110.6,90.4,51.5,71.0,3.75,13.9807,87.3089,1.6
Mothbeans,Sandy,Normal,Medium,None,Moderate,Yes,0.414,25.1,24.4,50.2,74.3,8.13,31.0,40.4,16.5,36.7,2.68,22.9202,81.2744,1.1
Jute,Silty,Rainy,High,Stem Rot,Low,No,0.535,51.0,27.8,89.4,192.0,6.73,63.5,36.6,41.6,67.4,3.63,27.8324,96.2417,17.0
Blackgram,Silty,Normal,High,Powdery Mildew,Moderate,Yes,0.334,25.3,34.6,69.9,73.3,7.38,40.5,59.1,23.6,48.6,2.24,9.2558,74.4557,3.0
Banana,Loamy,Normal,Medium,None,Low,No,0.637,33.0,25.0,77.0,101.3,5.69,98.0,73.2,54.7,65.1,6.9,11.962,89.7313,5.7
Banana,Sandy,Normal,High,None,Low,No,0.644,31.4,26.2,76.4,119.8,5.6,81.8,83.2,45.2,64.2,4.92,11.1829,84.6446,17.6
Pomegranate,Silty,Cool,Low,Bacterial Blight,Low,No,0.433,43.4,19.6,85.8,109.0,5.66,29.4,16.9,36.9,51.0,3.42,32.5858,96.8402,3.6
Chickpea,Loamy,Normal,Low,None,Moderate,Yes,0.419,36.8,27.4,12.7,89.0,6.86,53.8,71.6,76.0,69.7,5.96,27.7334,75.0335,0.0
Mothbeans,Sandy,Hot & Dry,High,None,High,Yes,0.256,11.7,31.9,44.6,33.9,6.63,0.4,58.1,21.3,61.9,2.24,19.7727,85.7829,16.2
Jute,Clayey,Rainy,High,None,Low,No,0.619,60.2,29.0,74.7,171.6,7.42,66.0,35.7,35.9,49.5,4.05,25.2652,90.5057,12.3
Coffee,Sandy,Rainy,High,None,Low,No,0.768,57.3,22.0,64.1,188.4,7.33,117.4,37.5,32.7,61.3,4.88,33.6788,88.3075,2.6
Mango,Clayey,Hot & Dry,High,Powdery Mildew,Low,No,0.297,37.7,30.4,49.7,104.2,6.67,19.0,36.9,27.3,60.5,3.87,25.7973,94.8591,0.0
Coconut,Silty,Rainy,High,Root Wilt,Low,No,0.414,70.1,29.9,99.7,213.4,5.92,28.6,23.3,33.7,52.3,2.99,13.0735,78.9374,2.2
Muskmelon,Loamy,Normal,High,None,High,Yes,0.551,11.4,27.6,90.4,29.6,6.09,106.4,10.0,47.8,62.5,2.79,34.0324,74.5352,1.7
Rice,Clayey,Rainy,High,Rice Blast,Low,No,0.541,56.0,22.7,81.3,210.5,7.33,66.0,37.4,43.0,57.2,3.18,24.7005,88.3647,22.8
Pomegranate,Loamy,Cool,Medium,Bacterial Blight,Low,No,0.33,41.4,19.1,85.7,103.1,5.73,1.9,10.0,43.0,49.3,3.79,23.4178,91.6591,19.4
Banana,Loamy,Normal,High,None,Moderate,Yes,0.557,39.0,26.8,83.2,97.0,6.48,83.7,79.6,50.7,72.8,4.51,30.3132,86.9594,12.5
Pomegranate,Silty,Normal,High,None,Low,No,0.277,28.4,22.9,85.9,102.5,6.49,6.0,18.6,40.8,62.3,5.15,28.3754,76.5254,14.1
Pomegranate,Clayey,Normal,High,Bacterial Blight,Low,No,0.333,44.3,20.5,90.9,103.2,6.57,31.8,24.2,42.5,59.1,3.39,15.1268,81.5857,1.4
Watermelon,Silty,Normal,High,Anthracnose,Moderate,Yes,0.432,32.0,22.0,88.1,59.2,6.62,91.8,11.1,49.7,64.1,2.7,35.8836,81.1909,4.6
Mungbean,Silty,Normal,High,None,Moderate,Yes,0.396,14.6,29.8,85.6,54.3,6.3,19.0,45.5,18.5,53.6,3.62,35.2228,83.9521,2.2
Cotton,Silty,Normal,Medium,Bacterial Blight,Moderate,Yes,0.683,32.4,20.6,79.2,86.2,5.79,121.8,58.3,21.9,70.1,4.16,31.4153,81.7773,1.6
Pomegranate,Silty,Normal,High,Bacterial Blight,Low,No,0.413,36.1,22.9,85.9,107.5,6.01,37.9,8.3,36.2,49.0,2.84,36.3876,77.8897,0.0
Chickpea,Sandy,Normal,Low,None,Moderate,Yes,0.415,36.6,24.2,10.4,90.7,7.73,35.3,71.6,82.8,54.6,4.7,12.3852,85.9722,7.9
Pigeonpeas,Loamy,Rainy,High,Fusarium Wilt,Low,No,0.361,61.5,38.8,62.1,195.3,6.18,11.6,63.3,22.9,55.7,3.11,15.9084,92.7923,10.7
Apple,Sandy,Normal,High,Apple Scab,Low,No,0.32,35.9,22.6,94.9,113.2,6.17,30.7,128.0,200.8,85.3,4.49,12.0065,85.591,4.8
Muskmelon,Clayey,Normal,High,None,High,Yes,0.532,10.0,26.6,93.2,27.3,6.15,87.4,29.9,50.1,63.7,2.86,32.9497,84.7784,13.0
Orange,Sandy,Normal,High,Citrus Canker,Low,No,0.458,33.9,34.6,92.1,104.1,6.82,35.7,23.6,14.3,56.8,3.35,11.502,78.6064,2.9
Grapes,Loamy,Normal,High,Powdery Mildew,Moderate,Yes,0.401,16.2,39.8,81.5,72.6,5.53,29.8,140.9,203.9,87.8,3.86,30.7581,81.5808,1.4
Papaya,Loamy,Normal,High,Papaya Ring Spot Virus,Low,No,0.434,33.7,35.1,94.3,120.3,6.9,67.6,36.3,54.2,59.7,3.73,11.2461,74.8417,0.0
Maize,Loamy,Normal,Low,None,Moderate,Yes,0.412,27.0,21.3,55.6,81.6,6.74,60.9,37.3,22.7,66.2,5.17,11.709,71.7699,16.5
Pomegranate,Clayey,Normal,High,Bacterial Blight,Low,No,0.231,41.8,20.8,90.9,109.9,6.92,6.0,12.6,35.5,46.4,2.32,21.4949,85.4723,14.0
Pomegranate,Silty,Normal,Medium,Bacterial Blight,Low,No,0.247,44.2,20.4,88.8,102.2,6.74,15.7,19.5,38.3,56.1,4.0,8.1077,71.3977,6.0
Chickpea,Loamy,Normal,Medium,None,Moderate,Yes,0.412,34.6,27.9,12.8,87.0,6.87,58.0,55.1,75.4,63.7,5.21,23.1608,71.7694,0.6
Chickpea,Loamy,Normal,Low,None,Moderate,Yes,0.49,26.4,24.8,16.5,69.9,8.36,55.5,74.2,75.6,45.4,3.74,17.8591,90.246,0.8
Muskmelon,Silty,Normal,High,None,High,Yes,0.52,10.0,27.7,90.4,25.6,6.19,119.4,26.8,47.3,68.6,2.93,9.2986,73.6216,0.0
Grapes,Sandy,Normal,High,Anthracnose,Moderate,Yes,0.404,26.6,25.0,83.9,74.5,6.05,22.4,133.8,202.0,88.3,3.33,34.1821,71.852,0.0
Apple,Clayey,Normal,High,Apple Scab,Low,No,0.389,47.1,21.2,93.1,117.9,6.0,18.5,136.0,200.4,87.8,4.41,9.338,87.048,4.9
Papaya,Loamy,Normal,High,Papaya Ring Spot Virus,Low,No,0.546,33.2,34.4,93.3,127.4,6.62,69.7,56.4,53.1,65.9,3.57,20.29,71.6435,0.0
Grapes,Silty,Cool,Medium,Anthracnose,Moderate,Yes,0.404,23.8,11.9,84.2,68.1,5.74,34.9,126.4,201.9,79.7,4.58,8.7001,83.5759,4.5
Blackgram,Clayey,Normal,High,None,Moderate,Yes,0.459,19.1,25.4,64.8,70.1,7.27,60.0,75.1,16.7,56.9,3.88,28.6735,82.7537,1.3
Banana,Sandy,Normal,High,Panama Wilt,Low,No,0.5,45.8,29.3,81.3,119.2,5.55,83.5,71.3,52.1,58.1,2.95,21.7375,79.9432,18.1
Pigeonpeas,Sandy,Hot & Dry,High,Fusarium Wilt,Low,No,0.458,32.2,37.8,33.4,130.8,7.16,11.1,60.8,20.4,49.4,3.14,28.868,77.5054,9.2
Pigeonpeas,Sandy,Rainy,High,Fusarium Wilt,Low,No,0.501,47.5,39.2,64.9,181.6,5.52,37.8,55.3,17.3,53.4,3.41,23.1064,90.769,2.9
Mango,Clayey,Hot & Dry,High,Powdery Mildew,Moderate,Yes,0.453,22.8,30.4,46.7,90.9,5.79,36.3,18.4,33.3,48.0,2.37,17.0868,86.0914,2.5
Chickpea,Loamy,Normal,Medium,None,Moderate,Yes,0.314,37.2,27.5,13.8,91.5,7.68,23.9,74.0,82.1,50.8,3.99,28.2254,92.085,14.9
Chickpea,Clayey,Normal,High,Fusarium Wilt,Moderate,Yes,0.525,33.5,29.7,10.7,78.1,5.82,58.1,58.8,83.3,68.6,3.07,19.3458,71.3608,2.2
Coconut,Loamy,Rainy,High,Root Wilt,Low,No,0.371,62.8,27.9,96.6,194.3,6.45,26.2,21.3,32.4,60.4,3.22,8.418,93.2707,3.5
Watermelon,Silty,Normal,High,None,Moderate,Yes,0.467,17.4,26.4,85.8,58.3,6.69,82.7,9.0,51.0,66.8,4.26,34.2611,85.1737,17.8
Lentil,Sandy,Cool,Low,None,High,Yes,0.385,22.2,19.6,69.6,35.4,7.21,18.2,71.6,16.0,51.6,2.29,9.1157,85.8791,0.9
Mango,Clayey,Normal,High,None,Moderate,Yes,0.432,38.9,29.0,53.9,91.4,5.15,25.1,28.6,29.5,44.1,3.18,13.8677,94.8967,0.0
Mothbeans,Clayey,Normal,High,None,High,Yes,0.369,20.2,24.0,67.3,32.0,6.69,18.8,56.1,16.8,56.2,2.72,28.0814,90.3115,2.8
Papaya,Silty,Rainy,High,Papaya Ring Spot Virus,Low,No,0.477,65.6,25.7,92.9,212.0,6.52,48.4,58.2,48.7,64.8,3.76,12.1185,74.6808,2.5
Pigeonpeas,Loamy,Rainy,Low,None,Low,No,0.389,55.6,24.5,61.0,183.3,4.64,33.7,55.2,16.9,34.5,3.6,18.8912,78.8992,0.0
Watermelon,Silty,Normal,High,Anthracnose,Moderate,Yes,0.578,21.0,22.2,84.5,51.4,6.31,83.7,9.7,47.6,65.0,3.3,35.7354,75.3736,11.4
Pigeonpeas,Loamy,Normal,Medium,None,Low,No,0.43,52.3,25.3,54.1,146.9,5.98,34.3,62.0,16.8,53.0,5.27,18.9716,72.0606,0.0
Grapes,Silty,Cool,Low,Anthracnose,Moderate,Yes,0.293,41.2,13.5,84.4,70.9,6.09,0.3,125.9,198.4,84.9,4.7,35.3551,88.5108,19.2
Rice,Loamy,Rainy,High,Rice Blast,Low,No,0.594,75.8,37.9,83.8,264.6,7.0,68.3,47.4,44.7,60.3,3.62,24.9362,81.3051,19.4
Kidneybeans,Sandy,Normal,Low,None,Moderate,Yes,0.362,23.4,22.2,23.6,69.5,5.7,5.5,56.6,21.3,47.7,4.02,22.2423,89.5125,11.6
Kidneybeans,Sandy,Normal,Low,None,Low,No,0.355,47.0,24.8,21.1,136.5,5.59,12.2,80.0,21.6,51.1,5.27,21.2583,72.2219,5.6
Chickpea,Silty,Normal,Low,None,Moderate,Yes,0.353,28.2,20.6,12.8,84.3,6.15,29.1,78.7,82.7,71.2,6.16,17.8709,85.1424,11.8
Blackgram,Loamy,Normal,High,Powdery Mildew,Moderate,Yes,0.387,24.1,34.0,60.6,72.9,6.51,48.0,79.1,17.1,69.2,2.83,30.1418,72.0445,0.2
Jute,Clayey,Rainy,Medium,Anthracnose,Low,No,0.563,59.3,23.7,71.1,174.9,7.26,98.8,55.7,39.0,67.0,5.18,25.4088,94.4254,2.4
Lentil,Sandy,Normal,Low,None,High,Yes,0.242,17.0,22.5,64.2,46.4,6.32,28.1,76.9,19.6,63.5,2.94,19.6207,81.8744,0.0
Apple,Loamy,Normal,High,Apple Scab,Low,No,0.502,27.3,24.4,90.5,109.7,6.04,35.0,142.8,203.0,91.7,4.88,20.6111,70.447,0.0
Kidneybeans,Loamy,Normal,Low,None,Moderate,Yes,0.39,31.5,20.2,24.4,94.1,5.92,32.1,76.6,20.6,60.3,5.2,16.2014,93.8337,3.0
Chickpea,Clayey,Normal,Low,None,Moderate,Yes,0.432,37.0,26.4,10.4,78.0,5.62,43.0,64.8,77.1,62.0,5.29,8.1863,91.2224,0.7
Pomegranate,Loamy,Normal,High,Bacterial Blight,Low,No,0.485,45.2,22.1,88.2,106.3,6.47,36.5,7.0,39.2,61.7,3.61,28.1017,84.0578,2.4
Pigeonpeas,Silty,Normal,Medium,Fusarium Wilt,Low,No,0.393,40.2,31.8,52.2,140.6,5.02,2.5,76.0,17.0,45.5,3.4,19.6815,79.1073,17.4
Mothbeans,Sandy,Hot & Dry,High,Root Rot,Moderate,Yes,0.175,26.2,30.6,36.1,70.0,6.42,1.3,58.3,18.3,56.5,2.59,11.2415,80.1122,14.0
Cotton,Silty,Normal,Medium,Bacterial Blight,Moderate,Yes,0.666,30.7,22.8,82.1,74.3,6.92,133.8,57.6,21.2,72.2,4.52,16.6339,69.8265,0.0
Kidneybeans,Sandy,Cool,Low,None,Low,No,0.316,43.5,18.5,18.5,117.9,5.94,15.2,76.1,18.8,55.9,5.7,22.6144,72.0997,3.7
Coconut,Sandy,Rainy,High,Root Wilt,Low,No,0.415,50.7,28.0,90.7,199.0,5.82,29.5,25.6,25.6,50.9,3.22,12.6323,87.5323,4.7
Apple,Silty,Normal,High,Apple Scab,Low,No,0.423,30.0,24.2,94.0,119.8,5.69,11.0,144.3,199.6,78.3,4.59,9.3734,89.3212,7.8
Apple,Clayey,Normal,High,Apple Scab,Low,No,0.326,36.9,23.1,92.7,122.3,5.56,7.6,136.5,200.8,82.9,4.48,31.137,85.7844,11.5
Lentil,Sandy,Cool,High,None,High,Yes,0.204,22.9,18.9,65.1,38.1,6.43,7.4,71.2,15.3,65.3,3.03,9.4297,79.6359,11.0
Banana,Sandy,Normal,High,None,Low,No,0.537,37.2,29.9,75.3,106.5,5.78,85.9,82.9,54.9,64.8,4.89,26.1002,74.1289,11.7
Jute,Sandy,Rainy,High,None,Low,No,0.51,57.0,27.9,78.3,174.6,7.16,77.5,40.0,36.9,56.2,4.3,14.691,74.7062,0.2
Mothbeans,Clayey,Normal,Medium,None,Moderate,Yes,0.463,24.7,29.7,50.5,73.7,6.62,36.3,56.3,21.0,67.4,5.3,31.396,79.9224,0.0
Lentil,Clayey,Normal,Medium,None,High,Yes,0.168,17.6,22.2,63.1,38.1,7.03,7.0,71.7,24.3,54.3,2.99,26.8311,77.3803,9.5
Coconut,Silty,Rainy,High,Root Wilt,Low,No,0.555,58.4,29.5,97.1,207.2,6.08,20.4,24.1,34.9,53.2,2.94,27.4781,73.783,0.0
Muskmelon,Loamy,Normal,High,None,High,Yes,0.533,19.5,29.0,94.6,26.5,6.23,115.6,14.1,46.4,63.6,2.41,29.7536,70.7533,1.3
Watermelon,Sandy,Normal,High,Anthracnose,Moderate,Yes,0.495,16.6,29.7,83.1,52.4,6.34,110.2,29.7,54.8,68.4,2.83,25.4566,94.9236,0.0
Pomegranate,Clayey,Normal,High,Bacterial Blight,Low,No,0.319,45.6,24.1,89.6,103.9,6.37,8.4,25.4,41.2,55.4,3.46,9.2741,78.1254,8.8
Papaya,Silty,Normal,High,Phytophthora Blight,Moderate,Yes,0.471,16.1,32.8,93.3,76.7,6.97,60.4,47.1,47.4,62.0,2.85,30.8498,83.206,0.8
Coconut,Loamy,Rainy,High,Root Wilt,Low,No,0.488,61.9,29.6,97.1,182.9,5.56,30.4,11.9,31.0,50.3,2.98,18.3054,73.0878,3.3
Watermelon,Loamy,Normal,High,Anthracnose,High,Yes,0.645,20.3,20.3,80.3,43.4,6.35,116.0,19.4,51.4,72.3,2.49,10.6955,70.1775,1.4
Maize,Sandy,Cool,Medium,None,Low,No,0.455,31.0,19.5,55.5,102.3,6.17,64.1,52.0,23.6,62.6,6.08,29.2199,69.8355,13.3
Coffee,Sandy,Rainy,Low,None,Low,No,0.694,49.9,22.0,65.2,150.1,7.02,108.1,31.8,32.0,67.7,7.07,21.8005,80.8628,3.0
Orange,Sandy,Normal,High,Citrus Canker,Low,No,0.304,44.7,20.2,91.7,111.5,7.1,0.9,15.9,8.0,42.1,2.11,21.5705,84.5161,19.4
Apple,Sandy,Normal,High,Apple Scab,Low,No,0.237,39.6,20.3,92.4,102.7,5.93,3.4,141.4,201.4,83.2,4.63,13.79,83.3794,14.9
Papaya,Loamy,Normal,High,Papaya Ring Spot Virus,Low,No,0.501,40.0,32.5,91.3,133.5,6.8,49.5,48.5,52.5,67.2,3.85,27.7216,74.1904,0.7
Pigeonpeas,Loamy,Rainy,High,Fusarium Wilt,Low,No,0.518,62.3,31.4,30.0,199.3,7.01,31.8,75.7,15.9,54.5,2.85,19.2155,85.5168,4.3
Pomegranate,Loamy,Normal,High,Bacterial Blight,Low,No,0.243,46.1,20.4,90.2,102.9,7.0,13.6,22.0,43.0,56.8,3.67,31.2973,90.7638,9.1
Banana,Silty,Normal,High,None,Moderate,Yes,0.685,39.6,26.3,80.3,97.0,5.71,104.3,82.8,46.4,69.2,4.88,11.344,74.8327,1.7
Cotton,Clayey,Normal,Medium,Bacterial Blight,Moderate,Yes,0.575,32.4,23.1,80.9,81.2,6.72,104.1,40.4,24.1,67.8,3.89,16.9841,86.5248,15.6
Mungbean,Silty,Normal,High,None,High,Yes,0.394,10.3,27.6,87.3,45.4,7.19,17.4,46.7,18.4,52.0,2.05,20.0972,70.1751,1.5
Coffee,Silty,Rainy,Medium,None,Low,No,0.536,67.1,20.8,57.5,197.2,6.34,80.4,23.3,27.9,68.1,7.16,11.4588,81.5309,16.4
Mungbean,Silty,Normal,High,None,High,Yes,0.221,17.8,29.4,88.2,41.6,7.24,11.7,56.7,23.4,53.0,2.11,11.5433,88.6716,6.0
Lentil,Sandy,Normal,Medium,None,Moderate,Yes,0.288,11.8,26.6,64.9,52.9,6.52,16.3,70.0,24.2,59.2,5.17,32.3072,92.3063,1.3
Blackgram,Clayey,Normal,Medium,None,Moderate,Yes,0.383,21.8,25.8,61.6,73.6,7.47,40.4,71.2,17.2,49.8,4.19,20.4155,85.4998,4.5
Coffee,Silty,Rainy,Medium,None,Low,No,0.608,44.2,21.8,59.8,150.4,6.6,87.3,38.3,26.5,64.8,6.29,13.9067,82.1552,11.0
Coconut,Sandy,Rainy,High,Root Wilt,Low,No,0.492,65.4,27.8,97.6,197.2,5.93,10.0,29.3,27.2,48.7,2.55,15.0985,85.3063,7.8
Coffee,Clayey,Normal,High,None,Low,No,0.625,44.0,25.6,68.1,118.7,7.25,106.0,25.4,25.9,63.6,5.19,26.5441,85.9552,0.2
Mango,Sandy,Normal,Low,None,Moderate,Yes,0.308,38.5,26.1,48.4,91.9,6.74,23.9,29.7,29.7,61.3,5.01,27.8311,82.9071,2.5
Orange,Sandy,Cool,High,Citrus Canker,Low,No,0.222,42.0,17.2,90.7,102.3,6.32,5.2,6.6,6.4,53.1,2.71,23.5205,74.8109,11.4
Kidneybeans,Clayey,Normal,Medium,None,Low,No,0.403,31.6,25.0,19.1,109.8,6.48,26.5,58.9,24.9,66.3,6.8,16.4764,86.1886,2.7
Apple,Silty,Normal,High,Apple Scab,Low,No,0.367,41.6,22.3,92.4,105.3,6.33,0.1,143.8,202.8,95.7,4.45,31.4544,74.1568,19.8
Lentil,Loamy,Normal,Low,None,Moderate,Yes,0.168,25.9,21.4,60.0,50.5,6.62,4.8,70.0,20.3,61.0,5.18,10.4003,80.9022,13.1
Blackgram,Clayey,Normal,Low,None,Moderate,Yes,0.494,20.6,26.3,63.3,74.6,6.51,57.1,64.8,15.0,69.3,5.53,24.249,78.3987,3.2
Rice,Sandy,Rainy,High,Rice Blast,Low,No,0.729,45.2,30.0,83.9,169.9,5.84,115.0,38.2,40.9,65.1,3.97,26.8226,82.0767,3.7
Apple,Loamy,Normal,High,None,Low,No,0.468,43.7,20.8,91.2,114.4,6.3,24.7,137.8,202.3,91.8,6.32,19.4139,82.9658,0.5
Pigeonpeas,Clayey,Rainy,Medium,None,Low,No,0.496,56.3,25.5,48.3,166.7,5.58,28.4,76.7,15.9,49.1,5.18,24.8203,80.1496,0.0
Pigeonpeas,Clayey,Hot & Dry,High,Fusarium Wilt,Low,No,0.387,44.7,36.3,43.9,128.6,7.34,24.0,77.0,15.5,48.5,2.42,11.3163,95.1045,4.5
Watermelon,Clayey,Normal,Low,Anthracnose,High,Yes,0.629,19.3,22.7,82.7,46.3,6.71,105.6,16.7,54.4,64.9,2.33,30.3071,72.3792,0.0
Coffee,Silty,Rainy,High,None,Low,No,0.644,44.4,27.8,67.0,171.3,6.61,89.4,18.5,30.5,65.5,5.73,14.5222,79.145,9.2
Pigeonpeas,Loamy,Rainy,Low,None,Low,No,0.444,57.0,22.8,48.5,155.9,7.22,30.5,57.1,22.9,51.2,5.59,22.8709,88.9169,0.4
Orange,Clayey,Cool,Low,Citrus Canker,Low,No,0.365,35.4,13.1,90.6,105.6,6.43,18.6,16.4,12.6,59.5,4.46,27.3083,70.2569,1.6
Jute,Sandy,Rainy,High,Stem Rot,Low,No,0.633,54.8,22.6,87.6,168.1,7.11,91.1,46.9,35.1,59.6,3.22,34.66,72.9754,0.0
Cotton,Loamy,Normal,High,Bacterial Blight,Moderate,Yes,0.748,31.2,24.2,79.9,96.2,5.8,130.4,47.0,15.7,67.2,3.23,34.2681,87.3713,2.9
Jute,Loamy,Rainy,High,Stem Rot,Low,No,0.484,56.7,24.9,80.1,173.1,6.52,61.7,50.8,36.5,69.7,3.85,30.9452,74.5368,12.9
Kidneybeans,Sandy,Cool,Low,None,Low,No,0.445,57.3,19.0,16.7,141.5,5.94,30.2,79.7,23.3,63.3,6.15,28.1732,76.618,4.8
Lentil,Loamy,Normal,Medium,None,Moderate,Yes,0.34,22.9,22.1,64.1,50.5,6.79,5.0,64.7,17.5,54.1,4.72,20.5302,76.5556,14.1
Blackgram,Silty,Normal,High,Powdery Mildew,Moderate,Yes,0.422,23.6,30.5,64.7,72.4,7.22,28.4,72.6,17.6,55.7,2.5,22.686,78.9592,12.6
Cotton,Clayey,Normal,Low,Bacterial Blight,Moderate,Yes,0.735,23.5,21.8,83.3,75.6,6.47,134.0,51.3,20.5,74.2,4.3,10.2066,93.0431,0.0
Chickpea,Sandy,Normal,Medium,None,Moderate,Yes,0.437,34.1,27.5,19.4,91.8,6.32,59.9,69.3,78.5,68.9,5.93,27.7085,68.7241,0.4
Banana,Silty,Normal,High,Panama Wilt,Low,No,0.55,43.9,28.0,83.9,110.0,5.69,94.9,93.8,45.9,69.4,3.63,12.3544,73.9109,4.6
Grapes,Sandy,Cool,High,Anthracnose,Moderate,Yes,0.437,26.9,9.3,81.3,71.4,5.78,35.1,143.1,201.2,92.0,3.62,28.6965,82.4522,2.0
Lentil,Loamy,Normal,High,None,Moderate,Yes,0.387,13.9,27.4,62.3,50.8,6.27,21.2,70.1,18.6,63.0,4.34,9.9185,71.089,3.8
Pomegranate,Loamy,Cool,Medium,Bacterial Blight,Low,No,0.316,46.7,18.7,90.6,106.4,6.37,20.7,14.3,44.7,61.4,4.59,31.814,83.2261,0.0
Apple,Loamy,Normal,High,Apple Scab,Low,No,0.451,44.2,20.7,93.1,120.0,6.0,26.7,139.9,196.3,92.3,4.32,13.2621,85.7617,4.3
Mungbean,Sandy,Normal,High,None,Moderate,Yes,0.392,21.8,28.6,88.7,59.5,7.18,29.1,53.8,21.8,56.2,3.69,21.5271,68.9549,0.6
Maize,Silty,Cool,Medium,None,Moderate,Yes,0.587,27.7,19.1,65.7,91.5,6.66,96.6,58.1,24.2,74.0,5.87,25.1058,77.8148,4.3
Mungbean,Sandy,Normal,High,None,High,Yes,0.293,11.9,29.8,82.5,36.4,6.49,10.7,49.9,19.8,60.5,2.39,32.4183,71.9449,6.7
Chickpea,Silty,Normal,Low,None,Moderate,Yes,0.367,22.7,25.1,19.9,80.6,5.81,38.2,57.5,81.9,60.8,4.96,35.2008,85.4039,2.7
Mothbeans,Silty,Normal,Low,None,High,Yes,0.26,17.8,31.6,52.9,45.3,5.83,20.0,38.5,23.4,50.4,2.44,23.0843,94.9336,0.0
Muskmelon,Silty,Normal,High,None,High,Yes,0.482,15.8,27.8,92.0,29.9,6.34,94.5,17.4,47.2,65.4,2.6,21.4836,74.2753,3.3
Pomegranate,Clayey,Cool,Medium,Bacterial Blight,Low,No,0.271,35.9,19.4,91.1,105.1,6.0,5.4,10.8,40.1,53.6,4.01,30.8553,83.294,11.6
Jute,Sandy,Rainy,High,Anthracnose,Low,No,0.585,62.6,22.8,79.6,168.5,6.37,66.1,59.3,44.1,69.6,4.3,30.3105,85.0805,13.8
Jute,Clayey,Rainy,Low,Anthracnose,Low,No,0.565,55.1,23.8,73.2,173.3,6.34,83.6,41.9,39.3,65.2,5.06,32.9079,84.735,4.5
Blackgram,Sandy,Normal,High,Powdery Mildew,Moderate,Yes,0.441,29.2,33.6,64.1,63.1,6.58,39.7,71.6,21.4,67.9,3.08,23.659,95.1695,0.0
Maize,Silty,Normal,High,None,Moderate,Yes,0.442,19.9,29.5,67.5,68.5,5.68,84.4,52.1,21.0,55.8,3.77,36.652,85.5501,3.0
Chickpea,Loamy,Normal,Low,None,Moderate,Yes,0.42,38.9,24.2,16.0,81.6,7.65,43.5,59.6,81.9,56.7,4.47,15.6806,85.7249,1.6
Grapes,Loamy,Cool,Low,Anthracnose,Moderate,Yes,0.314,36.8,11.1,80.7,65.7,6.07,19.3,141.3,196.3,92.7,4.29,13.3605,71.1792,0.0
Cotton,Silty,Normal,Low,Bacterial Blight,Moderate,Yes,0.581,37.4,21.9,79.9,79.5,5.54,138.4,49.5,18.0,65.9,4.13,11.6375,82.2839,0.0
Chickpea,Sandy,Normal,Low,None,Moderate,Yes,0.357,34.6,24.5,16.9,75.2,7.64,36.0,60.1,83.9,52.0,3.95,10.8401,90.5651,3.9
Coconut,Silty,Rainy,High,Root Wilt,Low,No,0.51,58.1,25.1,95.6,186.6,6.14,15.1,10.3,25.8,53.1,2.94,21.2756,89.4796,5.2
Kidneybeans,Clayey,Cool,Low,None,Moderate,Yes,0.372,41.6,15.0,17.6,84.8,5.75,7.6,72.9,22.7,49.1,3.82,8.0657,89.1095,8.0
Apple,Clayey,Normal,High,Apple Scab,Low,No,0.422,31.2,21.6,94.0,115.7,6.08,4.9,136.5,199.2,85.9,4.39,36.3539,93.2273,15.0
Lentil,Loamy,Normal,Low,None,Moderate,Yes,0.382,18.0,25.8,67.1,51.3,7.05,18.7,57.8,19.7,52.5,4.16,15.3888,88.6602,2.2
Rice,Clayey,Rainy,High,Rice Blast,Low,No,0.572,48.6,33.8,83.0,196.2,7.4,70.0,52.0,41.0,58.7,3.43,13.7372,70.8787,19.6
Orange,Silty,Cool,High,Citrus Canker,Low,No,0.365,36.5,18.7,94.6,118.0,6.63,11.5,15.7,6.2,53.7,3.13,30.081,94.1596,8.7
Jute,Sandy,Rainy,High,None,Low,No,0.718,50.0,25.6,77.9,189.5,6.68,87.8,38.4,36.2,72.1,6.2,28.4374,77.0182,0.0
Mango,Clayey,Normal,High,None,Moderate,Yes,0.328,34.2,25.1,51.4,93.7,5.98,30.2,28.5,30.5,50.5,2.99,19.2463,75.7662,0.0
Rice,Loamy,Rainy,High,Rice Blast,Low,No,0.782,70.5,30.1,83.6,258.2,6.8,101.9,54.2,35.9,66.7,4.17,19.7303,77.7521,0.4
Apple,Silty,Normal,High,Apple Scab,Low,No,0.321,30.7,24.0,91.0,120.9,6.27,13.6,133.9,197.6,88.8,4.75,11.7755,83.7529,9.2
Rice,Sandy,Rainy,High,Rice Blast,Low,No,0.71,55.8,37.2,83.6,237.3,6.46,105.7,38.2,36.5,70.5,4.12,12.8312,72.4219,0.0
Coconut,Clayey,Normal,High,Root Wilt,Low,No,0.431,37.1,29.6,96.5,131.1,5.66,22.0,21.8,34.6,48.5,3.05,33.6506,91.8346,0.0
Jute,Sandy,Rainy,High,Stem Rot,Low,No,0.562,65.6,22.3,89.8,189.6,6.85,83.7,41.0,39.8,67.7,4.03,20.6656,82.7121,1.8
Pomegranate,Sandy,Normal,High,None,Low,No,0.435,36.4,24.7,88.2,113.2,6.66,32.1,23.7,42.7,64.7,5.52,25.0671,75.0154,2.6
Muskmelon,Clayey,Normal,High,None,High,Yes,0.638,17.8,25.6,93.9,28.2,6.48,118.0,5.7,49.7,73.1,3.36,12.7609,77.453,1.9
Mothbeans,Clayey,Normal,Low,Root Rot,High,Yes,0.297,10.0,28.2,41.3,47.7,8.71,29.5,54.0,22.3,27.7,1.28,29.3415,96.2654,0.0
Coconut,Loamy,Rainy,High,Root Wilt,Low,No,0.506,54.2,29.4,91.1,212.3,5.98,33.1,6.0,32.5,47.4,2.67,23.3345,91.9854,3.2
Papaya,Sandy,Normal,High,Papaya Ring Spot Virus,Low,No,0.48,30.4,33.4,92.2,114.1,6.95,35.6,55.7,51.7,64.0,3.79,32.0242,82.1901,13.0
Mungbean,Loamy,Normal,High,None,Moderate,Yes,0.433,26.3,28.7,88.2,58.5,6.83,40.0,36.0,24.6,59.7,4.3,29.4602,78.9264,4.1
Kidneybeans,Sandy,Cool,Low,None,Low,No,0.359,35.4,15.2,23.7,107.1,5.95,17.4,70.2,22.7,54.1,5.81,18.0654,73.9012,0.8
Mothbeans,Clayey,Normal,Low,None,Moderate,Yes,0.292,33.8,24.6,55.8,61.3,9.33,17.1,38.3,23.8,15.4,1.51,32.5114,92.7219,1.1
Chickpea,Clayey,Normal,Low,None,Moderate,Yes,0.446,16.7,28.4,18.1,76.3,8.06,57.0,63.8,78.0,54.5,4.25,24.3614,92.0751,3.6
Coffee,Clayey,Rainy,Low,None,Low,No,0.718,69.4,21.4,61.8,199.9,6.55,105.8,35.0,29.9,66.8,6.39,23.1771,74.2006,4.0
Lentil,Clayey,Cool,Medium,None,High,Yes,0.363,15.4,18.6,65.2,44.2,7.01,31.6,77.2,18.6,55.6,2.93,32.2183,71.2821,3.1
Mothbeans,Clayey,Normal,Low,None,Moderate,Yes,0.195,14.2,24.6,44.6,58.6,4.98,1.0,49.0,15.4,35.5,3.34,8.94,79.15,14.1
Watermelon,Silty,Normal,High,Anthracnose,High,Yes,0.538,11.3,23.7,82.0,44.9,6.19,109.6,5.5,52.5,69.1,2.23,29.0261,77.7279,3.5
Lentil,Loamy,Cool,Medium,None,High,Yes,0.185,23.4,19.9,60.8,45.3,5.59,0.3,77.5,20.8,49.6,2.71,23.0591,78.5704,17.0
Papaya,Clayey,Normal,High,None,Moderate,Yes,0.354,12.1,28.1,93.3,51.9,6.76,69.0,56.1,53.4,65.0,3.89,33.4475,74.3203,4.2
Kidneybeans,Sandy,Cool,Low,None,Moderate,Yes,0.426,26.2,18.8,23.3,86.4,5.53,35.2,72.8,21.0,50.1,4.51,21.9797,70.4605,4.6
Coconut,Loamy,Rainy,High,Root Wilt,Low,No,0.331,47.7,29.4,97.5,151.7,5.58,11.0,25.3,26.3,39.8,2.03,20.7479,77.366,7.1
Coconut,Clayey,Rainy,High,Root Wilt,Low,No,0.548,55.2,27.4,94.2,197.9,6.37,27.6,13.1,30.2,54.1,2.88,17.3233,68.6332,0.0
Pomegranate,Silty,Normal,High,Bacterial Blight,Low,No,0.462,30.6,23.0,90.0,111.1,6.48,38.2,16.3,40.1,60.6,3.33,22.952,74.036,0.1
Apple,Loamy,Normal,High,Apple Scab,Low,No,0.396,39.1,21.9,92.9,121.8,6.1,39.4,131.6,198.1,87.2,4.26,34.2261,70.164,0.0
Blackgram,Clayey,Normal,High,None,Moderate,Yes,0.403,28.3,27.3,67.6,62.2,7.15,22.3,73.8,15.7,53.5,3.76,35.1775,95.0159,17.7
Muskmelon,Loamy,Normal,High,None,High,Yes,0.577,11.9,29.2,91.2,29.2,6.3,100.6,5.1,47.5,67.0,2.74,9.0497,70.9516,1.2
Lentil,Loamy,Cool,Medium,None,Moderate,Yes,0.19,24.3,19.6,69.2,52.2,6.74,13.3,68.4,20.3,55.7,4.36,14.3997,95.5722,7.4
Chickpea,Clayey,Cool,Low,None,Moderate,Yes,0.323,36.9,17.4,11.2,66.8,5.65,42.0,67.8,84.7,62.7,5.39,16.2853,86.1441,1.1
Cotton,Loamy,Normal,High,Bacterial Blight,Moderate,Yes,0.677,25.4,21.2,79.0,73.4,6.82,114.2,55.7,18.3,71.8,3.57,23.8599,93.6254,8.9
Banana,Loamy,Normal,High,None,Moderate,Yes,0.524,38.3,26.5,79.8,95.4,6.01,91.8,76.6,49.3,69.2,4.84,36.3887,96.2636,8.6
Pomegranate,Loamy,Normal,High,Bacterial Blight,Low,No,0.443,37.4,25.0,92.0,109.1,6.12,32.7,26.6,36.8,59.9,3.71,34.5758,75.7344,0.0
Orange,Sandy,Normal,High,Citrus Canker,Low,No,0.484,38.4,33.3,93.6,110.2,7.19,34.4,8.2,7.7,49.6,2.96,19.5103,82.7763,0.0
Mango,Loamy,Normal,Medium,None,Moderate,Yes,0.326,40.4,27.4,49.7,94.7,6.78,23.7,39.4,31.2,57.2,4.57,26.4632,79.0627,2.7
Maize,Silty,Cool,Medium,None,Moderate,Yes,0.511,31.6,19.9,61.9,90.3,6.21,81.6,44.7,21.3,62.7,5.17,34.8115,82.5464,4.5
Orange,Clayey,Cool,Low,Citrus Canker,Low,No,0.439,44.5,17.5,94.7,104.5,7.44,24.2,7.3,6.4,38.1,2.85,35.7865,88.6644,2.2
Watermelon,Sandy,Normal,High,None,Moderate,Yes,0.624,13.2,25.4,85.0,54.5,6.04,105.3,21.5,48.4,65.5,4.46,28.5937,72.2842,1.2
Mungbean,Loamy,Normal,High,None,High,Yes,0.304,24.1,28.8,84.2,39.8,7.47,14.5,38.6,18.4,44.7,1.88,22.6952,73.9575,6.4
Coffee,Loamy,Rainy,Medium,None,Low,No,0.506,40.5,28.1,51.8,160.4,6.03,83.7,38.5,33.6,66.2,6.33,13.6172,82.3657,15.7
Lentil,Silty,Normal,Medium,None,Moderate,Yes,0.271,26.5,26.4,65.4,52.9,5.56,9.9,61.7,17.5,44.5,3.64,32.8274,89.4123,7.1
Watermelon,Clayey,Normal,High,Anthracnose,Moderate,Yes,0.548,14.7,24.7,81.7,55.0,6.23,106.2,11.2,45.7,71.0,3.6,27.0278,86.5344,3.3
Rice,Silty,Rainy,High,Rice Blast,Low,No,0.732,76.9,26.9,81.0,232.7,6.41,106.3,41.4,38.3,74.8,4.52,34.2829,94.8423,3.2
Chickpea,Silty,Normal,Low,None,Moderate,Yes,0.475,24.5,22.4,13.4,90.1,8.35,48.8,68.2,79.5,46.1,3.74,15.5163,92.2846,2.4
Cotton,Loamy,Normal,High,Bacterial Blight,Moderate,Yes,0.579,41.9,20.4,83.0,97.0,5.86,103.7,53.0,19.8,64.4,2.67,30.6022,86.2487,13.5
Blackgram,Silty,Normal,High,Powdery Mildew,Moderate,Yes,0.456,17.9,34.1,65.9,69.9,6.7,49.2,62.4,16.5,67.6,3.12,18.8798,77.2476,3.7
Pigeonpeas,Loamy,Normal,Medium,None,Moderate,Yes,0.211,26.4,26.6,41.4,96.7,7.38,2.5,70.1,19.0,53.7,4.76,10.0767,72.6092,12.0
Maize,Clayey,Normal,Medium,None,Moderate,Yes,0.601,31.1,21.5,72.2,95.0,5.81,98.9,50.8,19.0,61.5,5.04,24.0946,84.2867,2.6
Orange,Loamy,Normal,High,Citrus Canker,Low,No,0.342,43.0,29.4,94.0,103.7,6.38,29.2,22.0,8.3,51.2,3.19,9.6796,77.6078,4.2
Papaya,Clayey,Normal,High,Papaya Ring Spot Virus,Low,No,0.534,32.1,37.0,93.6,144.5,6.99,69.9,52.5,51.8,69.5,4.35,32.677,68.258,2.2
Coconut,Clayey,Rainy,High,Root Wilt,Low,No,0.384,53.7,28.1,90.6,189.1,6.2,14.6,24.9,26.6,54.7,3.0,8.2749,83.696,9.1
Coffee,Loamy,Rainy,Low,None,Low,No,0.581,52.3,22.2,58.2,178.0,6.36,84.0,37.0,28.1,64.2,6.75,15.2401,79.0064,13.2
Watermelon,Loamy,Normal,High,Anthracnose,Moderate,Yes,0.65,25.7,21.1,82.7,55.2,6.37,107.4,25.2,47.0,67.1,3.09,23.2962,73.7106,0.5
Jute,Sandy,Rainy,High,Stem Rot,Low,No,0.618,53.1,23.8,82.5,187.4,7.37,71.0,45.8,38.2,55.6,3.4,23.6591,69.7902,8.1
Mango,Sandy,Normal,High,Powdery Mildew,Moderate,Yes,0.302,31.5,34.5,50.3,92.8,4.64,3.5,28.4,26.3,31.5,1.47,33.8722,73.1286,12.7
Grapes,Silty,Normal,High,Powdery Mildew,Moderate,Yes,0.466,19.0,31.6,84.3,65.6,6.42,38.7,123.1,199.0,97.1,3.59,23.9409,94.3613,2.7
Maize,Sandy,Normal,Low,None,Moderate,Yes,0.482,21.8,24.2,59.6,81.7,5.93,75.4,54.1,17.1,58.0,4.7,21.3686,83.1673,8.5
Cotton,Silty,Normal,High,Bacterial Blight,Moderate,Yes,0.592,21.0,21.2,82.0,79.6,6.13,118.0,45.3,17.8,62.5,2.88,12.9036,76.2287,1.7
Jute,Clayey,Rainy,Medium,None,Low,No,0.561,52.7,20.5,88.1,174.7,6.47,62.9,48.5,36.1,67.4,7.09,13.2895,68.3681,15.0
Coffee,Sandy,Normal,High,None,Low,No,0.571,48.4,21.3,59.1,147.4,6.16,86.1,20.0,30.5,61.9,5.09,16.9114,83.983,15.0
Apple,Silty,Normal,High,Apple Scab,Low,No,0.385,48.4,23.4,92.4,124.4,6.26,20.8,140.6,204.5,92.9,4.57,20.0852,87.1579,2.5
Pigeonpeas,Silty,Normal,Medium,None,Low,No,0.394,47.7,24.8,52.6,130.3,4.57,10.9,57.4,16.3,28.8,2.65,15.7449,85.0126,11.7
Maize,Silty,Normal,High,None,Low,No,0.574,26.6,29.2,64.7,105.0,6.82,64.6,40.5,21.8,56.9,4.6,34.5523,76.9174,16.4
Apple,Silty,Normal,High,Apple Scab,Low,No,0.429,46.7,20.5,92.6,120.1,6.27,25.1,121.5,196.9,85.8,4.31,18.0262,88.1266,0.1
Blackgram,Loamy,Normal,Medium,None,Moderate,Yes,0.507,36.0,26.9,68.8,74.4,7.41,48.7,65.7,23.5,55.9,4.54,24.0306,75.7409,3.8
Jute,Clayey,Rainy,Medium,Anthracnose,Low,No,0.634,51.3,23.8,72.6,171.9,7.3,95.2,41.8,36.6,64.6,4.84,19.1589,81.4732,0.0
Watermelon,Silty,Normal,High,None,High,Yes,0.463,13.3,25.4,87.1,47.6,6.47,100.6,22.4,51.9,69.0,3.05,24.691,71.7471,3.5
Mango,Sandy,Normal,Medium,Powdery Mildew,Moderate,Yes,0.402,24.9,33.6,52.7,99.6,6.05,7.5,15.6,33.2,53.0,2.78,17.5106,94.7569,9.1
Coffee,Loamy,Normal,Low,None,Low,No,0.648,35.7,29.7,65.2,117.0,6.98,113.4,36.7,26.2,65.1,6.43,16.1392,80.4786,4.6
Orange,Clayey,Normal,High,Citrus Canker,Low,No,0.296,34.7,28.5,90.6,105.7,6.52,27.7,10.6,9.0,52.8,2.94,13.4871,83.5223,4.5
Kidneybeans,Loamy,Normal,Low,None,Moderate,Yes,0.441,35.9,22.7,16.2,64.6,6.4,39.1,68.3,24.6,67.4,5.54,20.4079,71.4648,0.0
Cotton,Loamy,Normal,Low,Bacterial Blight,Moderate,Yes,0.573,31.8,23.8,77.1,79.6,6.59,127.0,54.8,21.7,76.8,4.19,15.4544,93.3907,0.0
Lentil,Silty,Cool,High,None,Moderate,Yes,0.229,33.1,18.6,68.9,47.8,7.41,23.0,57.5,22.9,54.6,3.87,35.2583,95.9196,2.4
Chickpea,Loamy,Normal,Low,None,Moderate,Yes,0.446,24.3,25.0,14.1,74.5,8.15,56.0,61.4,84.4,55.2,4.16,26.8629,71.3008,0.0
Mungbean,Clayey,Normal,High,None,Moderate,Yes,0.239,30.2,27.8,81.8,58.7,7.01,10.8,36.0,20.1,49.2,3.11,27.7536,95.6942,10.0
Cotton,Sandy,Normal,Low,Bacterial Blight,Moderate,Yes,0.601,32.8,23.5,80.8,66.4,6.37,135.7,48.5,19.5,72.9,4.15,33.4573,86.2696,4.6
Lentil,Silty,Normal,Medium,None,Moderate,Yes,0.338,23.5,29.7,62.1,54.1,7.5,12.4,76.6,22.2,54.5,4.39,35.8417,92.8547,9.3
Pigeonpeas,Silty,Rainy,Medium,Fusarium Wilt,Low,No,0.391,45.1,30.1,32.5,166.3,5.82,39.6,67.1,22.5,60.1,4.41,8.1595,88.2828,4.1
Apple,Clayey,Normal,High,Apple Scab,Low,No,0.219,28.1,24.5,91.3,107.9,5.86,1.5,139.4,197.6,80.9,4.71,30.1678,84.3561,13.7
Lentil,Silty,Normal,Low,None,High,Yes,0.413,14.9,21.4,60.9,43.6,5.61,38.8,71.6,19.4,52.4,2.78,23.0786,96.388,3.2
Coconut,Loamy,Normal,High,Root Wilt,Low,No,0.473,53.3,27.6,92.4,146.3,5.55,24.7,23.8,26.3,43.0,2.28,18.9583,91.8434,1.1
Rice,Silty,Rainy,High,Rice Blast,Low,No,0.764,90.0,23.3,80.8,287.2,5.12,76.2,41.6,40.6,53.5,3.32,31.7926,91.1861,10.8
Grapes,Silty,Normal,High,Powdery Mildew,Moderate,Yes,0.201,15.1,35.0,83.6,70.2,5.91,10.6,124.0,200.3,80.3,3.65,9.3814,81.1239,8.7
Coffee,Sandy,Rainy,High,None,Low,No,0.595,44.4,26.7,62.7,154.0,6.22,94.1,21.0,26.1,64.4,5.37,25.0805,82.6464,7.5
Jute,Loamy,Rainy,Medium,Anthracnose,Low,No,0.592,49.5,21.1,74.1,163.6,6.54,94.9,59.7,43.7,78.1,5.7,17.407,96.5947,0.5
Papaya,Silty,Normal,High,Papaya Ring Spot Virus,Low,No,0.458,46.4,24.2,93.8,146.1,6.92,32.2,55.3,53.6,63.4,3.54,30.3751,68.0531,13.6
Mungbean,Silty,Normal,High,None,High,Yes,0.199,26.6,28.8,86.1,47.5,6.2,14.3,58.5,24.5,61.5,2.19,29.7659,84.6104,7.7
Grapes,Loamy,Normal,Low,Anthracnose,Moderate,Yes,0.246,37.5,20.5,84.8,74.7,6.12,9.7,138.2,204.2,84.1,4.19,10.7597,85.3184,9.7
Coffee,Clayey,Rainy,Low,None,Low,No,0.691,51.5,28.3,63.2,196.8,7.31,99.0,15.2,31.0,54.4,5.38,10.4314,86.9752,1.1
Kidneybeans,Loamy,Normal,Low,None,Low,No,0.461,44.3,24.8,23.7,128.6,5.78,12.7,63.4,21.3,51.4,5.6,19.8759,95.4648,9.5
Rice,Clayey,Rainy,High,Rice Blast,Low,No,0.596,88.3,30.9,84.0,282.5,5.17,67.6,59.5,40.2,56.5,3.36,30.622,72.2174,19.4
Coffee,Loamy,Rainy,Medium,None,Low,No,0.532,43.1,29.0,55.6,157.0,6.43,84.0,29.5,34.6,63.6,6.3,13.9853,81.7386,11.0
Maize,Sandy,Normal,Low,None,Moderate,Yes,0.494,28.3,25.2,69.5,96.6,5.62,61.3,35.8,16.7,46.9,3.62,16.1411,91.564,16.4
Rice,Loamy,Rainy,High,Rice Blast,Low,No,0.593,81.4,38.7,80.4,298.1,6.54,63.0,50.3,39.1,67.0,4.15,31.6291,75.2787,21.3
Coconut,Silty,Normal,High,Root Wilt,Low,No,0.275,51.9,28.4,97.3,140.0,5.63,11.7,24.3,33.2,41.9,2.45,15.3508,95.7916,5.6
Blackgram,Clayey,Normal,Medium,None,Moderate,Yes,0.283,20.5,27.3,66.3,66.3,7.27,26.5,74.4,19.2,54.7,4.37,26.1914,96.1871,13.6
Banana,Loamy,Normal,High,Panama Wilt,Low,No,0.533,33.8,25.8,82.0,105.8,5.76,111.7,87.6,51.6,70.0,4.41,33.4125,78.2937,3.1
Jute,Clayey,Rainy,Low,Stem Rot,Low,No,0.69,45.5,22.7,81.5,153.5,7.11,82.9,50.9,41.3,67.6,4.88,23.4078,95.0807,3.6
Watermelon,Silty,Normal,High,Anthracnose,High,Yes,0.557,19.3,23.2,82.5,42.8,6.54,83.0,26.6,51.6,65.0,2.22,21.3089,71.2412,13.1
Cotton,Silty,Normal,Medium,Bacterial Blight,Moderate,Yes,0.53,33.1,22.6,75.5,60.0,7.14,118.5,57.7,20.1,67.3,3.49,29.9891,71.7614,5.5
Coffee,Loamy,Rainy,High,None,Low,No,0.689,51.4,25.3,50.8,183.7,6.13,105.2,25.2,28.6,65.9,5.31,24.7744,81.6225,3.7
Pomegranate,Clayey,Cool,High,Bacterial Blight,Low,No,0.437,44.0,19.5,85.5,114.2,6.25,12.0,29.8,41.3,52.2,3.18,29.3977,84.4299,4.7
Cotton,Clayey,Normal,Low,Bacterial Blight,Moderate,Yes,0.65,26.1,22.6,81.7,69.0,6.66,136.1,48.4,24.6,78.1,4.87,28.5298,91.7573,0.0
Mango,Clayey,Normal,Medium,Powdery Mildew,Moderate,Yes,0.267,25.7,33.6,51.0,93.6,6.6,21.4,32.8,29.9,63.2,3.65,26.8117,85.7374,3.6
Mango,Loamy,Normal,High,None,Moderate,Yes,0.385,21.3,27.6,50.8,92.4,6.98,14.0,27.3,30.1,54.5,3.68,28.7064,94.2509,9.0
Mungbean,Silty,Normal,High,Yellow Mosaic Virus,Moderate,Yes,0.309,30.7,28.3,83.5,56.8,7.32,13.2,36.1,22.7,51.0,2.72,20.9816,80.8159,10.2
Kidneybeans,Silty,Cool,Low,None,Moderate,Yes,0.194,28.8,15.4,19.4,84.3,6.46,1.9,73.6,16.1,60.1,5.09,29.0511,84.6292,13.8
Kidneybeans,Sandy,Normal,Low,None,Low,No,0.481,51.1,21.3,17.1,146.4,6.11,16.1,57.1,24.7,53.1,5.28,14.7797,76.8651,3.7
Pomegranate,Clayey,Normal,High,Bacterial Blight,Low,No,0.325,35.2,24.4,92.6,107.0,5.66,18.0,29.1,42.6,49.6,2.66,12.0271,90.2003,5.9
Kidneybeans,Silty,Normal,Low,None,Low,No,0.478,53.9,24.8,18.3,142.3,6.31,38.1,63.7,16.6,62.5,6.2,32.1539,82.1515,0.0
Cotton,Clayey,Normal,Low,Bacterial Blight,Moderate,Yes,0.64,42.0,21.1,83.4,85.3,6.26,100.4,44.5,24.9,63.0,3.93,11.1736,93.5471,13.8
Mothbeans,Sandy,Normal,Medium,None,Moderate,Yes,0.306,19.2,29.2,50.4,58.6,7.7,30.8,57.1,18.0,44.7,3.49,10.5222,78.0677,3.6
Muskmelon,Clayey,Normal,High,None,High,Yes,0.482,10.0,29.6,92.6,25.0,6.32,91.5,11.0,48.4,69.4,2.69,21.3194,84.0584,6.5
Chickpea,Clayey,Normal,Low,None,Moderate,Yes,0.507,33.5,20.2,14.5,72.5,8.13,50.8,57.1,79.4,53.4,4.64,15.849,92.9225,3.9
Coffee,Clayey,Normal,High,None,Low,No,0.563,42.5,29.8,67.1,147.1,7.4,99.9,17.5,25.8,55.7,4.29,27.7131,94.6255,2.5
Blackgram,Sandy,Normal,Low,None,Moderate,Yes,0.318,27.2,29.4,64.7,68.5,6.56,21.5,71.7,15.5,66.1,5.71,8.8966,87.5313,17.3
Coffee,Silty,Rainy,Medium,None,Low,No,0.596,54.0,27.6,67.1,159.5,6.11,83.9,39.8,31.0,59.5,5.97,15.317,93.024,14.6
Papaya,Silty,Rainy,High,Papaya Ring Spot Virus,Low,No,0.621,66.6,33.4,93.8,221.0,6.69,52.9,53.2,54.3,62.6,3.82,36.8211,95.9305,0.2
Mothbeans,Sandy,Normal,High,Root Rot,Moderate,Yes,0.213,26.3,31.8,62.6,60.8,9.11,1.8,53.1,23.4,24.4,0.8,22.2284,71.5674,15.6
Apple,Clayey,Normal,High,Apple Scab,Low,No,0.277,30.9,23.1,90.9,115.4,5.68,9.1,133.0,202.4,79.9,4.24,15.9498,87.3317,10.0
Mungbean,Sandy,Normal,High,None,Moderate,Yes,0.402,12.7,28.0,87.4,53.9,7.22,25.5,45.8,15.8,51.5,3.09,28.7155,75.839,1.4
Apple,Clayey,Normal,High,Apple Scab,Low,No,0.34,33.2,23.9,91.6,105.2,5.95,8.1,134.9,201.4,88.9,4.55,16.5113,81.1377,14.4
Lentil,Silty,Normal,High,None,High,Yes,0.322,28.3,23.5,68.6,43.8,7.21,30.4,63.2,15.9,49.2,1.81,27.59,68.0611,0.0
Papaya,Sandy,Normal,High,Anthracnose,Moderate,Yes,0.39,27.5,24.4,90.9,79.8,6.8,61.8,49.3,50.6,69.1,2.93,36.6863,77.6579,1.4
Papaya,Sandy,Rainy,High,Papaya Ring Spot Virus,Low,No,0.515,43.4,35.6,90.7,173.1,6.57,66.3,58.1,45.1,69.3,4.2,27.0824,79.0654,2.6
Lentil,Sandy,Normal,High,None,High,Yes,0.352,22.9,26.7,64.8,46.7,5.68,13.5,62.8,17.1,51.8,1.89,22.786,81.6754,4.7
Lentil,Clayey,Cool,High,None,High,Yes,0.362,16.8,19.2,69.0,43.8,7.02,19.4,77.9,20.9,56.3,2.01,20.4131,72.4791,4.0
Pigeonpeas,Silty,Hot & Dry,High,Fusarium Wilt,Low,No,0.494,30.9,35.9,32.9,130.8,7.25,28.6,73.9,23.5,55.1,3.05,9.9274,95.6704,0.0
Muskmelon,Silty,Normal,High,None,High,Yes,0.579,10.0,28.0,90.7,25.6,6.11,107.4,13.2,46.9,61.9,2.47,22.4575,82.4184,3.4
Muskmelon,Sandy,Normal,High,None,High,Yes,0.547,13.9,25.1,90.0,23.0,6.44,103.0,18.4,54.9,69.0,2.95,25.2343,90.9339,4.3
Mungbean,Clayey,Normal,High,None,Moderate,Yes,0.366,10.4,27.9,83.6,51.8,6.29,34.0,39.2,15.6,54.7,3.42,32.4044,87.4081,0.4
Banana,Silty,Normal,High,None,Low,No,0.595,31.8,28.7,79.5,113.6,6.02,118.1,84.8,52.7,78.5,6.21,20.5971,95.452,3.2
Blackgram,Silty,Normal,Low,None,Moderate,Yes,0.322,15.8,26.7,64.2,65.7,6.54,40.6,72.6,16.8,62.3,5.04,21.1689,80.5464,0.7
Maize,Loamy,Cool,Medium,None,Moderate,Yes,0.571,32.2,18.7,60.3,90.6,6.82,95.0,43.4,21.9,64.0,5.61,26.0518,93.1411,0.9
Mango,Loamy,Normal,High,None,Moderate,Yes,0.32,31.2,29.1,51.4,87.9,6.11,17.9,38.7,31.2,59.3,3.61,9.9373,82.6787,5.7
Apple,Silty,Normal,High,Apple Scab,Low,No,0.39,39.5,20.6,91.7,108.0,6.32,25.3,136.5,196.5,88.8,4.88,34.7476,75.9486,0.0
Chickpea,Silty,Normal,Low,None,Moderate,Yes,0.328,29.7,22.4,14.3,76.6,8.22,46.4,64.9,75.8,47.3,3.59,32.7718,68.4663,4.1
Apple,Silty,Normal,High,Apple Scab,Low,No,0.286,37.0,22.0,94.4,100.1,6.06,2.5,126.5,195.1,87.5,4.43,13.1935,88.1657,15.1
Lentil,Sandy,Normal,Medium,None,High,Yes,0.35,28.2,22.3,60.1,47.4,7.01,27.9,63.2,24.4,56.8,2.91,34.9392,96.3275,4.5
Papaya,Sandy,Normal,High,Papaya Ring Spot Virus,Low,No,0.532,39.0,27.3,90.2,109.3,6.51,58.2,53.9,51.9,74.0,4.02,26.9338,91.5278,4.8
Coffee,Silty,Normal,Low,None,Low,No,0.667,45.1,26.5,58.1,118.5,7.31,100.9,36.3,28.4,57.8,5.55,13.9678,89.3871,0.0
Coffee,Clayey,Normal,Low,None,Low,No,0.567,54.4,21.1,62.1,133.6,6.74,103.2,24.9,26.9,69.5,6.75,28.1961,78.8507,0.0
Pigeonpeas,Silty,Rainy,Low,Fusarium Wilt,Low,No,0.418,47.8,29.5,47.0,170.8,6.08,3.8,61.4,17.9,49.8,3.54,30.9198,71.8964,11.5
Rice,Silty,Rainy,High,Rice Blast,Low,No,0.647,57.5,35.8,84.3,219.3,7.27,60.7,36.3,42.9,60.7,3.79,27.0225,83.3463,27.2
Watermelon,Sandy,Normal,High,None,High,Yes,0.538,18.6,25.7,84.1,48.5,6.9,89.5,14.8,46.7,67.5,3.09,25.4562,85.3899,10.5
Apple,Clayey,Normal,High,Apple Scab,Low,No,0.325,39.0,20.3,90.6,109.4,6.4,14.0,139.1,203.8,96.3,4.97,21.1157,82.9519,3.4
Coffee,Silty,Rainy,Medium,None,Low,No,0.766,50.2,29.6,60.8,195.6,6.82,112.1,28.3,28.0,71.2,7.4,25.3099,80.8736,2.7
Mungbean,Silty,Normal,High,None,Moderate,Yes,0.324,13.6,29.5,86.9,52.9,6.95,22.8,41.6,22.2,49.5,3.43,31.8544,81.1933,3.1
Coconut,Clayey,Rainy,High,Root Wilt,Low,No,0.464,65.8,25.3,91.8,191.2,6.32,35.0,15.1,27.9,52.7,2.92,30.4647,95.5072,4.1
Mothbeans,Loamy,Normal,Low,None,Moderate,Yes,0.294,18.8,29.2,37.4,57.9,7.86,21.4,56.6,19.6,46.2,3.44,11.8865,74.7645,0.0
Cotton,Loamy,Normal,Medium,Bacterial Blight,Moderate,Yes,0.659,18.1,21.2,75.7,68.7,5.55,137.6,36.5,19.9,63.0,3.62,26.0797,84.7127,1.7
Chickpea,Silty,Normal,Low,None,Moderate,Yes,0.349,32.9,23.1,13.1,66.8,6.37,44.4,64.9,78.6,72.7,5.89,25.0916,96.2714,4.2
Mungbean,Silty,Normal,High,None,High,Yes,0.154,20.9,27.9,81.1,35.4,6.49,5.9,40.5,22.0,60.4,2.66,15.7648,85.0168,13.3
Mothbeans,Silty,Normal,High,None,Moderate,Yes,0.325,15.5,28.6,39.9,56.6,8.44,36.8,57.2,20.6,35.8,2.15,32.9305,81.1379,3.9
Banana,Loamy,Normal,High,None,Moderate,Yes,0.639,24.4,27.9,77.3,95.8,6.2,118.1,81.4,52.5,76.1,5.31,25.5372,73.9911,4.6
Chickpea,Clayey,Normal,Low,None,Moderate,Yes,0.406,43.6,21.7,17.2,94.6,8.41,52.1,61.7,80.6,48.0,3.92,18.9797,76.2088,0.0
Cotton,Loamy,Normal,Low,Bacterial Blight,Moderate,Yes,0.698,18.8,20.7,81.5,69.2,6.56,133.2,50.6,18.5,75.1,4.09,18.6489,75.2284,0.2
Papaya,Silty,Normal,High,Papaya Ring Spot Virus,Low,No,0.529,48.0,24.7,91.3,141.5,6.79,62.8,46.1,52.5,70.2,3.88,32.8568,91.8663,3.8
Mango,Clayey,Normal,Low,Bacterial Canker,Low,No,0.31,32.9,25.1,53.9,101.4,5.11,27.5,28.0,27.4,43.0,2.94,9.2167,78.2381,4.8
Blackgram,Sandy,Normal,Medium,None,Moderate,Yes,0.408,23.9,27.9,62.4,72.6,6.99,24.1,77.3,20.4,54.9,4.75,13.4944,90.5422,15.1
Banana,Sandy,Normal,High,Panama Wilt,Low,No,0.611,32.2,27.3,81.7,104.3,6.12,114.7,72.2,51.0,78.8,4.91,11.1085,90.0732,0.0
Maize,Silty,Cool,High,None,Low,No,0.436,45.7,18.1,59.5,107.6,6.22,72.7,59.9,20.3,65.3,4.98,18.1776,88.9088,6.4
Papaya,Silty,Rainy,High,Papaya Ring Spot Virus,Low,No,0.566,67.2,29.6,93.6,245.2,6.53,59.5,38.5,54.6,65.6,3.64,12.0894,88.0032,0.0
Coconut,Sandy,Rainy,High,Root Wilt,Low,No,0.394,53.5,29.2,96.3,180.6,5.52,6.8,17.2,26.8,41.0,2.45,25.1375,77.0022,10.9
Grapes,Loamy,Cool,Low,Anthracnose,Moderate,Yes,0.23,26.1,11.3,83.4,73.3,6.17,7.3,125.7,199.5,87.6,4.34,15.5833,87.3227,12.4
Watermelon,Clayey,Normal,High,Anthracnose,Moderate,Yes,0.545,18.8,21.7,81.8,55.6,6.33,114.9,9.4,51.3,70.7,3.41,17.6181,75.8623,0.0
Lentil,Silty,Normal,Medium,None,High,Yes,0.283,19.8,24.5,68.7,37.5,6.26,0.1,71.0,21.5,54.6,2.87,17.7959,95.3317,20.1
Pigeonpeas,Loamy,Normal,High,Fusarium Wilt,Low,No,0.376,36.4,32.9,69.1,117.7,4.83,34.5,60.5,17.6,37.3,2.25,25.6843,75.897,0.0
Lentil,Silty,Normal,Medium,None,High,Yes,0.225,10.3,24.4,68.0,36.3,6.69,23.5,64.1,22.9,56.8,2.88,15.843,93.526,3.4
Chickpea,Loamy,Normal,Low,None,Moderate,Yes,0.28,19.7,24.8,13.9,65.2,6.2,38.1,58.4,83.1,64.2,4.9,9.6159,80.0635,1.0
Chickpea,Loamy,Cool,Low,None,Moderate,Yes,0.418,38.3,16.6,18.5,86.2,5.63,29.0,61.6,81.1,61.8,4.71,17.0674,68.9652,13.4
Apple,Loamy,Normal,High,Apple Scab,Low,No,0.377,34.0,24.7,93.6,122.7,5.57,4.6,133.3,201.4,81.1,4.36,32.027,78.5169,12.8
Mungbean,Sandy,Normal,High,None,Moderate,Yes,0.374,12.9,28.3,88.8,55.4,6.24,34.9,36.9,23.1,60.7,4.37,14.9683,79.9933,3.6
Rice,Loamy,Rainy,Medium,Rice Blast,Low,No,0.616,60.8,23.1,80.0,167.3,5.25,92.4,56.1,40.0,56.7,3.98,17.9085,89.0301,0.0
Papaya,Clayey,Rainy,High,Papaya Ring Spot Virus,Low,No,0.454,47.1,39.3,91.7,208.7,6.76,44.6,57.0,47.5,60.3,3.37,17.1507,78.4473,8.5
Apple,Clayey,Normal,High,Apple Scab,Low,No,0.487,34.3,20.8,91.6,108.9,5.75,39.1,141.6,199.8,82.0,4.93,33.142,78.1223,3.9
Coconut,Sandy,Normal,High,Root Wilt,Low,No,0.369,50.5,29.0,96.7,146.3,6.24,35.6,8.9,27.7,55.0,3.14,20.1108,77.5703,1.3
Cotton,Sandy,Normal,High,Bacterial Blight,Moderate,Yes,0.521,36.0,20.0,81.0,96.7,6.05,104.6,44.7,23.7,70.1,3.45,27.0086,79.7008,16.2
Banana,Clayey,Normal,High,None,Low,No,0.63,37.1,27.1,75.9,105.7,6.03,103.9,90.2,53.3,78.4,6.06,20.6703,88.8916,3.5
Mango,Clayey,Hot & Dry,Low,Powdery Mildew,Moderate,Yes,0.377,28.9,31.7,48.3,86.9,5.39,20.2,37.6,28.3,46.7,2.58,17.8789,82.8399,4.3
Kidneybeans,Loamy,Cool,Low,None,Low,No,0.346,32.5,17.7,15.6,113.1,5.63,39.8,64.0,21.9,49.3,5.12,30.9603,96.6151,2.1
Coffee,Silty,Normal,High,None,Low,No,0.64,29.3,28.9,69.3,111.6,7.07,95.7,19.0,30.6,57.5,4.96,19.1101,84.1159,6.5
Orange,Silty,Cool,High,Citrus Canker,Low,No,0.419,40.8,15.0,92.8,113.6,6.6,7.1,16.0,6.8,50.9,2.66,36.6041,79.0128,14.6
Grapes,Sandy,Cool,Low,Anthracnose,Moderate,Yes,0.275,35.9,8.4,84.3,71.0,6.05,30.1,128.4,195.4,86.4,4.46,33.7685,94.2933,0.0
Coffee,Clayey,Normal,High,None,Low,No,0.597,40.9,25.6,54.9,114.3,7.12,87.8,33.7,27.0,58.8,4.76,9.483,91.7578,10.2
Jute,Silty,Rainy,Medium,Anthracnose,Low,No,0.565,57.8,20.5,70.5,195.3,7.29,64.9,49.7,36.7,56.3,4.39,17.0615,96.4436,13.8
Mungbean,Loamy,Normal,High,None,High,Yes,0.253,10.0,29.9,83.5,41.0,6.43,15.8,37.7,18.7,54.5,2.33,9.5969,76.1285,2.9
Orange,Silty,Normal,High,Citrus Canker,Low,No,0.426,28.5,23.8,92.3,104.6,6.32,35.4,9.5,5.6,53.1,2.92,23.1125,92.8194,1.9
Jute,Loamy,Rainy,High,None,Low,No,0.503,47.3,29.7,73.9,155.5,6.14,67.1,58.6,38.3,64.4,5.43,33.2231,92.0949,11.8
Mungbean,Clayey,Normal,High,None,High,Yes,0.308,11.0,28.7,85.3,35.1,6.06,36.4,49.4,20.8,54.4,2.33,32.7075,86.0773,4.4
Jute,Clayey,Rainy,Low,Stem Rot,Low,No,0.534,60.1,21.3,80.7,162.5,6.49,80.0,46.9,37.7,70.5,5.42,36.6936,89.2202,0.9
Rice,Silty,Rainy,High,Rice Blast,Low,No,0.765,65.3,27.7,84.0,186.9,6.66,116.4,42.0,38.8,72.3,4.52,24.4709,80.7696,2.1
Kidneybeans,Silty,Cool,Low,None,Moderate,Yes,0.298,26.8,19.1,20.1,92.4,5.97,20.1,79.3,15.9,61.6,4.8,17.8185,83.5281,3.3
Muskmelon,Loamy,Normal,High,None,High,Yes,0.502,12.8,27.3,91.7,23.2,6.02,108.4,24.1,51.8,67.4,2.55,17.2447,82.3735,2.3
Apple,Clayey,Normal,High,Apple Scab,Low,No,0.296,31.2,24.1,92.4,111.1,5.89,26.6,139.0,203.6,90.5,4.45,23.152,69.5725,3.0
Apple,Silty,Normal,High,Apple Scab,Low,No,0.508,48.1,24.5,90.2,124.5,6.46,30.9,137.7,196.3,94.9,4.92,12.4157,93.4744,4.9
Coffee,Loamy,Rainy,Low,None,Low,No,0.68,58.3,26.8,55.1,189.6,6.86,95.6,37.2,29.9,67.2,6.93,24.1384,77.4618,1.5
Chickpea,Sandy,Normal,High,None,Moderate,Yes,0.311,32.7,29.9,11.5,77.7,7.39,45.4,68.4,82.5,61.7,3.71,10.9347,81.7626,2.1
Pigeonpeas,Silty,Rainy,High,Fusarium Wilt,Low,No,0.553,46.4,35.9,54.3,196.3,7.01,36.7,62.0,18.9,60.3,3.78,17.0155,87.9798,0.0
Pigeonpeas,Clayey,Rainy,High,None,Low,No,0.362,65.0,21.4,61.4,184.0,6.96,1.2,79.0,22.0,60.1,4.92,26.9534,82.0894,14.0
Banana,Loamy,Normal,High,None,Low,No,0.604,43.2,26.5,78.9,112.8,5.55,98.8,78.8,45.5,66.4,5.12,11.1402,88.0782,5.3
Chickpea,Loamy,Normal,Low,None,Moderate,Yes,0.472,36.1,24.0,14.9,74.9,8.26,38.2,78.3,79.5,44.7,3.64,23.5571,85.6802,1.4
Lentil,Clayey,Normal,Low,None,High,Yes,0.222,21.1,28.0,64.8,39.4,7.39,14.8,76.2,21.6,51.5,2.34,17.6418,90.6338,3.6
Maize,Clayey,Normal,Medium,None,Low,No,0.588,29.8,29.8,64.5,109.8,5.93,64.6,57.7,17.4,60.1,6.28,16.4171,85.0892,16.4
Rice,Clayey,Rainy,High,Rice Blast,Low,No,0.539,58.4,30.4,82.3,225.0,5.67,67.0,42.6,41.8,56.7,3.38,19.3306,93.809,21.7
Mothbeans,Sandy,Normal,High,None,High,Yes,0.284,20.7,28.9,68.6,43.4,9.21,30.3,35.7,21.1,17.9,1.25,33.6529,92.7831,2.0
Coffee,Silty,Normal,High,None,Low,No,0.563,38.6,21.9,69.8,134.2,7.17,113.0,38.9,25.8,62.9,5.28,36.5591,82.6581,0.2
Banana,Loamy,Normal,High,None,Low,No,0.547,32.7,29.0,78.8,115.0,5.75,103.0,72.2,48.9,68.8,5.22,36.7691,73.3269,1.9
Coconut,Clayey,Normal,High,Root Wilt,Low,No,0.352,40.9,27.7,94.0,136.5,6.12,35.2,16.7,28.0,58.6,3.18,33.2235,94.0256,4.7
Mungbean,Loamy,Normal,High,None,High,Yes,0.386,10.0,28.3,85.2,43.8,6.36,25.1,37.1,23.5,54.8,2.45,12.2035,85.3546,0.4
Coffee,Loamy,Rainy,Medium,Root Rot,Low,No,0.659,39.9,26.7,69.0,150.4,6.11,88.8,26.2,34.8,67.0,5.15,19.0214,80.8388,8.9
Grapes,Sandy,Normal,Low,Anthracnose,Moderate,Yes,0.283,33.3,22.1,81.0,67.8,5.64,32.8,143.2,196.4,81.0,4.97,14.5581,84.3908,1.1
Mango,Loamy,Normal,High,None,Low,No,0.337,35.8,26.8,47.4,100.1,5.43,2.0,38.6,33.9,45.6,3.92,9.0114,85.5971,13.7
Pomegranate,Sandy,Normal,High,Bacterial Blight,Low,No,0.321,46.1,21.9,86.1,102.3,5.99,12.2,21.8,38.7,48.8,2.71,10.2477,86.8682,10.7
Apple,Silty,Normal,High,Apple Scab,Low,No,0.489,51.4,21.9,91.0,124.2,6.33,31.2,126.9,200.0,97.0,4.84,13.6374,88.0481,4.1
Jute,Loamy,Rainy,High,Stem Rot,Low,No,0.611,56.4,24.7,83.4,158.3,6.04,81.8,41.8,39.9,65.5,3.43,10.9745,77.7048,0.0
Mothbeans,Silty,Normal,Medium,None,High,Yes,0.284,10.0,25.8,64.0,34.6,6.98,21.7,58.2,24.3,51.6,2.72,9.2418,96.8793,0.1
Watermelon,Clayey,Normal,Low,Anthracnose,High,Yes,0.409,15.0,22.4,81.7,44.8,6.96,89.7,16.7,51.4,58.5,2.47,11.0235,69.4895,7.3
Muskmelon,Sandy,Normal,High,Fusarium Wilt,High,Yes,0.533,21.9,25.4,92.8,21.8,6.49,111.2,21.7,52.0,76.4,1.9,27.2667,90.4911,0.0
Banana,Clayey,Normal,High,None,Moderate,Yes,0.613,26.2,27.7,84.7,96.7,6.01,83.6,72.0,52.2,66.8,4.18,15.3358,91.5827,16.4
Kidneybeans,Clayey,Normal,Low,None,Low,No,0.407,42.3,21.2,17.8,103.2,5.76,32.8,62.0,16.7,57.2,5.46,20.3621,89.2868,3.1
Rice,Sandy,Rainy,High,Rice Blast,Low,No,0.723,59.0,31.6,84.0,170.5,5.05,100.9,54.0,40.9,51.9,2.96,30.4398,71.1555,0.0
Muskmelon,Loamy,Normal,High,None,High,Yes,0.416,21.1,29.6,94.6,25.0,6.24,93.6,17.4,51.1,65.9,2.58,32.619,73.6004,6.7
Coconut,Silty,Rainy,High,Root Wilt,Low,No,0.452,56.8,27.0,96.5,222.5,6.41,17.4,14.5,26.9,52.7,3.28,32.3208,86.4115,0.8
Papaya,Silty,Normal,High,Phytophthora Blight,Moderate,Yes,0.453,17.0,37.6,91.0,92.4,6.89,64.6,51.9,51.2,66.0,3.45,33.4097,96.06,0.0
Mothbeans,Clayey,Normal,Medium,Root Rot,Moderate,Yes,0.224,32.5,30.4,62.8,69.3,7.52,5.4,41.7,18.8,47.8,2.46,21.9883,93.2162,12.4
Mungbean,Sandy,Normal,High,None,Moderate,Yes,0.274,20.0,27.9,87.0,55.4,6.84,0.1,55.1,24.9,56.0,3.87,19.6555,78.7884,16.6
Coffee,Loamy,Rainy,High,None,Low,No,0.563,67.1,23.1,69.6,198.0,6.37,91.5,27.8,31.4,67.1,5.32,27.2708,89.5907,5.2
Mungbean,Sandy,Normal,High,None,Moderate,Yes,0.315,11.3,28.2,81.6,54.3,7.43,8.6,53.0,18.5,45.2,3.2,25.4158,81.1942,14.0
Coffee,Silty,Normal,Medium,None,Low,No,0.489,35.7,27.4,56.5,114.1,7.26,86.4,17.5,34.8,60.3,6.37,10.0527,82.4133,12.1
Coffee,Loamy,Rainy,High,None,Low,No,0.674,64.8,21.6,65.8,184.4,7.39,110.2,18.0,30.5,52.5,3.94,34.8801,69.8307,1.2
Pigeonpeas,Silty,Normal,Low,None,Moderate,Yes,0.328,27.6,20.5,63.7,93.0,6.37,32.2,59.5,21.5,59.3,5.03,25.4316,78.5116,0.0
Pigeonpeas,Silty,Rainy,High,None,Low,No,0.349,58.2,29.5,34.2,187.7,7.02,13.8,72.1,18.7,55.5,4.68,35.217,96.1318,5.9
Blackgram,Loamy,Normal,Low,None,Moderate,Yes,0.435,19.6,29.3,64.0,64.0,6.86,46.5,75.7,20.9,62.6,5.23,12.8443,83.7715,1.8
Kidneybeans,Silty,Normal,Low,None,Moderate,Yes,0.305,29.8,22.9,19.7,73.6,5.75,9.7,71.3,16.7,46.7,4.12,35.6852,86.7658,8.3
Mungbean,Sandy,Normal,High,None,Moderate,Yes,0.32,11.8,27.6,80.7,56.8,7.33,1.6,35.9,17.7,44.0,2.96,24.7417,90.7191,14.7
Banana,Clayey,Normal,High,None,Low,No,0.669,37.0,26.3,77.1,119.2,5.58,98.9,93.7,51.2,71.3,5.79,9.4844,93.3867,2.2
Cotton,Loamy,Normal,High,Bacterial Blight,Moderate,Yes,0.76,31.6,24.9,77.1,91.4,6.62,133.3,57.2,24.4,75.5,3.62,21.8507,85.1395,0.0
Mango,Sandy,Normal,Low,None,Moderate,Yes,0.327,39.7,25.6,50.1,99.7,5.42,17.9,29.1,29.9,42.7,3.79,23.6424,79.6202,4.8
Kidneybeans,Loamy,Cool,Low,None,Low,No,0.405,39.9,15.9,16.5,130.4,5.56,25.3,79.5,23.1,56.9,5.54,11.7239,82.3185,4.3
Mango,Clayey,Normal,Low,None,Moderate,Yes,0.419,39.2,26.8,48.2,87.4,5.83,19.2,19.1,29.1,51.0,3.87,22.169,79.1076,4.0
Kidneybeans,Silty,Normal,Low,None,Moderate,Yes,0.45,21.8,23.7,18.6,67.0,6.12,34.2,63.7,15.6,59.3,4.99,11.1666,94.303,0.0
Lentil,Sandy,Normal,High,None,High,Yes,0.317,28.6,21.7,65.1,49.5,6.69,8.5,66.5,21.7,58.5,2.11,33.1314,94.2527,8.1
Cotton,Clayey,Normal,Low,Bacterial Blight,Moderate,Yes,0.755,44.4,22.4,78.5,96.1,6.48,128.3,56.5,15.5,74.4,4.38,20.1775,81.085,3.9
Coconut,Silty,Rainy,High,Root Wilt,Low,No,0.382,51.4,28.7,95.1,195.3,6.38,12.2,5.7,34.9,57.4,3.69,14.698,82.5151,6.1
Mothbeans,Clayey,Normal,High,None,Moderate,Yes,0.366,15.4,24.4,69.4,65.0,8.12,38.3,49.7,22.5,40.5,2.44,26.379,88.7202,2.2
Coffee,Clayey,Rainy,Medium,None,Low,No,0.674,61.1,25.1,58.4,192.2,7.1,94.3,26.2,27.3,56.0,5.86,26.6753,94.4629,3.5
Coconut,Sandy,Rainy,High,Root Wilt,Low,No,0.421,47.1,26.2,98.1,183.3,6.28,18.4,13.5,27.2,59.0,3.69,23.2589,86.007,4.5
Watermelon,Clayey,Normal,High,None,Moderate,Yes,0.588,27.0,27.7,82.8,51.5,6.52,110.0,19.3,53.5,77.3,5.02,35.9195,95.1892,4.1
Mango,Sandy,Normal,Medium,Powdery Mildew,Moderate,Yes,0.273,34.5,31.3,52.5,90.5,6.81,14.3,16.0,33.0,54.0,3.43,21.9943,92.1074,6.2
Cotton,Sandy,Normal,High,Bacterial Blight,Moderate,Yes,0.567,26.0,23.7,80.2,97.7,7.36,119.3,49.4,24.9,64.1,2.84,31.7057,85.4581,5.0
Mothbeans,Clayey,Hot & Dry,Medium,Root Rot,Moderate,Yes,0.428,24.1,31.6,45.5,67.2,8.1,33.7,44.2,21.9,41.2,2.72,9.7439,83.3385,0.0
Maize,Loamy,Cool,Low,Maize Rust,Moderate,Yes,0.428,33.3,18.3,72.8,65.5,5.91,61.5,52.3,24.8,54.0,2.83,9.3482,87.3623,13.8
Cotton,Silty,Normal,Medium,None,Moderate,Yes,0.751,31.7,21.4,79.5,91.2,6.26,127.4,42.6,21.5,73.4,5.88,34.6489,79.2976,2.4
Orange,Sandy,Cool,High,None,Low,No,0.426,39.8,19.1,93.8,100.2,7.17,16.0,10.7,8.4,44.8,3.37,12.8888,94.7435,5.5
Apple,Loamy,Normal,High,Apple Scab,Low,No,0.371,30.6,22.1,90.4,112.5,5.84,22.7,122.7,199.9,81.9,4.77,11.1687,71.9068,4.8
Mothbeans,Clayey,Normal,High,None,High,Yes,0.316,24.1,25.2,52.2,38.3,7.88,27.2,43.1,22.6,44.2,1.95,35.4945,89.3937,3.4
Kidneybeans,Silty,Cool,Low,None,Moderate,Yes,0.325,41.3,15.5,16.0,72.6,6.22,37.8,58.3,17.7,57.9,4.89,30.4874,86.8171,0.0
Grapes,Sandy,Normal,High,Powdery Mildew,Moderate,Yes,0.407,26.3,36.0,80.2,66.6,6.4,22.0,138.9,200.9,94.0,3.72,24.8864,85.16,2.3
Orange,Loamy,Normal,High,Citrus Canker,Low,No,0.379,44.6,27.3,90.4,119.3,6.82,21.9,22.5,10.8,53.8,3.46,28.9379,80.9855,3.5
Pomegranate,Silty,Normal,High,Bacterial Blight,Low,No,0.465,28.0,24.8,94.8,107.6,6.44,30.0,10.6,41.3,63.4,3.7,24.4108,76.226,0.6
Mango,Sandy,Normal,High,Powdery Mildew,Moderate,Yes,0.322,36.6,31.8,51.3,90.6,4.54,16.4,32.7,31.4,28.6,1.1,17.8588,95.1507,5.6
Mothbeans,Sandy,Normal,Low,None,High,Yes,0.384,16.2,24.4,55.6,43.0,7.18,38.1,42.2,16.4,57.2,3.04,10.6117,88.9208,4.8
Papaya,Sandy,Normal,High,Papaya Ring Spot Virus,Low,No,0.358,33.0,27.3,94.6,123.8,6.64,31.5,47.4,46.6,63.3,3.42,17.4858,80.6675,17.4
Papaya,Silty,Rainy,High,Papaya Ring Spot Virus,Low,No,0.477,52.5,39.1,92.4,204.7,6.58,49.5,48.2,48.2,71.5,3.72,32.234,89.8931,1.2
Watermelon,Sandy,Normal,High,None,Moderate,Yes,0.582,19.6,27.9,82.9,54.4,6.67,90.3,20.3,46.1,63.0,4.46,9.9103,69.2762,8.2
Kidneybeans,Silty,Normal,Medium,None,Low,No,0.379,36.8,24.4,20.2,118.4,5.88,39.5,67.2,18.3,60.7,6.08,9.4514,84.9549,0.0
Cotton,Loamy,Normal,High,Bacterial Blight,Moderate,Yes,0.653,20.4,21.9,82.7,77.5,6.25,136.0,41.0,16.6,70.1,3.47,33.4744,71.596,3.3
Grapes,Sandy,Normal,High,Anthracnose,Moderate,Yes,0.285,18.8,24.9,84.4,72.2,5.75,29.9,133.8,201.1,82.9,4.0,24.6501,91.7726,3.9
Maize,Sandy,Normal,High,None,Moderate,Yes,0.557,16.1,29.1,64.7,74.5,5.64,72.9,54.8,17.2,51.2,3.19,9.8281,70.5434,4.3
Blackgram,Silty,Normal,High,Powdery Mildew,Moderate,Yes,0.5,19.9,34.1,68.9,73.5,6.71,57.9,67.1,17.3,60.7,2.67,33.2677,89.9582,4.8
Kidneybeans,Sandy,Cool,Low,None,Low,No,0.307,38.9,17.6,23.1,126.0,6.39,0.4,78.0,24.0,59.1,5.72,12.3096,88.7961,19.7
Coconut,Silty,Rainy,High,Root Wilt,Low,No,0.477,64.5,26.2,93.0,208.4,5.54,37.2,7.6,34.7,44.4,2.51,18.6948,75.8115,4.3
Kidneybeans,Loamy,Cool,Low,None,Low,No,0.316,43.3,15.0,19.1,103.2,5.74,35.2,60.6,22.1,57.4,5.58,12.6597,78.3859,0.0
Pomegranate,Clayey,Cool,Medium,Bacterial Blight,Low,No,0.31,36.8,18.0,93.9,114.1,5.85,31.4,10.8,35.1,49.7,3.43,18.0181,88.3803,4.0
Jute,Loamy,Rainy,High,Stem Rot,Low,No,0.595,50.9,24.3,84.8,181.0,7.01,71.3,51.8,36.5,66.1,3.76,34.8637,81.5351,7.9
Rice,Clayey,Rainy,High,Rice Blast,Low,No,0.67,70.4,29.2,80.8,272.3,5.8,85.7,44.2,37.0,63.8,3.59,8.9596,90.6423,1.7
Pomegranate,Clayey,Cool,Medium,Bacterial Blight,Low,No,0.429,39.7,18.5,88.7,114.4,6.8,20.4,19.4,35.1,55.5,4.36,28.3812,76.6013,0.7
Orange,Loamy,Normal,High,Citrus Canker,Low,No,0.428,42.5,30.9,91.4,114.2,7.09,24.2,29.4,5.6,47.6,2.98,36.3245,94.8956,2.3
Orange,Loamy,Cool,High,Citrus Canker,Low,No,0.443,43.2,19.5,92.3,104.6,7.4,31.0,17.8,11.2,44.5,2.52,12.74,73.8978,0.0
Kidneybeans,Silty,Normal,Low,None,Moderate,Yes,0.349,19.6,24.1,17.4,60.9,5.77,4.0,71.6,23.9,49.9,4.37,32.6542,89.3164,17.5
Banana,Sandy,Normal,High,Bunchy Top Virus,Low,No,0.589,27.3,29.7,79.5,111.2,6.07,103.5,92.3,49.0,75.6,4.11,19.6682,95.4449,0.0
Banana,Silty,Normal,High,Panama Wilt,Low,No,0.65,33.5,27.4,81.0,110.5,5.98,103.7,93.5,48.6,70.0,4.24,28.0831,72.6393,3.1
Kidneybeans,Clayey,Cool,Low,None,Low,No,0.408,46.5,15.4,23.3,147.6,5.58,0.3,75.0,19.1,47.8,5.14,10.5259,92.5412,19.1
Chickpea,Clayey,Normal,Low,None,Moderate,Yes,0.413,27.6,25.1,17.5,94.7,7.44,23.7,66.3,78.7,57.2,4.34,8.9005,69.4852,12.7
Orange,Clayey,Cool,High,Citrus Canker,Low,No,0.269,36.1,19.7,90.9,107.3,6.42,13.3,16.8,9.8,49.5,2.81,36.6832,77.6593,7.5
Papaya,Loamy,Normal,High,Papaya Ring Spot Virus,Low,No,0.501,32.3,35.3,94.1,127.7,6.84,31.0,47.0,53.3,63.7,3.92,30.387,75.9626,14.0
Jute,Silty,Rainy,High,Stem Rot,Low,No,0.553,55.1,22.8,84.3,156.2,7.07,68.4,36.8,35.1,57.5,3.33,18.7285,83.9045,14.3
Cotton,Silty,Normal,Low,Bacterial Blight,Moderate,Yes,0.555,40.1,21.1,76.5,98.0,6.53,119.3,50.7,17.6,71.2,3.95,12.7722,78.8295,0.0
Orange,Clayey,Normal,High,Citrus Canker,Low,No,0.423,32.7,21.6,94.7,102.6,7.13,7.9,12.8,11.4,42.2,2.41,35.4413,81.7884,13.6
Chickpea,Sandy,Normal,Medium,None,Moderate,Yes,0.463,30.3,29.3,16.9,76.1,7.35,55.2,76.0,77.8,67.6,5.39,17.8678,82.4977,1.5
Lentil,Sandy,Normal,High,None,High,Yes,0.297,24.7,27.6,67.8,37.5,6.46,26.1,60.3,17.5,62.4,2.31,13.8797,81.7961,0.1
Banana,Clayey,Normal,High,None,Low,No,0.547,37.4,28.9,78.6,115.6,6.48,105.2,81.9,54.9,79.3,6.19,27.6948,69.5562,1.8
Coffee,Sandy,Normal,Low,None,Low,No,0.608,39.6,29.4,58.2,140.2,6.73,118.1,32.2,32.2,65.9,6.4,21.3129,88.4224,3.6
Maize,Loamy,Normal,Medium,Gray Leaf Spot,Moderate,Yes,0.438,36.1,23.8,66.9,85.7,6.76,80.8,45.6,23.1,62.1,3.75,11.702,94.732,3.1
Mungbean,Silty,Normal,High,None,Moderate,Yes,0.344,24.3,27.4,85.2,52.8,6.52,17.1,39.9,15.1,56.4,3.94,31.5075,72.6269,6.2
Maize,Clayey,Normal,Medium,None,Moderate,Yes,0.499,22.4,25.4,68.1,80.1,6.27,86.3,52.8,17.1,62.1,5.01,19.6601,91.8691,0.0
Papaya,Clayey,Normal,High,Papaya Ring Spot Virus,Low,No,0.353,23.1,39.7,94.0,120.0,6.93,43.1,54.1,53.9,61.8,3.16,17.0336,90.2079,4.2
Coconut,Silty,Normal,High,Root Wilt,Low,No,0.347,34.9,26.1,95.9,133.8,6.19,26.2,20.7,34.1,54.4,3.46,9.2482,71.6762,0.0
Maize,Loamy,Normal,High,None,Moderate,Yes,0.519,22.9,27.8,66.4,92.6,6.77,66.2,49.4,21.6,63.2,3.85,13.7204,73.3213,13.6
Pomegranate,Clayey,Normal,High,Bacterial Blight,Low,No,0.361,33.5,23.7,86.8,105.6,6.22,3.6,29.0,41.3,55.9,2.96,36.3088,75.7234,13.3
Lentil,Loamy,Normal,High,None,High,Yes,0.372,19.3,23.7,61.7,38.6,7.15,27.8,66.1,20.7,54.3,2.14,23.0485,87.5088,3.5
Orange,Silty,Cool,Low,Citrus Canker,Low,No,0.276,44.2,13.3,91.6,103.0,6.54,4.9,6.0,14.1,48.4,3.27,24.0845,94.0795,12.1
Coffee,Silty,Rainy,Medium,None,Low,No,0.672,44.6,24.1,67.6,168.9,6.61,118.8,17.2,25.2,66.4,6.55,17.4698,68.9176,0.6
Grapes,Sandy,Cool,High,Anthracnose,Moderate,Yes,0.359,26.8,19.9,81.1,67.5,5.7,26.3,134.5,204.7,80.4,3.91,11.4681,78.8171,4.4
Mungbean,Sandy,Normal,High,None,High,Yes,0.263,26.4,28.7,84.5,41.0,7.24,22.2,47.8,22.6,49.9,2.09,20.4808,95.3373,0.0
Mungbean,Sandy,Normal,High,None,Moderate,Yes,0.314,17.6,27.4,83.3,52.3,7.35,4.1,47.0,22.6,49.1,3.58,9.6598,93.8983,17.6
Muskmelon,Sandy,Normal,High,None,High,Yes,0.607,10.0,25.2,90.6,24.7,6.5,119.4,27.7,51.4,76.1,3.03,9.2838,94.7157,4.0
Coffee,Loamy,Normal,Medium,None,Low,No,0.684,34.0,28.9,66.4,139.4,7.12,116.7,28.1,27.1,66.8,6.88,22.8702,78.0917,0.0
Watermelon,Loamy,Normal,High,Anthracnose,Moderate,Yes,0.43,34.7,21.5,87.1,58.6,6.85,93.3,28.7,54.1,69.0,3.34,26.6492,89.6374,4.7
Jute,Loamy,Rainy,High,Stem Rot,Low,No,0.542,58.1,27.6,88.7,188.0,7.16,72.4,47.9,40.3,62.0,3.87,22.2295,88.757,9.1
Grapes,Loamy,Normal,Low,Anthracnose,Moderate,Yes,0.322,35.9,21.2,80.3,71.4,6.17,13.6,143.3,199.4,91.0,4.83,26.5169,78.2908,6.6
Kidneybeans,Sandy,Cool,Low,None,Low,No,0.33,50.1,16.4,17.0,128.0,5.51,10.2,55.5,15.5,46.2,4.9,16.8809,85.9631,10.9
Coconut,Sandy,Rainy,High,Root Wilt,Low,No,0.434,60.2,25.0,99.1,220.6,5.96,14.6,25.0,33.8,49.6,2.58,34.3198,74.4824,2.7
Orange,Clayey,Cool,High,Citrus Canker,Low,No,0.384,47.2,14.8,91.8,117.4,7.37,29.4,26.5,12.0,41.1,2.36,17.332,96.6714,1.8
Grapes,Silty,Normal,High,Anthracnose,Moderate,Yes,0.315,27.7,21.0,83.9,69.2,5.7,37.5,141.1,198.9,81.1,3.95,33.0315,72.7424,3.9
Papaya,Loamy,Normal,High,Papaya Ring Spot Virus,Low,No,0.433,35.7,37.6,91.7,101.1,6.92,41.8,36.8,49.6,61.0,3.5,26.8453,88.3292,8.0
Mothbeans,Loamy,Normal,High,None,High,Yes,0.265,10.0,26.3,33.9,30.0,9.18,7.4,36.8,21.0,24.5,0.8,9.145,72.5302,13.5
Pomegranate,Loamy,Normal,High,Bacterial Blight,Low,No,0.328,38.8,22.9,85.8,112.5,6.95,24.3,14.1,41.1,52.6,3.14,29.8436,72.6226,4.4
Maize,Sandy,Cool,Low,Maize Rust,Moderate,Yes,0.451,23.3,19.7,72.1,70.4,6.46,92.8,55.5,20.1,73.4,4.44,9.7236,69.5006,4.2
Pigeonpeas,Loamy,Normal,Medium,None,Low,No,0.474,38.4,22.9,64.0,127.0,7.36,34.2,69.7,16.0,54.2,5.67,36.2309,93.1539,0.0
Papaya,Loamy,Normal,High,Phytophthora Blight,Moderate,Yes,0.374,13.2,39.7,90.3,71.3,6.84,39.4,36.1,54.4,58.9,2.58,9.6427,76.7142,10.1
Rice,Sandy,Rainy,High,Rice Blast,Low,No,0.682,59.5,38.0,84.8,199.9,6.95,89.8,59.5,38.5,68.5,3.78,17.174,79.6209,0.9
Rice,Sandy,Rainy,High,Rice Blast,Low,No,0.726,59.4,36.2,81.2,241.9,5.68,88.5,53.9,37.1,61.4,3.43,35.568,89.9167,0.7
Chickpea,Clayey,Normal,Low,None,Moderate,Yes,0.421,19.7,27.1,15.3,69.8,5.65,59.8,68.8,83.3,65.8,5.29,10.4003,89.482,4.4
Rice,Loamy,Rainy,High,Rice Blast,Low,No,0.697,61.6,37.0,82.2,260.1,7.12,67.9,46.1,35.1,62.1,3.56,16.8496,89.2448,18.9
Muskmelon,Loamy,Normal,High,None,High,Yes,0.453,10.8,29.7,94.9,26.0,6.4,86.3,11.0,45.2,67.7,2.78,23.0481,78.0301,13.5
Lentil,Loamy,Normal,Low,None,High,Yes,0.277,19.9,23.2,63.4,35.3,5.99,7.7,70.8,24.7,50.8,2.72,10.2556,94.9658,13.3
Orange,Sandy,Cool,Low,Citrus Canker,Low,No,0.416,39.6,16.6,94.8,102.7,6.48,30.4,24.7,7.6,53.8,3.64,16.8885,79.1647,0.0
Mango,Sandy,Hot & Dry,Medium,Powdery Mildew,Moderate,Yes,0.417,31.4,30.9,45.9,88.2,4.99,29.3,18.6,28.7,34.0,2.18,24.6653,91.6889,0.0
Papaya,Clayey,Rainy,High,Papaya Ring Spot Virus,Low,No,0.417,59.0,25.8,90.1,161.1,6.6,42.7,52.4,45.1,65.2,4.05,32.5513,90.4231,9.5
Lentil,Silty,Normal,High,None,High,Yes,0.237,12.6,24.2,61.3,39.2,6.87,4.8,61.0,21.4,51.6,1.83,21.7961,68.3078,12.3
Chickpea,Sandy,Normal,High,None,Moderate,Yes,0.251,23.8,29.4,16.7,82.2,7.28,23.8,77.7,83.2,61.6,3.85,27.911,69.7188,15.3
Kidneybeans,Silty,Cool,Low,None,Low,No,0.329,48.0,16.9,16.0,124.4,5.59,21.5,74.1,15.5,47.2,4.49,25.363,74.3878,1.3
Grapes,Sandy,Cool,High,Anthracnose,Moderate,Yes,0.219,31.3,16.4,82.7,70.0,6.1,3.0,144.3,200.5,87.7,3.38,12.0236,90.1657,15.1
Mango,Silty,Hot & Dry,High,None,Low,No,0.443,33.7,31.8,47.9,100.6,6.4,24.8,35.0,33.0,61.3,4.95,30.4835,89.1402,4.7
Maize,Silty,Normal,Low,None,Moderate,Yes,0.427,39.5,25.1,59.0,88.4,6.23,64.6,53.4,24.0,67.4,5.4,14.8492,77.806,13.5
Watermelon,Loamy,Normal,High,None,Moderate,Yes,0.474,27.6,28.0,83.5,59.3,6.64,83.5,16.6,55.0,64.7,4.15,26.0298,76.1865,13.8
Pigeonpeas,Clayey,Rainy,Medium,Fusarium Wilt,Low,No,0.5,37.7,32.2,42.4,162.1,5.21,22.7,76.3,19.3,44.5,3.58,30.7642,72.7213,0.6
Apple,Silty,Normal,High,Apple Scab,Low,No,0.322,40.3,22.5,94.2,125.0,5.89,31.8,142.0,203.5,91.8,4.39,29.1518,95.2623,3.3
Cotton,Loamy,Normal,High,Bacterial Blight,Moderate,Yes,0.593,30.9,24.5,81.5,95.3,7.44,117.2,51.3,20.0,59.2,3.1,13.0498,87.6504,0.4
Pigeonpeas,Clayey,Normal,High,Fusarium Wilt,Low,No,0.312,43.7,35.9,67.6,145.7,4.55,12.0,56.7,23.5,35.6,2.01,34.5441,93.0668,9.6
Muskmelon,Silty,Normal,High,None,High,Yes,0.422,13.1,25.9,91.2,25.7,6.17,80.5,19.1,51.4,65.3,2.85,36.6054,87.8785,16.7
Mango,Clayey,Normal,Low,None,Moderate,Yes,0.313,40.8,28.4,50.2,97.8,6.92,18.0,34.8,34.7,58.8,4.9,19.5207,83.0233,4.3
Pigeonpeas,Clayey,Normal,Medium,None,Low,No,0.349,41.8,25.6,48.2,106.1,5.91,6.6,66.6,16.9,52.9,5.68,33.2438,91.4115,13.6
Pomegranate,Clayey,Normal,High,Bacterial Blight,Low,No,0.311,34.6,23.9,92.1,100.5,5.92,16.5,21.5,37.5,51.1,2.62,14.22,91.4403,2.5
Grapes,Sandy,Normal,High,None,Moderate,Yes,0.301,17.2,22.8,81.7,65.7,5.55,1.8,136.7,201.4,77.7,5.28,13.3009,82.8484,17.0
Apple,Loamy,Normal,High,Apple Scab,Low,No,0.296,47.3,24.3,90.3,112.3,5.55,7.9,133.5,204.0,84.5,4.48,23.6494,73.742,12.0
Blackgram,Sandy,Normal,High,Powdery Mildew,Moderate,Yes,0.428,18.3,32.4,69.1,65.5,7.4,54.1,71.7,19.9,56.8,2.88,13.283,75.5553,0.0
Mungbean,Loamy,Normal,High,None,High,Yes,0.284,18.0,28.8,83.7,44.8,6.87,11.2,43.2,15.2,53.1,2.57,15.062,93.4811,8.7
Mango,Silty,Normal,Medium,Powdery Mildew,Moderate,Yes,0.36,19.4,34.2,50.2,86.4,6.1,10.7,19.9,28.9,55.9,3.35,35.432,80.3216,7.6
Watermelon,Silty,Normal,High,Anthracnose,Moderate,Yes,0.49,29.1,25.4,82.1,51.2,6.46,118.1,28.4,49.5,74.0,3.39,20.0486,88.2022,3.8
Pigeonpeas,Loamy,Normal,Low,None,Low,No,0.328,32.5,26.7,33.2,125.3,6.25,20.2,72.0,22.3,55.9,5.63,26.7924,83.6437,4.5
Muskmelon,Clayey,Normal,High,None,High,Yes,0.545,19.1,28.2,90.8,29.1,6.17,89.8,26.9,52.8,67.4,3.07,25.7675,86.0752,7.9
Mango,Sandy,Hot & Dry,Low,Powdery Mildew,Low,No,0.348,24.0,31.6,48.4,100.8,4.71,7.1,38.1,33.7,31.4,2.12,17.85,95.2565,10.3
Cotton,Clayey,Normal,High,Bacterial Blight,Moderate,Yes,0.628,26.6,24.1,81.9,93.3,6.11,124.6,52.8,15.7,71.0,3.12,13.7878,80.6132,0.0
Chickpea,Sandy,Normal,High,None,Moderate,Yes,0.296,18.9,28.1,15.7,75.0,8.11,22.8,61.9,76.8,47.2,2.99,29.8368,74.1571,18.6
Jute,Sandy,Rainy,High,Stem Rot,Low,No,0.531,48.8,25.3,88.6,165.1,6.16,61.2,42.6,39.5,60.2,3.58,15.8234,80.4063,16.0
Muskmelon,Clayey,Normal,High,None,High,Yes,0.496,10.0,25.5,91.3,26.5,6.46,115.5,5.6,50.4,73.1,3.09,24.5505,78.5211,5.0
Chickpea,Silty,Cool,Low,None,Moderate,Yes,0.413,33.1,18.5,12.6,94.1,7.15,32.6,78.8,84.2,68.7,5.29,24.0676,88.8116,10.6
Orange,Silty,Normal,High,Citrus Canker,Low,No,0.426,33.5,24.8,93.1,111.1,6.02,21.9,16.6,8.9,52.0,3.32,9.4685,72.4558,4.6
Mungbean,Sandy,Normal,High,None,Moderate,Yes,0.293,24.0,29.4,84.8,59.2,6.49,13.7,54.1,19.5,59.5,4.19,31.1358,85.8114,5.7
Papaya,Clayey,Normal,High,None,Moderate,Yes,0.476,13.7,33.1,92.3,65.2,6.86,42.8,49.9,52.3,66.6,4.37,29.9204,83.2519,3.9
Apple,Clayey,Normal,High,Apple Scab,Low,No,0.445,41.8,23.8,91.3,106.0,5.62,37.6,133.2,198.1,84.9,4.18,26.7166,85.2988,3.5
Chickpea,Loamy,Normal,Medium,None,Moderate,Yes,0.402,19.4,29.6,13.2,70.4,6.82,44.0,70.2,76.5,70.0,6.04,10.848,92.6514,1.4
Blackgram,Clayey,Normal,High,Powdery Mildew,Moderate,Yes,0.443,23.5,33.0,68.8,73.8,6.52,31.4,58.5,21.1,60.7,2.83,13.6583,95.168,7.4
Mothbeans,Silty,Normal,Low,None,High,Yes,0.207,11.9,29.1,33.8,35.1,6.36,4.1,48.9,19.2,58.2,3.06,17.6703,79.4088,12.7
Papaya,Clayey,Rainy,High,Papaya Ring Spot Virus,Low,No,0.636,74.7,38.7,94.2,248.5,6.64,45.1,45.8,53.6,66.2,3.44,28.7058,91.4366,3.9
Papaya,Silty,Rainy,High,Papaya Ring Spot Virus,Low,No,0.452,62.1,36.7,94.2,216.3,6.56,32.7,53.1,52.0,68.2,3.99,25.3824,68.783,15.5
Rice,Loamy,Rainy,High,Rice Blast,Low,No,0.781,82.8,31.6,80.2,260.5,5.52,99.3,48.1,37.9,58.0,3.48,17.6392,86.7291,0.0
Coffee,Sandy,Normal,High,None,Low,No,0.714,42.7,22.1,58.1,120.8,6.71,110.4,25.9,31.0,71.9,5.71,12.4447,69.2408,4.1
Orange,Loamy,Cool,Low,Citrus Canker,Low,No,0.241,39.1,13.7,94.2,110.6,6.54,6.9,9.8,8.7,52.3,4.1,15.7321,78.6247,8.9
Coconut,Sandy,Rainy,High,Root Wilt,Low,No,0.489,47.4,29.4,93.7,191.8,6.04,21.1,12.4,26.2,53.0,3.07,8.443,72.0155,4.0
Blackgram,Sandy,Normal,High,Powdery Mildew,Moderate,Yes,0.422,11.8,33.9,62.2,60.8,7.29,33.3,61.4,15.2,51.1,2.5,16.0481,75.338,3.6
Mungbean,Silty,Normal,High,None,High,Yes,0.339,10.3,29.2,85.1,42.3,6.24,34.8,54.9,23.4,64.8,2.9,20.45,71.1397,4.0
Papaya,Clayey,Rainy,High,Papaya Ring Spot Virus,Low,No,0.677,50.4,38.9,91.5,223.3,6.81,60.4,55.7,50.2,67.7,3.93,10.3621,84.5392,0.0
Chickpea,Loamy,Normal,Low,None,Moderate,Yes,0.392,32.6,26.5,12.5,91.1,8.03,24.7,73.8,77.6,53.6,4.23,19.0133,75.5278,14.6
Maize,Clayey,Cool,High,None,Moderate,Yes,0.564,22.5,18.3,59.8,64.6,5.57,93.8,51.3,23.7,58.1,4.19,24.1948,95.6592,1.9
Apple,Loamy,Normal,High,Apple Scab,Low,No,0.381,30.4,20.0,90.1,100.8,5.61,21.0,140.6,195.3,84.2,4.83,32.4992,81.8339,0.0
Kidneybeans,Silty,Cool,Low,None,Low,No,0.286,54.5,18.0,20.5,135.1,5.96,3.5,69.2,16.1,56.9,5.89,16.5493,91.1649,13.6
Banana,Sandy,Normal,High,None,Moderate,Yes,0.637,27.9,25.0,81.1,99.0,6.04,96.3,74.6,52.3,71.2,4.93,18.9765,72.4182,5.7
Pomegranate,Sandy,Normal,Low,Bacterial Blight,Low,No,0.37,42.9,20.5,87.2,106.6,6.31,15.5,23.8,42.9,55.9,3.97,13.5329,81.2768,7.3
Rice,Sandy,Rainy,High,Rice Blast,Low,No,0.705,73.6,33.9,82.9,292.6,6.74,107.9,49.0,38.7,73.8,3.9,11.7078,77.8503,1.9
Lentil,Clayey,Normal,High,None,High,Yes,0.357,25.0,24.8,67.4,42.2,5.73,34.2,67.7,17.6,58.6,2.47,10.2547,83.352,4.6
Grapes,Silty,Normal,Low,Anthracnose,Moderate,Yes,0.264,20.6,21.0,81.1,68.9,6.22,18.5,137.1,200.3,89.1,4.89,35.8292,75.4328,4.0
Orange,Sandy,Cool,High,Citrus Canker,Low,No,0.232,40.1,14.5,91.5,117.0,6.5,2.1,16.1,7.8,52.8,3.41,34.0655,87.4357,15.2
Pomegranate,Silty,Normal,High,Bacterial Blight,Low,No,0.354,31.5,23.8,91.2,114.6,5.99,26.0,13.6,35.5,56.9,3.02,32.6633,84.1251,3.0
Watermelon,Sandy,Normal,High,Anthracnose,Moderate,Yes,0.644,32.3,21.7,86.3,49.7,6.6,104.1,12.2,54.0,68.2,3.36,13.7626,75.5397,4.1
Mungbean,Silty,Normal,High,Yellow Mosaic Virus,Moderate,Yes,0.262,10.2,29.7,81.3,54.5,7.0,35.5,58.9,15.1,58.9,2.63,33.3139,78.0767,0.0
Mango,Silty,Normal,Medium,None,Moderate,Yes,0.443,20.5,27.6,49.8,87.7,5.15,19.9,24.1,26.4,41.1,3.33,20.7161,79.4763,4.5
Muskmelon,Sandy,Normal,High,None,High,Yes,0.57,10.0,28.1,90.7,21.5,6.35,95.6,24.2,49.3,72.6,3.39,15.9787,78.9133,3.5
Muskmelon,Loamy,Normal,High,None,High,Yes,0.606,22.1,26.3,90.6,24.1,6.03,103.0,21.2,49.8,60.2,2.42,10.4672,85.3772,3.2
Jute,Sandy,Rainy,High,None,Low,No,0.679,50.2,28.8,73.3,155.9,7.4,85.4,58.5,42.3,60.0,4.88,10.0409,86.5437,0.0
Kidneybeans,Silty,Normal,Low,None,Moderate,Yes,0.341,31.8,23.1,16.3,82.5,6.22,4.1,74.8,15.5,55.3,4.17,26.9584,77.084,11.1
Lentil,Clayey,Cool,Medium,None,High,Yes,0.382,22.2,18.4,64.0,41.8,5.65,20.2,70.0,16.2,53.6,2.75,18.294,73.2485,3.1
Mungbean,Sandy,Normal,High,None,Moderate,Yes,0.282,13.5,29.7,83.5,58.2,7.1,34.6,43.7,18.6,55.0,3.55,18.3284,78.2776,4.6
Orange,Loamy,Cool,Low,Citrus Canker,Low,No,0.473,32.1,18.2,92.7,111.7,6.44,30.5,11.9,6.5,57.9,3.85,17.524,78.2533,0.0
Maize,Loamy,Normal,High,Maize Rust,Moderate,Yes,0.536,21.4,23.1,57.5,64.5,5.91,70.9,41.1,17.9,58.2,2.9,25.0349,73.829,6.9
Blackgram,Clayey,Normal,Low,None,Moderate,Yes,0.321,35.7,27.8,67.8,74.0,6.65,22.2,64.8,19.0,65.7,5.09,12.7676,92.9141,14.9
Mothbeans,Sandy,Normal,High,Root Rot,Moderate,Yes,0.314,14.9,31.9,60.8,63.7,5.2,14.1,54.8,15.6,37.4,2.16,25.9799,92.2222,6.8
Watermelon,Clayey,Normal,High,Anthracnose,Moderate,Yes,0.592,27.0,23.9,86.9,58.9,6.8,96.9,7.9,50.3,64.4,2.79,18.5653,88.7183,6.6
Kidneybeans,Silty,Normal,Low,None,Moderate,Yes,0.374,32.5,23.8,16.2,72.4,5.6,25.9,79.9,21.7,52.5,4.54,25.3111,94.2014,0.6
Coffee,Loamy,Rainy,Low,None,Low,No,0.674,51.8,21.6,63.2,161.7,6.14,81.6,35.8,31.1,67.1,6.67,13.8515,82.3325,18.1
Maize,Clayey,Normal,Low,Maize Rust,Moderate,Yes,0.543,31.2,21.8,72.4,69.7,5.87,98.7,48.2,15.2,61.2,3.35,20.9585,85.237,0.0
Chickpea,Clayey,Normal,Low,None,Moderate,Yes,0.436,36.1,21.5,16.9,90.2,7.7,34.6,70.6,75.8,57.2,4.68,29.045,68.7946,4.7
Apple,Silty,Normal,High,Apple Scab,Low,No,0.384,28.9,24.6,92.6,107.1,5.88,14.2,140.1,200.0,87.6,4.8,10.26,92.7179,7.2
Rice,Clayey,Rainy,High,Rice Blast,Low,No,0.676,65.7,39.3,80.5,263.9,7.13,61.0,47.0,44.6,63.3,3.98,11.1353,83.7649,28.2
Watermelon,Sandy,Normal,High,None,High,Yes,0.51,12.4,29.0,86.7,41.6,6.23,110.4,12.2,46.4,64.6,2.38,25.7332,89.5361,1.6
Apple,Silty,Normal,High,Apple Scab,Low,No,0.393,36.1,24.0,93.5,113.2,6.16,29.2,139.3,201.7,86.6,4.68,13.9271,75.7839,0.0
Watermelon,Silty,Normal,High,None,High,Yes,0.506,27.2,29.2,86.3,48.9,6.04,115.8,20.0,45.8,67.7,2.49,35.8625,69.0699,0.0
Coconut,Sandy,Rainy,High,None,Low,No,0.325,47.1,26.6,98.2,187.6,5.53,5.0,26.2,27.0,42.0,3.33,30.1413,91.958,11.5
Orange,Clayey,Cool,High,Citrus Canker,Low,No,0.325,37.3,10.4,92.8,111.1,6.85,28.3,6.0,11.7,53.2,3.21,8.3186,77.1334,0.7
Mothbeans,Clayey,Normal,High,None,Moderate,Yes,0.207,15.4,24.6,48.1,55.4,9.15,10.9,54.2,23.8,19.9,1.33,19.5926,74.8786,8.0
Watermelon,Sandy,Normal,High,None,Moderate,Yes,0.516,13.2,25.9,82.5,59.4,6.17,81.7,9.9,52.7,61.5,3.69,12.6708,81.0408,15.1
Mango,Loamy,Hot & Dry,High,Powdery Mildew,Moderate,Yes,0.38,36.6,31.1,48.0,98.1,6.92,38.2,26.6,28.4,56.1,2.72,29.6448,70.999,0.2
Pomegranate,Sandy,Normal,Medium,Bacterial Blight,Low,No,0.328,41.4,20.6,85.9,106.0,5.86,18.9,29.8,38.8,49.1,3.55,18.4208,76.8593,0.5
Kidneybeans,Loamy,Cool,Low,None,Low,No,0.522,54.4,16.6,21.3,122.8,5.92,37.6,60.2,23.7,53.0,5.24,24.1856,74.9008,4.8
Blackgram,Loamy,Normal,High,Powdery Mildew,Moderate,Yes,0.413,21.5,31.7,69.9,72.0,6.72,38.5,67.7,24.1,65.2,3.11,9.9397,92.2558,5.9
Grapes,Loamy,Cool,Low,Anthracnose,Moderate,Yes,0.229,35.7,10.3,84.0,67.8,5.94,7.9,139.2,202.8,83.3,4.41,25.9893,70.8077,9.7
Coconut,Clayey,Rainy,High,Root Wilt,Low,No,0.526,61.0,29.3,91.0,187.2,6.21,28.2,8.8,27.6,51.8,3.23,29.1625,80.03,0.0
Pomegranate,Silty,Normal,Low,None,Low,No,0.451,37.6,21.0,87.1,110.2,5.76,34.2,28.8,40.5,49.5,4.8,15.7957,77.6512,1.8
Kidneybeans,Silty,Normal,Low,None,Low,No,0.387,40.8,24.1,15.9,134.5,6.49,0.4,78.5,23.9,58.0,5.79,29.5235,79.4727,15.1
Watermelon,Clayey,Normal,High,None,Moderate,Yes,0.446,15.7,27.6,86.3,56.3,6.84,82.9,6.3,54.6,58.5,4.24,23.2256,69.02,12.4
Papaya,Silty,Normal,High,None,Low,No,0.601,52.7,30.4,94.3,147.8,6.91,55.7,42.9,53.9,63.2,5.5,35.5662,93.4374,3.3
Muskmelon,Silty,Normal,High,None,High,Yes,0.546,10.0,25.5,92.2,26.1,6.27,99.5,9.5,53.0,64.8,2.52,19.7077,95.4616,2.2
Blackgram,Loamy,Normal,High,Powdery Mildew,Moderate,Yes,0.369,16.9,34.9,62.1,67.9,6.53,31.6,77.4,19.2,69.1,3.43,24.2989,74.4234,5.7
Coconut,Clayey,Normal,High,None,Low,No,0.408,51.9,29.3,90.4,147.0,5.74,14.8,10.8,27.3,45.3,3.92,18.8806,80.9273,5.7
Coffee,Loamy,Rainy,Low,None,Low,No,0.586,66.6,27.8,67.8,191.1,6.27,86.3,23.1,33.4,60.5,6.47,14.0915,72.0417,15.6
Watermelon,Sandy,Normal,High,None,Moderate,Yes,0.59,24.6,28.8,80.5,58.4,6.76,109.0,19.5,53.7,70.5,4.32,17.5159,88.6243,3.4
Orange,Silty,Normal,High,Citrus Canker,Low,No,0.468,26.3,28.4,91.8,114.0,6.46,38.4,18.3,7.8,57.6,3.59,8.259,95.5955,2.5
Blackgram,Silty,Normal,Medium,None,Moderate,Yes,0.441,23.9,28.3,61.8,66.4,6.95,27.1,68.1,18.6,60.6,4.82,10.6345,71.921,11.5
Apple,Clayey,Normal,High,Apple Scab,Low,No,0.501,33.9,24.0,94.2,108.7,5.93,34.5,132.5,196.4,90.0,4.68,17.6053,78.1746,0.3
Apple,Sandy,Normal,High,Apple Scab,Low,No,0.35,46.7,20.7,94.1,104.3,6.14,15.5,120.3,200.0,87.3,4.69,25.0362,77.6304,4.6
Papaya,Sandy,Normal,High,Phytophthora Blight,Moderate,Yes,0.399,17.0,30.9,90.8,64.4,6.88,33.1,51.1,46.1,59.1,2.43,21.6239,73.2505,17.9
Orange,Silty,Cool,Medium,Citrus Canker,Low,No,0.351,45.0,11.4,94.2,106.8,7.47,39.0,19.5,11.6,48.6,3.33,9.8943,71.0578,4.5
Coconut,Sandy,Rainy,High,Root Wilt,Low,No,0.492,54.8,25.2,94.8,158.5,5.56,26.5,24.4,31.8,42.5,2.19,10.8301,80.9609,4.3
Orange,Loamy,Cool,Low,Citrus Canker,Low,No,0.471,35.9,18.3,92.3,116.7,7.15,28.2,18.4,7.0,46.2,3.41,22.5316,68.1086,3.7
Jute,Clayey,Rainy,Low,Anthracnose,Low,No,0.625,53.8,20.3,72.2,151.5,7.4,80.8,52.6,42.5,63.1,4.68,22.7042,78.4419,0.0
Coffee,Silty,Normal,Medium,None,Low,No,0.6,39.1,25.9,57.8,136.9,6.2,85.6,35.2,26.4,67.3,6.57,25.8711,80.0748,10.4
Watermelon,Sandy,Normal,Medium,Anthracnose,High,Yes,0.478,15.8,22.1,83.3,41.5,6.41,106.0,18.2,47.7,69.9,2.24,8.8177,74.6975,3.5
Banana,Sandy,Normal,High,None,Moderate,Yes,0.486,28.7,29.1,77.6,91.3,6.23,89.1,72.3,45.6,69.3,4.76,33.9983,96.9616,12.8
Chickpea,Silty,Cool,Low,None,Moderate,Yes,0.327,37.8,16.3,18.2,85.5,5.81,29.6,70.6,76.2,57.6,4.36,33.5254,71.0787,12.5
Apple,Sandy,Normal,High,Apple Scab,Low,No,0.348,40.2,21.3,91.4,113.0,5.63,29.1,132.2,199.4,78.5,4.24,27.9174,87.7903,3.0
Maize,Silty,Normal,Medium,None,Low,No,0.511,39.8,24.5,68.2,106.9,6.42,70.7,35.5,23.8,60.2,5.9,15.3331,81.6013,11.3
Apple,Clayey,Normal,High,Apple Scab,Low,No,0.268,36.4,23.0,90.3,105.6,5.72,15.4,128.2,203.6,77.3,4.14,21.1848,71.3724,2.7
Pigeonpeas,Clayey,Normal,Medium,Sterility Mosaic,Low,No,0.372,43.8,23.0,61.1,148.0,6.8,37.4,62.5,22.9,61.2,4.66,27.6408,68.1145,0.0
Orange,Silty,Cool,Low,Citrus Canker,Low,No,0.449,42.7,15.1,92.1,119.2,7.36,24.4,15.9,7.2,42.4,2.7,35.2685,96.4068,1.3
Mango,Silty,Normal,Medium,None,Low,No,0.329,24.3,29.5,46.7,100.8,6.47,29.7,16.9,25.9,60.8,5.86,14.9044,82.3101,0.3
Watermelon,Sandy,Normal,High,None,High,Yes,0.512,24.9,27.1,85.9,45.5,6.85,94.7,23.8,51.7,70.5,2.61,21.1382,79.6143,4.1
Mango,Loamy,Normal,Low,Powdery Mildew,Low,No,0.377,28.2,31.0,54.9,101.4,6.73,32.8,36.3,29.7,61.3,4.11,24.92,87.2292,3.0
Grapes,Silty,Normal,High,Powdery Mildew,Moderate,Yes,0.356,19.6,39.9,83.2,66.5,5.8,20.3,120.6,195.7,80.0,3.38,12.8437,87.4628,1.6
Blackgram,Silty,Normal,High,Powdery Mildew,Moderate,Yes,0.323,26.4,33.8,67.7,63.5,6.53,22.9,72.2,22.1,64.0,2.92,14.7899,79.2706,13.6
Cotton,Clayey,Normal,High,Bacterial Blight,Moderate,Yes,0.653,24.1,21.3,80.7,83.6,6.48,139.1,53.7,17.4,75.0,3.34,17.179,80.049,2.2
Blackgram,Loamy,Normal,High,Powdery Mildew,Moderate,Yes,0.407,20.0,33.9,67.5,72.1,7.37,22.7,75.1,23.3,49.6,2.3,33.8023,75.048,12.6
Lentil,Clayey,Normal,High,Rust,High,Yes,0.314,11.2,28.7,60.7,35.3,6.16,26.0,71.8,19.1,59.5,1.96,12.6969,91.5711,1.5
